ISO-10303-21;
HEADER;
/* Generated by software containing ST-Developer
 * from STEP Tools, Inc. (www.steptools.com) 
 */

FILE_DESCRIPTION(
/* description */ ('KiCad electronic assembly'),
/* implementation_level */ '2;1');

FILE_NAME(
/* name */ 'Kushu''s micropad.step',
/* time_stamp */ '2026-01-11T17:51:26+05:30',
/* author */ (''),
/* organization */ (''),
/* preprocessor_version */ 'ST-DEVELOPER v20.1',
/* originating_system */ 'Autodesk Translation Framework v14.10.0.0',
/* authorisation */ '');

FILE_SCHEMA (('AUTOMOTIVE_DESIGN { 1 0 10303 214 3 1 1 }'));
ENDSEC;

DATA;
#10=MECHANICAL_DESIGN_GEOMETRIC_PRESENTATION_REPRESENTATION('',(#23,#24),
#15022);
#11=ITEM_DEFINED_TRANSFORMATION($,$,#7672,#7901);
#12=ITEM_DEFINED_TRANSFORMATION($,$,#7836,#7902);
#13=(
REPRESENTATION_RELATIONSHIP($,$,#15036,#15035)
REPRESENTATION_RELATIONSHIP_WITH_TRANSFORMATION(#11)
SHAPE_REPRESENTATION_RELATIONSHIP()
);
#14=(
REPRESENTATION_RELATIONSHIP($,$,#15037,#15035)
REPRESENTATION_RELATIONSHIP_WITH_TRANSFORMATION(#12)
SHAPE_REPRESENTATION_RELATIONSHIP()
);
#15=CONTEXT_DEPENDENT_SHAPE_REPRESENTATION(#13,#15033);
#16=CONTEXT_DEPENDENT_SHAPE_REPRESENTATION(#14,#15034);
#17=NEXT_ASSEMBLY_USAGE_OCCURRENCE('case:1','case:1','case:1',#15039,#15040,
'case:1');
#18=NEXT_ASSEMBLY_USAGE_OCCURRENCE('top plate of ma shi:1',
'top plate of ma shi:1','top plate of ma shi:1',#15039,#15041,
'top plate of ma shi:1');
#19=SHAPE_REPRESENTATION_RELATIONSHIP('SRR','None',#15036,#21);
#20=SHAPE_REPRESENTATION_RELATIONSHIP('SRR','None',#15037,#22);
#21=ADVANCED_BREP_SHAPE_REPRESENTATION('',(#25),#15020);
#22=ADVANCED_BREP_SHAPE_REPRESENTATION('',(#26),#15021);
#23=STYLED_ITEM('',(#15054),#25);
#24=STYLED_ITEM('',(#15055),#26);
#25=MANIFOLD_SOLID_BREP('Body1',#7646);
#26=MANIFOLD_SOLID_BREP('Body1',#7647);
#27=CYLINDRICAL_SURFACE('',#7788,5.);
#28=CYLINDRICAL_SURFACE('',#7799,5.);
#29=CYLINDRICAL_SURFACE('',#7801,5.);
#30=CYLINDRICAL_SURFACE('',#7803,5.);
#31=CYLINDRICAL_SURFACE('',#7812,2.99999999999999);
#32=CYLINDRICAL_SURFACE('',#7814,3.00000000000001);
#33=CYLINDRICAL_SURFACE('',#7816,3.00000000000001);
#34=CYLINDRICAL_SURFACE('',#7818,3.00000000000001);
#35=CYLINDRICAL_SURFACE('',#7824,1.7);
#36=CYLINDRICAL_SURFACE('',#7827,1.70000000000002);
#37=CYLINDRICAL_SURFACE('',#7830,1.69999999999998);
#38=CYLINDRICAL_SURFACE('',#7833,1.7);
#39=CYLINDRICAL_SURFACE('',#7837,5.);
#40=CYLINDRICAL_SURFACE('',#7851,5.);
#41=CYLINDRICAL_SURFACE('',#7854,5.);
#42=CYLINDRICAL_SURFACE('',#7856,5.);
#43=CYLINDRICAL_SURFACE('',#7863,3.5);
#44=CYLINDRICAL_SURFACE('',#7865,3.50000000000001);
#45=CYLINDRICAL_SURFACE('',#7891,1.7);
#46=CYLINDRICAL_SURFACE('',#7893,1.7);
#47=CYLINDRICAL_SURFACE('',#7895,1.7);
#48=CYLINDRICAL_SURFACE('',#7897,1.7);
#49=CIRCLE('',#7777,5.);
#50=CIRCLE('',#7778,5.);
#51=CIRCLE('',#7779,5.);
#52=CIRCLE('',#7780,5.);
#53=CIRCLE('',#7781,2.99999999999999);
#54=CIRCLE('',#7782,3.00000000000001);
#55=CIRCLE('',#7783,3.00000000000001);
#56=CIRCLE('',#7784,3.00000000000001);
#57=CIRCLE('',#7789,5.);
#58=CIRCLE('',#7792,5.);
#59=CIRCLE('',#7793,5.);
#60=CIRCLE('',#7794,5.);
#61=CIRCLE('',#7795,1.7);
#62=CIRCLE('',#7796,1.70000000000002);
#63=CIRCLE('',#7797,1.7);
#64=CIRCLE('',#7798,1.69999999999998);
#65=CIRCLE('',#7813,2.99999999999999);
#66=CIRCLE('',#7815,3.00000000000001);
#67=CIRCLE('',#7817,3.00000000000001);
#68=CIRCLE('',#7819,3.00000000000001);
#69=CIRCLE('',#7825,1.7);
#70=CIRCLE('',#7828,1.70000000000002);
#71=CIRCLE('',#7831,1.69999999999998);
#72=CIRCLE('',#7834,1.7);
#73=CIRCLE('',#7838,5.);
#74=CIRCLE('',#7839,5.);
#75=CIRCLE('',#7842,5.);
#76=CIRCLE('',#7843,5.);
#77=CIRCLE('',#7844,5.);
#78=CIRCLE('',#7845,3.5);
#79=CIRCLE('',#7846,3.50000000000001);
#80=CIRCLE('',#7847,1.7);
#81=CIRCLE('',#7848,1.7);
#82=CIRCLE('',#7849,1.7);
#83=CIRCLE('',#7850,1.7);
#84=CIRCLE('',#7852,5.);
#85=CIRCLE('',#7855,5.);
#86=CIRCLE('',#7857,5.);
#87=CIRCLE('',#7864,3.5);
#88=CIRCLE('',#7866,3.50000000000001);
#89=CIRCLE('',#7892,1.7);
#90=CIRCLE('',#7894,1.7);
#91=CIRCLE('',#7896,1.7);
#92=CIRCLE('',#7898,1.7);
#93=FACE_BOUND('',#753,.T.);
#94=FACE_BOUND('',#772,.T.);
#95=FACE_BOUND('',#1016,.T.);
#96=FACE_BOUND('',#1040,.T.);
#97=FACE_BOUND('',#1042,.T.);
#98=FACE_BOUND('',#1043,.T.);
#99=FACE_BOUND('',#1044,.T.);
#100=FACE_BOUND('',#1045,.T.);
#101=FACE_BOUND('',#1046,.T.);
#102=FACE_BOUND('',#1047,.T.);
#103=FACE_BOUND('',#1048,.T.);
#104=FACE_BOUND('',#1049,.T.);
#105=FACE_BOUND('',#1050,.T.);
#106=FACE_BOUND('',#1051,.T.);
#107=FACE_BOUND('',#1052,.T.);
#108=FACE_BOUND('',#1053,.T.);
#109=FACE_BOUND('',#1054,.T.);
#110=FACE_BOUND('',#1055,.T.);
#111=FACE_BOUND('',#1056,.T.);
#112=FACE_BOUND('',#1057,.T.);
#113=FACE_BOUND('',#1058,.T.);
#114=FACE_BOUND('',#1059,.T.);
#115=FACE_BOUND('',#1060,.T.);
#116=FACE_BOUND('',#1061,.T.);
#117=FACE_BOUND('',#1062,.T.);
#118=FACE_BOUND('',#1069,.T.);
#119=FACE_BOUND('',#1070,.T.);
#120=FACE_BOUND('',#1071,.T.);
#121=FACE_BOUND('',#1072,.T.);
#122=FACE_BOUND('',#1096,.T.);
#123=FACE_BOUND('',#1099,.T.);
#124=FACE_BOUND('',#1102,.T.);
#125=FACE_BOUND('',#1105,.T.);
#126=FACE_BOUND('',#1109,.T.);
#127=FACE_BOUND('',#1110,.T.);
#128=FACE_BOUND('',#1111,.T.);
#129=FACE_BOUND('',#1112,.T.);
#130=FACE_BOUND('',#1113,.T.);
#131=FACE_BOUND('',#1114,.T.);
#132=FACE_BOUND('',#1115,.T.);
#133=FACE_BOUND('',#1116,.T.);
#134=FACE_BOUND('',#1117,.T.);
#135=FACE_BOUND('',#1118,.T.);
#136=FACE_BOUND('',#1119,.T.);
#137=FACE_BOUND('',#1120,.T.);
#138=FACE_BOUND('',#1121,.T.);
#139=FACE_BOUND('',#1163,.T.);
#140=FACE_BOUND('',#1164,.T.);
#141=FACE_BOUND('',#1165,.T.);
#142=FACE_BOUND('',#1166,.T.);
#143=FACE_BOUND('',#1167,.T.);
#144=FACE_BOUND('',#1168,.T.);
#145=FACE_BOUND('',#1169,.T.);
#146=FACE_BOUND('',#1170,.T.);
#147=FACE_BOUND('',#1171,.T.);
#148=FACE_BOUND('',#1172,.T.);
#149=FACE_BOUND('',#1173,.T.);
#150=FACE_BOUND('',#1174,.T.);
#151=FACE_BOUND('',#1175,.T.);
#152=PLANE('',#7673);
#153=PLANE('',#7674);
#154=PLANE('',#7675);
#155=PLANE('',#7676);
#156=PLANE('',#7677);
#157=PLANE('',#7678);
#158=PLANE('',#7679);
#159=PLANE('',#7680);
#160=PLANE('',#7681);
#161=PLANE('',#7682);
#162=PLANE('',#7683);
#163=PLANE('',#7684);
#164=PLANE('',#7685);
#165=PLANE('',#7686);
#166=PLANE('',#7687);
#167=PLANE('',#7688);
#168=PLANE('',#7689);
#169=PLANE('',#7690);
#170=PLANE('',#7691);
#171=PLANE('',#7692);
#172=PLANE('',#7693);
#173=PLANE('',#7694);
#174=PLANE('',#7695);
#175=PLANE('',#7696);
#176=PLANE('',#7697);
#177=PLANE('',#7698);
#178=PLANE('',#7699);
#179=PLANE('',#7700);
#180=PLANE('',#7701);
#181=PLANE('',#7702);
#182=PLANE('',#7703);
#183=PLANE('',#7704);
#184=PLANE('',#7705);
#185=PLANE('',#7706);
#186=PLANE('',#7707);
#187=PLANE('',#7708);
#188=PLANE('',#7709);
#189=PLANE('',#7710);
#190=PLANE('',#7711);
#191=PLANE('',#7712);
#192=PLANE('',#7713);
#193=PLANE('',#7714);
#194=PLANE('',#7715);
#195=PLANE('',#7716);
#196=PLANE('',#7717);
#197=PLANE('',#7718);
#198=PLANE('',#7719);
#199=PLANE('',#7720);
#200=PLANE('',#7721);
#201=PLANE('',#7722);
#202=PLANE('',#7723);
#203=PLANE('',#7724);
#204=PLANE('',#7725);
#205=PLANE('',#7726);
#206=PLANE('',#7727);
#207=PLANE('',#7728);
#208=PLANE('',#7729);
#209=PLANE('',#7730);
#210=PLANE('',#7731);
#211=PLANE('',#7732);
#212=PLANE('',#7733);
#213=PLANE('',#7734);
#214=PLANE('',#7735);
#215=PLANE('',#7736);
#216=PLANE('',#7737);
#217=PLANE('',#7738);
#218=PLANE('',#7739);
#219=PLANE('',#7740);
#220=PLANE('',#7741);
#221=PLANE('',#7742);
#222=PLANE('',#7743);
#223=PLANE('',#7744);
#224=PLANE('',#7745);
#225=PLANE('',#7746);
#226=PLANE('',#7747);
#227=PLANE('',#7748);
#228=PLANE('',#7749);
#229=PLANE('',#7750);
#230=PLANE('',#7751);
#231=PLANE('',#7752);
#232=PLANE('',#7753);
#233=PLANE('',#7754);
#234=PLANE('',#7755);
#235=PLANE('',#7756);
#236=PLANE('',#7757);
#237=PLANE('',#7758);
#238=PLANE('',#7759);
#239=PLANE('',#7760);
#240=PLANE('',#7761);
#241=PLANE('',#7762);
#242=PLANE('',#7763);
#243=PLANE('',#7764);
#244=PLANE('',#7765);
#245=PLANE('',#7766);
#246=PLANE('',#7767);
#247=PLANE('',#7768);
#248=PLANE('',#7769);
#249=PLANE('',#7770);
#250=PLANE('',#7771);
#251=PLANE('',#7772);
#252=PLANE('',#7773);
#253=PLANE('',#7774);
#254=PLANE('',#7775);
#255=PLANE('',#7776);
#256=PLANE('',#7785);
#257=PLANE('',#7786);
#258=PLANE('',#7787);
#259=PLANE('',#7790);
#260=PLANE('',#7791);
#261=PLANE('',#7800);
#262=PLANE('',#7802);
#263=PLANE('',#7804);
#264=PLANE('',#7805);
#265=PLANE('',#7806);
#266=PLANE('',#7807);
#267=PLANE('',#7808);
#268=PLANE('',#7809);
#269=PLANE('',#7810);
#270=PLANE('',#7811);
#271=PLANE('',#7820);
#272=PLANE('',#7821);
#273=PLANE('',#7822);
#274=PLANE('',#7823);
#275=PLANE('',#7826);
#276=PLANE('',#7829);
#277=PLANE('',#7832);
#278=PLANE('',#7835);
#279=PLANE('',#7840);
#280=PLANE('',#7841);
#281=PLANE('',#7853);
#282=PLANE('',#7858);
#283=PLANE('',#7859);
#284=PLANE('',#7860);
#285=PLANE('',#7861);
#286=PLANE('',#7862);
#287=PLANE('',#7867);
#288=PLANE('',#7868);
#289=PLANE('',#7869);
#290=PLANE('',#7870);
#291=PLANE('',#7871);
#292=PLANE('',#7872);
#293=PLANE('',#7873);
#294=PLANE('',#7874);
#295=PLANE('',#7875);
#296=PLANE('',#7876);
#297=PLANE('',#7877);
#298=PLANE('',#7878);
#299=PLANE('',#7879);
#300=PLANE('',#7880);
#301=PLANE('',#7881);
#302=PLANE('',#7882);
#303=PLANE('',#7883);
#304=PLANE('',#7884);
#305=PLANE('',#7885);
#306=PLANE('',#7886);
#307=PLANE('',#7887);
#308=PLANE('',#7888);
#309=PLANE('',#7889);
#310=PLANE('',#7890);
#311=PLANE('',#7899);
#312=PLANE('',#7900);
#313=FACE_OUTER_BOUND('',#715,.T.);
#314=FACE_OUTER_BOUND('',#716,.T.);
#315=FACE_OUTER_BOUND('',#717,.T.);
#316=FACE_OUTER_BOUND('',#718,.T.);
#317=FACE_OUTER_BOUND('',#719,.T.);
#318=FACE_OUTER_BOUND('',#720,.T.);
#319=FACE_OUTER_BOUND('',#721,.T.);
#320=FACE_OUTER_BOUND('',#722,.T.);
#321=FACE_OUTER_BOUND('',#723,.T.);
#322=FACE_OUTER_BOUND('',#724,.T.);
#323=FACE_OUTER_BOUND('',#725,.T.);
#324=FACE_OUTER_BOUND('',#726,.T.);
#325=FACE_OUTER_BOUND('',#727,.T.);
#326=FACE_OUTER_BOUND('',#728,.T.);
#327=FACE_OUTER_BOUND('',#729,.T.);
#328=FACE_OUTER_BOUND('',#730,.T.);
#329=FACE_OUTER_BOUND('',#731,.T.);
#330=FACE_OUTER_BOUND('',#732,.T.);
#331=FACE_OUTER_BOUND('',#733,.T.);
#332=FACE_OUTER_BOUND('',#734,.T.);
#333=FACE_OUTER_BOUND('',#735,.T.);
#334=FACE_OUTER_BOUND('',#736,.T.);
#335=FACE_OUTER_BOUND('',#737,.T.);
#336=FACE_OUTER_BOUND('',#738,.T.);
#337=FACE_OUTER_BOUND('',#739,.T.);
#338=FACE_OUTER_BOUND('',#740,.T.);
#339=FACE_OUTER_BOUND('',#741,.T.);
#340=FACE_OUTER_BOUND('',#742,.T.);
#341=FACE_OUTER_BOUND('',#743,.T.);
#342=FACE_OUTER_BOUND('',#744,.T.);
#343=FACE_OUTER_BOUND('',#745,.T.);
#344=FACE_OUTER_BOUND('',#746,.T.);
#345=FACE_OUTER_BOUND('',#747,.T.);
#346=FACE_OUTER_BOUND('',#748,.T.);
#347=FACE_OUTER_BOUND('',#749,.T.);
#348=FACE_OUTER_BOUND('',#750,.T.);
#349=FACE_OUTER_BOUND('',#751,.T.);
#350=FACE_OUTER_BOUND('',#752,.T.);
#351=FACE_OUTER_BOUND('',#754,.T.);
#352=FACE_OUTER_BOUND('',#755,.T.);
#353=FACE_OUTER_BOUND('',#756,.T.);
#354=FACE_OUTER_BOUND('',#757,.T.);
#355=FACE_OUTER_BOUND('',#758,.T.);
#356=FACE_OUTER_BOUND('',#759,.T.);
#357=FACE_OUTER_BOUND('',#760,.T.);
#358=FACE_OUTER_BOUND('',#761,.T.);
#359=FACE_OUTER_BOUND('',#762,.T.);
#360=FACE_OUTER_BOUND('',#763,.T.);
#361=FACE_OUTER_BOUND('',#764,.T.);
#362=FACE_OUTER_BOUND('',#765,.T.);
#363=FACE_OUTER_BOUND('',#766,.T.);
#364=FACE_OUTER_BOUND('',#767,.T.);
#365=FACE_OUTER_BOUND('',#768,.T.);
#366=FACE_OUTER_BOUND('',#769,.T.);
#367=FACE_OUTER_BOUND('',#770,.T.);
#368=FACE_OUTER_BOUND('',#771,.T.);
#369=FACE_OUTER_BOUND('',#773,.T.);
#370=FACE_OUTER_BOUND('',#774,.T.);
#371=FACE_OUTER_BOUND('',#775,.T.);
#372=FACE_OUTER_BOUND('',#776,.T.);
#373=FACE_OUTER_BOUND('',#777,.T.);
#374=FACE_OUTER_BOUND('',#778,.T.);
#375=FACE_OUTER_BOUND('',#779,.T.);
#376=FACE_OUTER_BOUND('',#780,.T.);
#377=FACE_OUTER_BOUND('',#781,.T.);
#378=FACE_OUTER_BOUND('',#782,.T.);
#379=FACE_OUTER_BOUND('',#783,.T.);
#380=FACE_OUTER_BOUND('',#784,.T.);
#381=FACE_OUTER_BOUND('',#785,.T.);
#382=FACE_OUTER_BOUND('',#786,.T.);
#383=FACE_OUTER_BOUND('',#787,.T.);
#384=FACE_OUTER_BOUND('',#788,.T.);
#385=FACE_OUTER_BOUND('',#789,.T.);
#386=FACE_OUTER_BOUND('',#790,.T.);
#387=FACE_OUTER_BOUND('',#791,.T.);
#388=FACE_OUTER_BOUND('',#792,.T.);
#389=FACE_OUTER_BOUND('',#793,.T.);
#390=FACE_OUTER_BOUND('',#794,.T.);
#391=FACE_OUTER_BOUND('',#795,.T.);
#392=FACE_OUTER_BOUND('',#796,.T.);
#393=FACE_OUTER_BOUND('',#797,.T.);
#394=FACE_OUTER_BOUND('',#798,.T.);
#395=FACE_OUTER_BOUND('',#799,.T.);
#396=FACE_OUTER_BOUND('',#800,.T.);
#397=FACE_OUTER_BOUND('',#801,.T.);
#398=FACE_OUTER_BOUND('',#802,.T.);
#399=FACE_OUTER_BOUND('',#803,.T.);
#400=FACE_OUTER_BOUND('',#804,.T.);
#401=FACE_OUTER_BOUND('',#805,.T.);
#402=FACE_OUTER_BOUND('',#806,.T.);
#403=FACE_OUTER_BOUND('',#807,.T.);
#404=FACE_OUTER_BOUND('',#808,.T.);
#405=FACE_OUTER_BOUND('',#809,.T.);
#406=FACE_OUTER_BOUND('',#810,.T.);
#407=FACE_OUTER_BOUND('',#811,.T.);
#408=FACE_OUTER_BOUND('',#812,.T.);
#409=FACE_OUTER_BOUND('',#813,.T.);
#410=FACE_OUTER_BOUND('',#814,.T.);
#411=FACE_OUTER_BOUND('',#815,.T.);
#412=FACE_OUTER_BOUND('',#816,.T.);
#413=FACE_OUTER_BOUND('',#817,.T.);
#414=FACE_OUTER_BOUND('',#818,.T.);
#415=FACE_OUTER_BOUND('',#819,.T.);
#416=FACE_OUTER_BOUND('',#820,.T.);
#417=FACE_OUTER_BOUND('',#821,.T.);
#418=FACE_OUTER_BOUND('',#822,.T.);
#419=FACE_OUTER_BOUND('',#823,.T.);
#420=FACE_OUTER_BOUND('',#824,.T.);
#421=FACE_OUTER_BOUND('',#825,.T.);
#422=FACE_OUTER_BOUND('',#826,.T.);
#423=FACE_OUTER_BOUND('',#827,.T.);
#424=FACE_OUTER_BOUND('',#828,.T.);
#425=FACE_OUTER_BOUND('',#829,.T.);
#426=FACE_OUTER_BOUND('',#830,.T.);
#427=FACE_OUTER_BOUND('',#831,.T.);
#428=FACE_OUTER_BOUND('',#832,.T.);
#429=FACE_OUTER_BOUND('',#833,.T.);
#430=FACE_OUTER_BOUND('',#834,.T.);
#431=FACE_OUTER_BOUND('',#835,.T.);
#432=FACE_OUTER_BOUND('',#836,.T.);
#433=FACE_OUTER_BOUND('',#837,.T.);
#434=FACE_OUTER_BOUND('',#838,.T.);
#435=FACE_OUTER_BOUND('',#839,.T.);
#436=FACE_OUTER_BOUND('',#840,.T.);
#437=FACE_OUTER_BOUND('',#841,.T.);
#438=FACE_OUTER_BOUND('',#842,.T.);
#439=FACE_OUTER_BOUND('',#843,.T.);
#440=FACE_OUTER_BOUND('',#844,.T.);
#441=FACE_OUTER_BOUND('',#845,.T.);
#442=FACE_OUTER_BOUND('',#846,.T.);
#443=FACE_OUTER_BOUND('',#847,.T.);
#444=FACE_OUTER_BOUND('',#848,.T.);
#445=FACE_OUTER_BOUND('',#849,.T.);
#446=FACE_OUTER_BOUND('',#850,.T.);
#447=FACE_OUTER_BOUND('',#851,.T.);
#448=FACE_OUTER_BOUND('',#852,.T.);
#449=FACE_OUTER_BOUND('',#853,.T.);
#450=FACE_OUTER_BOUND('',#854,.T.);
#451=FACE_OUTER_BOUND('',#855,.T.);
#452=FACE_OUTER_BOUND('',#856,.T.);
#453=FACE_OUTER_BOUND('',#857,.T.);
#454=FACE_OUTER_BOUND('',#858,.T.);
#455=FACE_OUTER_BOUND('',#859,.T.);
#456=FACE_OUTER_BOUND('',#860,.T.);
#457=FACE_OUTER_BOUND('',#861,.T.);
#458=FACE_OUTER_BOUND('',#862,.T.);
#459=FACE_OUTER_BOUND('',#863,.T.);
#460=FACE_OUTER_BOUND('',#864,.T.);
#461=FACE_OUTER_BOUND('',#865,.T.);
#462=FACE_OUTER_BOUND('',#866,.T.);
#463=FACE_OUTER_BOUND('',#867,.T.);
#464=FACE_OUTER_BOUND('',#868,.T.);
#465=FACE_OUTER_BOUND('',#869,.T.);
#466=FACE_OUTER_BOUND('',#870,.T.);
#467=FACE_OUTER_BOUND('',#871,.T.);
#468=FACE_OUTER_BOUND('',#872,.T.);
#469=FACE_OUTER_BOUND('',#873,.T.);
#470=FACE_OUTER_BOUND('',#874,.T.);
#471=FACE_OUTER_BOUND('',#875,.T.);
#472=FACE_OUTER_BOUND('',#876,.T.);
#473=FACE_OUTER_BOUND('',#877,.T.);
#474=FACE_OUTER_BOUND('',#878,.T.);
#475=FACE_OUTER_BOUND('',#879,.T.);
#476=FACE_OUTER_BOUND('',#880,.T.);
#477=FACE_OUTER_BOUND('',#881,.T.);
#478=FACE_OUTER_BOUND('',#882,.T.);
#479=FACE_OUTER_BOUND('',#883,.T.);
#480=FACE_OUTER_BOUND('',#884,.T.);
#481=FACE_OUTER_BOUND('',#885,.T.);
#482=FACE_OUTER_BOUND('',#886,.T.);
#483=FACE_OUTER_BOUND('',#887,.T.);
#484=FACE_OUTER_BOUND('',#888,.T.);
#485=FACE_OUTER_BOUND('',#889,.T.);
#486=FACE_OUTER_BOUND('',#890,.T.);
#487=FACE_OUTER_BOUND('',#891,.T.);
#488=FACE_OUTER_BOUND('',#892,.T.);
#489=FACE_OUTER_BOUND('',#893,.T.);
#490=FACE_OUTER_BOUND('',#894,.T.);
#491=FACE_OUTER_BOUND('',#895,.T.);
#492=FACE_OUTER_BOUND('',#896,.T.);
#493=FACE_OUTER_BOUND('',#897,.T.);
#494=FACE_OUTER_BOUND('',#898,.T.);
#495=FACE_OUTER_BOUND('',#899,.T.);
#496=FACE_OUTER_BOUND('',#900,.T.);
#497=FACE_OUTER_BOUND('',#901,.T.);
#498=FACE_OUTER_BOUND('',#902,.T.);
#499=FACE_OUTER_BOUND('',#903,.T.);
#500=FACE_OUTER_BOUND('',#904,.T.);
#501=FACE_OUTER_BOUND('',#905,.T.);
#502=FACE_OUTER_BOUND('',#906,.T.);
#503=FACE_OUTER_BOUND('',#907,.T.);
#504=FACE_OUTER_BOUND('',#908,.T.);
#505=FACE_OUTER_BOUND('',#909,.T.);
#506=FACE_OUTER_BOUND('',#910,.T.);
#507=FACE_OUTER_BOUND('',#911,.T.);
#508=FACE_OUTER_BOUND('',#912,.T.);
#509=FACE_OUTER_BOUND('',#913,.T.);
#510=FACE_OUTER_BOUND('',#914,.T.);
#511=FACE_OUTER_BOUND('',#915,.T.);
#512=FACE_OUTER_BOUND('',#916,.T.);
#513=FACE_OUTER_BOUND('',#917,.T.);
#514=FACE_OUTER_BOUND('',#918,.T.);
#515=FACE_OUTER_BOUND('',#919,.T.);
#516=FACE_OUTER_BOUND('',#920,.T.);
#517=FACE_OUTER_BOUND('',#921,.T.);
#518=FACE_OUTER_BOUND('',#922,.T.);
#519=FACE_OUTER_BOUND('',#923,.T.);
#520=FACE_OUTER_BOUND('',#924,.T.);
#521=FACE_OUTER_BOUND('',#925,.T.);
#522=FACE_OUTER_BOUND('',#926,.T.);
#523=FACE_OUTER_BOUND('',#927,.T.);
#524=FACE_OUTER_BOUND('',#928,.T.);
#525=FACE_OUTER_BOUND('',#929,.T.);
#526=FACE_OUTER_BOUND('',#930,.T.);
#527=FACE_OUTER_BOUND('',#931,.T.);
#528=FACE_OUTER_BOUND('',#932,.T.);
#529=FACE_OUTER_BOUND('',#933,.T.);
#530=FACE_OUTER_BOUND('',#934,.T.);
#531=FACE_OUTER_BOUND('',#935,.T.);
#532=FACE_OUTER_BOUND('',#936,.T.);
#533=FACE_OUTER_BOUND('',#937,.T.);
#534=FACE_OUTER_BOUND('',#938,.T.);
#535=FACE_OUTER_BOUND('',#939,.T.);
#536=FACE_OUTER_BOUND('',#940,.T.);
#537=FACE_OUTER_BOUND('',#941,.T.);
#538=FACE_OUTER_BOUND('',#942,.T.);
#539=FACE_OUTER_BOUND('',#943,.T.);
#540=FACE_OUTER_BOUND('',#944,.T.);
#541=FACE_OUTER_BOUND('',#945,.T.);
#542=FACE_OUTER_BOUND('',#946,.T.);
#543=FACE_OUTER_BOUND('',#947,.T.);
#544=FACE_OUTER_BOUND('',#948,.T.);
#545=FACE_OUTER_BOUND('',#949,.T.);
#546=FACE_OUTER_BOUND('',#950,.T.);
#547=FACE_OUTER_BOUND('',#951,.T.);
#548=FACE_OUTER_BOUND('',#952,.T.);
#549=FACE_OUTER_BOUND('',#953,.T.);
#550=FACE_OUTER_BOUND('',#954,.T.);
#551=FACE_OUTER_BOUND('',#955,.T.);
#552=FACE_OUTER_BOUND('',#956,.T.);
#553=FACE_OUTER_BOUND('',#957,.T.);
#554=FACE_OUTER_BOUND('',#958,.T.);
#555=FACE_OUTER_BOUND('',#959,.T.);
#556=FACE_OUTER_BOUND('',#960,.T.);
#557=FACE_OUTER_BOUND('',#961,.T.);
#558=FACE_OUTER_BOUND('',#962,.T.);
#559=FACE_OUTER_BOUND('',#963,.T.);
#560=FACE_OUTER_BOUND('',#964,.T.);
#561=FACE_OUTER_BOUND('',#965,.T.);
#562=FACE_OUTER_BOUND('',#966,.T.);
#563=FACE_OUTER_BOUND('',#967,.T.);
#564=FACE_OUTER_BOUND('',#968,.T.);
#565=FACE_OUTER_BOUND('',#969,.T.);
#566=FACE_OUTER_BOUND('',#970,.T.);
#567=FACE_OUTER_BOUND('',#971,.T.);
#568=FACE_OUTER_BOUND('',#972,.T.);
#569=FACE_OUTER_BOUND('',#973,.T.);
#570=FACE_OUTER_BOUND('',#974,.T.);
#571=FACE_OUTER_BOUND('',#975,.T.);
#572=FACE_OUTER_BOUND('',#976,.T.);
#573=FACE_OUTER_BOUND('',#977,.T.);
#574=FACE_OUTER_BOUND('',#978,.T.);
#575=FACE_OUTER_BOUND('',#979,.T.);
#576=FACE_OUTER_BOUND('',#980,.T.);
#577=FACE_OUTER_BOUND('',#981,.T.);
#578=FACE_OUTER_BOUND('',#982,.T.);
#579=FACE_OUTER_BOUND('',#983,.T.);
#580=FACE_OUTER_BOUND('',#984,.T.);
#581=FACE_OUTER_BOUND('',#985,.T.);
#582=FACE_OUTER_BOUND('',#986,.T.);
#583=FACE_OUTER_BOUND('',#987,.T.);
#584=FACE_OUTER_BOUND('',#988,.T.);
#585=FACE_OUTER_BOUND('',#989,.T.);
#586=FACE_OUTER_BOUND('',#990,.T.);
#587=FACE_OUTER_BOUND('',#991,.T.);
#588=FACE_OUTER_BOUND('',#992,.T.);
#589=FACE_OUTER_BOUND('',#993,.T.);
#590=FACE_OUTER_BOUND('',#994,.T.);
#591=FACE_OUTER_BOUND('',#995,.T.);
#592=FACE_OUTER_BOUND('',#996,.T.);
#593=FACE_OUTER_BOUND('',#997,.T.);
#594=FACE_OUTER_BOUND('',#998,.T.);
#595=FACE_OUTER_BOUND('',#999,.T.);
#596=FACE_OUTER_BOUND('',#1000,.T.);
#597=FACE_OUTER_BOUND('',#1001,.T.);
#598=FACE_OUTER_BOUND('',#1002,.T.);
#599=FACE_OUTER_BOUND('',#1003,.T.);
#600=FACE_OUTER_BOUND('',#1004,.T.);
#601=FACE_OUTER_BOUND('',#1005,.T.);
#602=FACE_OUTER_BOUND('',#1006,.T.);
#603=FACE_OUTER_BOUND('',#1007,.T.);
#604=FACE_OUTER_BOUND('',#1008,.T.);
#605=FACE_OUTER_BOUND('',#1009,.T.);
#606=FACE_OUTER_BOUND('',#1010,.T.);
#607=FACE_OUTER_BOUND('',#1011,.T.);
#608=FACE_OUTER_BOUND('',#1012,.T.);
#609=FACE_OUTER_BOUND('',#1013,.T.);
#610=FACE_OUTER_BOUND('',#1014,.T.);
#611=FACE_OUTER_BOUND('',#1015,.T.);
#612=FACE_OUTER_BOUND('',#1017,.T.);
#613=FACE_OUTER_BOUND('',#1018,.T.);
#614=FACE_OUTER_BOUND('',#1019,.T.);
#615=FACE_OUTER_BOUND('',#1020,.T.);
#616=FACE_OUTER_BOUND('',#1021,.T.);
#617=FACE_OUTER_BOUND('',#1022,.T.);
#618=FACE_OUTER_BOUND('',#1023,.T.);
#619=FACE_OUTER_BOUND('',#1024,.T.);
#620=FACE_OUTER_BOUND('',#1025,.T.);
#621=FACE_OUTER_BOUND('',#1026,.T.);
#622=FACE_OUTER_BOUND('',#1027,.T.);
#623=FACE_OUTER_BOUND('',#1028,.T.);
#624=FACE_OUTER_BOUND('',#1029,.T.);
#625=FACE_OUTER_BOUND('',#1030,.T.);
#626=FACE_OUTER_BOUND('',#1031,.T.);
#627=FACE_OUTER_BOUND('',#1032,.T.);
#628=FACE_OUTER_BOUND('',#1033,.T.);
#629=FACE_OUTER_BOUND('',#1034,.T.);
#630=FACE_OUTER_BOUND('',#1035,.T.);
#631=FACE_OUTER_BOUND('',#1036,.T.);
#632=FACE_OUTER_BOUND('',#1037,.T.);
#633=FACE_OUTER_BOUND('',#1038,.T.);
#634=FACE_OUTER_BOUND('',#1039,.T.);
#635=FACE_OUTER_BOUND('',#1041,.T.);
#636=FACE_OUTER_BOUND('',#1063,.T.);
#637=FACE_OUTER_BOUND('',#1064,.T.);
#638=FACE_OUTER_BOUND('',#1065,.T.);
#639=FACE_OUTER_BOUND('',#1066,.T.);
#640=FACE_OUTER_BOUND('',#1067,.T.);
#641=FACE_OUTER_BOUND('',#1068,.T.);
#642=FACE_OUTER_BOUND('',#1073,.T.);
#643=FACE_OUTER_BOUND('',#1074,.T.);
#644=FACE_OUTER_BOUND('',#1075,.T.);
#645=FACE_OUTER_BOUND('',#1076,.T.);
#646=FACE_OUTER_BOUND('',#1077,.T.);
#647=FACE_OUTER_BOUND('',#1078,.T.);
#648=FACE_OUTER_BOUND('',#1079,.T.);
#649=FACE_OUTER_BOUND('',#1080,.T.);
#650=FACE_OUTER_BOUND('',#1081,.T.);
#651=FACE_OUTER_BOUND('',#1082,.T.);
#652=FACE_OUTER_BOUND('',#1083,.T.);
#653=FACE_OUTER_BOUND('',#1084,.T.);
#654=FACE_OUTER_BOUND('',#1085,.T.);
#655=FACE_OUTER_BOUND('',#1086,.T.);
#656=FACE_OUTER_BOUND('',#1087,.T.);
#657=FACE_OUTER_BOUND('',#1088,.T.);
#658=FACE_OUTER_BOUND('',#1089,.T.);
#659=FACE_OUTER_BOUND('',#1090,.T.);
#660=FACE_OUTER_BOUND('',#1091,.T.);
#661=FACE_OUTER_BOUND('',#1092,.T.);
#662=FACE_OUTER_BOUND('',#1093,.T.);
#663=FACE_OUTER_BOUND('',#1094,.T.);
#664=FACE_OUTER_BOUND('',#1095,.T.);
#665=FACE_OUTER_BOUND('',#1097,.T.);
#666=FACE_OUTER_BOUND('',#1098,.T.);
#667=FACE_OUTER_BOUND('',#1100,.T.);
#668=FACE_OUTER_BOUND('',#1101,.T.);
#669=FACE_OUTER_BOUND('',#1103,.T.);
#670=FACE_OUTER_BOUND('',#1104,.T.);
#671=FACE_OUTER_BOUND('',#1106,.T.);
#672=FACE_OUTER_BOUND('',#1107,.T.);
#673=FACE_OUTER_BOUND('',#1108,.T.);
#674=FACE_OUTER_BOUND('',#1122,.T.);
#675=FACE_OUTER_BOUND('',#1123,.T.);
#676=FACE_OUTER_BOUND('',#1124,.T.);
#677=FACE_OUTER_BOUND('',#1125,.T.);
#678=FACE_OUTER_BOUND('',#1126,.T.);
#679=FACE_OUTER_BOUND('',#1127,.T.);
#680=FACE_OUTER_BOUND('',#1128,.T.);
#681=FACE_OUTER_BOUND('',#1129,.T.);
#682=FACE_OUTER_BOUND('',#1130,.T.);
#683=FACE_OUTER_BOUND('',#1131,.T.);
#684=FACE_OUTER_BOUND('',#1132,.T.);
#685=FACE_OUTER_BOUND('',#1133,.T.);
#686=FACE_OUTER_BOUND('',#1134,.T.);
#687=FACE_OUTER_BOUND('',#1135,.T.);
#688=FACE_OUTER_BOUND('',#1136,.T.);
#689=FACE_OUTER_BOUND('',#1137,.T.);
#690=FACE_OUTER_BOUND('',#1138,.T.);
#691=FACE_OUTER_BOUND('',#1139,.T.);
#692=FACE_OUTER_BOUND('',#1140,.T.);
#693=FACE_OUTER_BOUND('',#1141,.T.);
#694=FACE_OUTER_BOUND('',#1142,.T.);
#695=FACE_OUTER_BOUND('',#1143,.T.);
#696=FACE_OUTER_BOUND('',#1144,.T.);
#697=FACE_OUTER_BOUND('',#1145,.T.);
#698=FACE_OUTER_BOUND('',#1146,.T.);
#699=FACE_OUTER_BOUND('',#1147,.T.);
#700=FACE_OUTER_BOUND('',#1148,.T.);
#701=FACE_OUTER_BOUND('',#1149,.T.);
#702=FACE_OUTER_BOUND('',#1150,.T.);
#703=FACE_OUTER_BOUND('',#1151,.T.);
#704=FACE_OUTER_BOUND('',#1152,.T.);
#705=FACE_OUTER_BOUND('',#1153,.T.);
#706=FACE_OUTER_BOUND('',#1154,.T.);
#707=FACE_OUTER_BOUND('',#1155,.T.);
#708=FACE_OUTER_BOUND('',#1156,.T.);
#709=FACE_OUTER_BOUND('',#1157,.T.);
#710=FACE_OUTER_BOUND('',#1158,.T.);
#711=FACE_OUTER_BOUND('',#1159,.T.);
#712=FACE_OUTER_BOUND('',#1160,.T.);
#713=FACE_OUTER_BOUND('',#1161,.T.);
#714=FACE_OUTER_BOUND('',#1162,.T.);
#715=EDGE_LOOP('',(#4775,#4776,#4777,#4778));
#716=EDGE_LOOP('',(#4779,#4780,#4781,#4782));
#717=EDGE_LOOP('',(#4783,#4784,#4785,#4786));
#718=EDGE_LOOP('',(#4787,#4788,#4789,#4790));
#719=EDGE_LOOP('',(#4791,#4792,#4793,#4794));
#720=EDGE_LOOP('',(#4795,#4796,#4797,#4798));
#721=EDGE_LOOP('',(#4799,#4800,#4801,#4802));
#722=EDGE_LOOP('',(#4803,#4804,#4805,#4806));
#723=EDGE_LOOP('',(#4807,#4808,#4809,#4810));
#724=EDGE_LOOP('',(#4811,#4812,#4813,#4814));
#725=EDGE_LOOP('',(#4815,#4816,#4817,#4818));
#726=EDGE_LOOP('',(#4819,#4820,#4821,#4822));
#727=EDGE_LOOP('',(#4823,#4824,#4825,#4826));
#728=EDGE_LOOP('',(#4827,#4828,#4829,#4830));
#729=EDGE_LOOP('',(#4831,#4832,#4833,#4834));
#730=EDGE_LOOP('',(#4835,#4836,#4837,#4838));
#731=EDGE_LOOP('',(#4839,#4840,#4841,#4842));
#732=EDGE_LOOP('',(#4843,#4844,#4845,#4846));
#733=EDGE_LOOP('',(#4847,#4848,#4849,#4850));
#734=EDGE_LOOP('',(#4851,#4852,#4853,#4854));
#735=EDGE_LOOP('',(#4855,#4856,#4857,#4858));
#736=EDGE_LOOP('',(#4859,#4860,#4861,#4862));
#737=EDGE_LOOP('',(#4863,#4864,#4865,#4866));
#738=EDGE_LOOP('',(#4867,#4868,#4869,#4870));
#739=EDGE_LOOP('',(#4871,#4872,#4873,#4874));
#740=EDGE_LOOP('',(#4875,#4876,#4877,#4878));
#741=EDGE_LOOP('',(#4879,#4880,#4881,#4882));
#742=EDGE_LOOP('',(#4883,#4884,#4885,#4886));
#743=EDGE_LOOP('',(#4887,#4888,#4889,#4890));
#744=EDGE_LOOP('',(#4891,#4892,#4893,#4894));
#745=EDGE_LOOP('',(#4895,#4896,#4897,#4898));
#746=EDGE_LOOP('',(#4899,#4900,#4901,#4902));
#747=EDGE_LOOP('',(#4903,#4904,#4905,#4906));
#748=EDGE_LOOP('',(#4907,#4908,#4909,#4910));
#749=EDGE_LOOP('',(#4911,#4912,#4913,#4914));
#750=EDGE_LOOP('',(#4915,#4916,#4917,#4918));
#751=EDGE_LOOP('',(#4919,#4920,#4921,#4922));
#752=EDGE_LOOP('',(#4923,#4924,#4925,#4926,#4927,#4928,#4929,#4930,#4931,
#4932,#4933,#4934,#4935,#4936,#4937,#4938,#4939,#4940,#4941,#4942,#4943,
#4944,#4945,#4946,#4947,#4948,#4949));
#753=EDGE_LOOP('',(#4950,#4951,#4952,#4953,#4954,#4955,#4956,#4957,#4958,
#4959));
#754=EDGE_LOOP('',(#4960,#4961,#4962,#4963));
#755=EDGE_LOOP('',(#4964,#4965,#4966,#4967));
#756=EDGE_LOOP('',(#4968,#4969,#4970,#4971));
#757=EDGE_LOOP('',(#4972,#4973,#4974,#4975));
#758=EDGE_LOOP('',(#4976,#4977,#4978,#4979));
#759=EDGE_LOOP('',(#4980,#4981,#4982,#4983));
#760=EDGE_LOOP('',(#4984,#4985,#4986,#4987));
#761=EDGE_LOOP('',(#4988,#4989,#4990,#4991));
#762=EDGE_LOOP('',(#4992,#4993,#4994,#4995));
#763=EDGE_LOOP('',(#4996,#4997,#4998,#4999));
#764=EDGE_LOOP('',(#5000,#5001,#5002,#5003));
#765=EDGE_LOOP('',(#5004,#5005,#5006,#5007));
#766=EDGE_LOOP('',(#5008,#5009,#5010,#5011));
#767=EDGE_LOOP('',(#5012,#5013,#5014,#5015));
#768=EDGE_LOOP('',(#5016,#5017,#5018,#5019));
#769=EDGE_LOOP('',(#5020,#5021,#5022,#5023));
#770=EDGE_LOOP('',(#5024,#5025,#5026,#5027));
#771=EDGE_LOOP('',(#5028,#5029,#5030,#5031,#5032,#5033,#5034,#5035,#5036));
#772=EDGE_LOOP('',(#5037,#5038,#5039,#5040,#5041,#5042,#5043,#5044));
#773=EDGE_LOOP('',(#5045,#5046,#5047,#5048));
#774=EDGE_LOOP('',(#5049,#5050,#5051,#5052));
#775=EDGE_LOOP('',(#5053,#5054,#5055,#5056));
#776=EDGE_LOOP('',(#5057,#5058,#5059,#5060));
#777=EDGE_LOOP('',(#5061,#5062,#5063,#5064));
#778=EDGE_LOOP('',(#5065,#5066,#5067,#5068));
#779=EDGE_LOOP('',(#5069,#5070,#5071,#5072));
#780=EDGE_LOOP('',(#5073,#5074,#5075,#5076));
#781=EDGE_LOOP('',(#5077,#5078,#5079,#5080));
#782=EDGE_LOOP('',(#5081,#5082,#5083,#5084));
#783=EDGE_LOOP('',(#5085,#5086,#5087,#5088));
#784=EDGE_LOOP('',(#5089,#5090,#5091,#5092));
#785=EDGE_LOOP('',(#5093,#5094,#5095,#5096));
#786=EDGE_LOOP('',(#5097,#5098,#5099,#5100));
#787=EDGE_LOOP('',(#5101,#5102,#5103,#5104));
#788=EDGE_LOOP('',(#5105,#5106,#5107,#5108));
#789=EDGE_LOOP('',(#5109,#5110,#5111,#5112));
#790=EDGE_LOOP('',(#5113,#5114,#5115,#5116));
#791=EDGE_LOOP('',(#5117,#5118,#5119,#5120));
#792=EDGE_LOOP('',(#5121,#5122,#5123,#5124,#5125,#5126,#5127,#5128,#5129,
#5130,#5131,#5132,#5133,#5134,#5135,#5136,#5137,#5138,#5139));
#793=EDGE_LOOP('',(#5140,#5141,#5142,#5143));
#794=EDGE_LOOP('',(#5144,#5145,#5146,#5147));
#795=EDGE_LOOP('',(#5148,#5149,#5150,#5151));
#796=EDGE_LOOP('',(#5152,#5153,#5154,#5155));
#797=EDGE_LOOP('',(#5156,#5157,#5158,#5159));
#798=EDGE_LOOP('',(#5160,#5161,#5162,#5163));
#799=EDGE_LOOP('',(#5164,#5165,#5166,#5167));
#800=EDGE_LOOP('',(#5168,#5169,#5170,#5171));
#801=EDGE_LOOP('',(#5172,#5173,#5174,#5175));
#802=EDGE_LOOP('',(#5176,#5177,#5178,#5179));
#803=EDGE_LOOP('',(#5180,#5181,#5182,#5183));
#804=EDGE_LOOP('',(#5184,#5185,#5186,#5187,#5188,#5189));
#805=EDGE_LOOP('',(#5190,#5191,#5192,#5193));
#806=EDGE_LOOP('',(#5194,#5195,#5196,#5197));
#807=EDGE_LOOP('',(#5198,#5199,#5200,#5201));
#808=EDGE_LOOP('',(#5202,#5203,#5204,#5205));
#809=EDGE_LOOP('',(#5206,#5207,#5208,#5209));
#810=EDGE_LOOP('',(#5210,#5211,#5212,#5213));
#811=EDGE_LOOP('',(#5214,#5215,#5216,#5217));
#812=EDGE_LOOP('',(#5218,#5219,#5220,#5221));
#813=EDGE_LOOP('',(#5222,#5223,#5224,#5225));
#814=EDGE_LOOP('',(#5226,#5227,#5228,#5229));
#815=EDGE_LOOP('',(#5230,#5231,#5232,#5233));
#816=EDGE_LOOP('',(#5234,#5235,#5236,#5237));
#817=EDGE_LOOP('',(#5238,#5239,#5240,#5241));
#818=EDGE_LOOP('',(#5242,#5243,#5244,#5245));
#819=EDGE_LOOP('',(#5246,#5247,#5248,#5249));
#820=EDGE_LOOP('',(#5250,#5251,#5252,#5253));
#821=EDGE_LOOP('',(#5254,#5255,#5256,#5257));
#822=EDGE_LOOP('',(#5258,#5259,#5260,#5261));
#823=EDGE_LOOP('',(#5262,#5263,#5264,#5265));
#824=EDGE_LOOP('',(#5266,#5267,#5268,#5269,#5270,#5271,#5272,#5273,#5274,
#5275,#5276,#5277,#5278,#5279,#5280,#5281,#5282,#5283,#5284));
#825=EDGE_LOOP('',(#5285,#5286,#5287,#5288));
#826=EDGE_LOOP('',(#5289,#5290,#5291,#5292));
#827=EDGE_LOOP('',(#5293,#5294,#5295,#5296));
#828=EDGE_LOOP('',(#5297,#5298,#5299,#5300));
#829=EDGE_LOOP('',(#5301,#5302,#5303,#5304));
#830=EDGE_LOOP('',(#5305,#5306,#5307,#5308));
#831=EDGE_LOOP('',(#5309,#5310,#5311,#5312));
#832=EDGE_LOOP('',(#5313,#5314,#5315,#5316));
#833=EDGE_LOOP('',(#5317,#5318,#5319,#5320));
#834=EDGE_LOOP('',(#5321,#5322,#5323,#5324));
#835=EDGE_LOOP('',(#5325,#5326,#5327,#5328));
#836=EDGE_LOOP('',(#5329,#5330,#5331,#5332));
#837=EDGE_LOOP('',(#5333,#5334,#5335,#5336));
#838=EDGE_LOOP('',(#5337,#5338,#5339,#5340));
#839=EDGE_LOOP('',(#5341,#5342,#5343,#5344));
#840=EDGE_LOOP('',(#5345,#5346,#5347,#5348));
#841=EDGE_LOOP('',(#5349,#5350,#5351,#5352));
#842=EDGE_LOOP('',(#5353,#5354,#5355,#5356));
#843=EDGE_LOOP('',(#5357,#5358,#5359,#5360));
#844=EDGE_LOOP('',(#5361,#5362,#5363,#5364));
#845=EDGE_LOOP('',(#5365,#5366,#5367,#5368));
#846=EDGE_LOOP('',(#5369,#5370,#5371,#5372));
#847=EDGE_LOOP('',(#5373,#5374,#5375,#5376));
#848=EDGE_LOOP('',(#5377,#5378,#5379,#5380));
#849=EDGE_LOOP('',(#5381,#5382,#5383,#5384));
#850=EDGE_LOOP('',(#5385,#5386,#5387,#5388));
#851=EDGE_LOOP('',(#5389,#5390,#5391,#5392));
#852=EDGE_LOOP('',(#5393,#5394,#5395,#5396));
#853=EDGE_LOOP('',(#5397,#5398,#5399,#5400));
#854=EDGE_LOOP('',(#5401,#5402,#5403,#5404));
#855=EDGE_LOOP('',(#5405,#5406,#5407,#5408));
#856=EDGE_LOOP('',(#5409,#5410,#5411,#5412));
#857=EDGE_LOOP('',(#5413,#5414,#5415,#5416));
#858=EDGE_LOOP('',(#5417,#5418,#5419,#5420,#5421,#5422,#5423,#5424,#5425,
#5426,#5427,#5428,#5429,#5430,#5431,#5432,#5433,#5434,#5435,#5436,#5437,
#5438,#5439,#5440,#5441,#5442,#5443,#5444,#5445,#5446,#5447,#5448,#5449));
#859=EDGE_LOOP('',(#5450,#5451,#5452,#5453));
#860=EDGE_LOOP('',(#5454,#5455,#5456,#5457));
#861=EDGE_LOOP('',(#5458,#5459,#5460,#5461));
#862=EDGE_LOOP('',(#5462,#5463,#5464,#5465));
#863=EDGE_LOOP('',(#5466,#5467,#5468,#5469));
#864=EDGE_LOOP('',(#5470,#5471,#5472,#5473));
#865=EDGE_LOOP('',(#5474,#5475,#5476,#5477));
#866=EDGE_LOOP('',(#5478,#5479,#5480,#5481));
#867=EDGE_LOOP('',(#5482,#5483,#5484,#5485));
#868=EDGE_LOOP('',(#5486,#5487,#5488,#5489));
#869=EDGE_LOOP('',(#5490,#5491,#5492,#5493));
#870=EDGE_LOOP('',(#5494,#5495,#5496,#5497));
#871=EDGE_LOOP('',(#5498,#5499,#5500,#5501,#5502,#5503,#5504,#5505,#5506,
#5507,#5508,#5509));
#872=EDGE_LOOP('',(#5510,#5511,#5512,#5513));
#873=EDGE_LOOP('',(#5514,#5515,#5516,#5517));
#874=EDGE_LOOP('',(#5518,#5519,#5520,#5521));
#875=EDGE_LOOP('',(#5522,#5523,#5524,#5525));
#876=EDGE_LOOP('',(#5526,#5527,#5528,#5529));
#877=EDGE_LOOP('',(#5530,#5531,#5532,#5533));
#878=EDGE_LOOP('',(#5534,#5535,#5536,#5537));
#879=EDGE_LOOP('',(#5538,#5539,#5540,#5541));
#880=EDGE_LOOP('',(#5542,#5543,#5544,#5545));
#881=EDGE_LOOP('',(#5546,#5547,#5548,#5549));
#882=EDGE_LOOP('',(#5550,#5551,#5552,#5553));
#883=EDGE_LOOP('',(#5554,#5555,#5556,#5557));
#884=EDGE_LOOP('',(#5558,#5559,#5560,#5561));
#885=EDGE_LOOP('',(#5562,#5563,#5564,#5565));
#886=EDGE_LOOP('',(#5566,#5567,#5568,#5569));
#887=EDGE_LOOP('',(#5570,#5571,#5572,#5573));
#888=EDGE_LOOP('',(#5574,#5575,#5576,#5577));
#889=EDGE_LOOP('',(#5578,#5579,#5580,#5581));
#890=EDGE_LOOP('',(#5582,#5583,#5584,#5585));
#891=EDGE_LOOP('',(#5586,#5587,#5588,#5589,#5590,#5591,#5592,#5593,#5594,
#5595,#5596,#5597,#5598,#5599,#5600,#5601,#5602,#5603,#5604));
#892=EDGE_LOOP('',(#5605,#5606,#5607,#5608));
#893=EDGE_LOOP('',(#5609,#5610,#5611,#5612));
#894=EDGE_LOOP('',(#5613,#5614,#5615,#5616));
#895=EDGE_LOOP('',(#5617,#5618,#5619,#5620));
#896=EDGE_LOOP('',(#5621,#5622,#5623,#5624));
#897=EDGE_LOOP('',(#5625,#5626,#5627,#5628));
#898=EDGE_LOOP('',(#5629,#5630,#5631,#5632));
#899=EDGE_LOOP('',(#5633,#5634,#5635,#5636));
#900=EDGE_LOOP('',(#5637,#5638,#5639,#5640));
#901=EDGE_LOOP('',(#5641,#5642,#5643,#5644));
#902=EDGE_LOOP('',(#5645,#5646,#5647,#5648));
#903=EDGE_LOOP('',(#5649,#5650,#5651,#5652));
#904=EDGE_LOOP('',(#5653,#5654,#5655,#5656));
#905=EDGE_LOOP('',(#5657,#5658,#5659,#5660));
#906=EDGE_LOOP('',(#5661,#5662,#5663,#5664));
#907=EDGE_LOOP('',(#5665,#5666,#5667,#5668));
#908=EDGE_LOOP('',(#5669,#5670,#5671,#5672));
#909=EDGE_LOOP('',(#5673,#5674,#5675,#5676,#5677,#5678,#5679,#5680,#5681,
#5682,#5683,#5684,#5685,#5686,#5687,#5688,#5689));
#910=EDGE_LOOP('',(#5690,#5691,#5692,#5693));
#911=EDGE_LOOP('',(#5694,#5695,#5696,#5697));
#912=EDGE_LOOP('',(#5698,#5699,#5700,#5701));
#913=EDGE_LOOP('',(#5702,#5703,#5704,#5705));
#914=EDGE_LOOP('',(#5706,#5707,#5708,#5709));
#915=EDGE_LOOP('',(#5710,#5711,#5712,#5713));
#916=EDGE_LOOP('',(#5714,#5715,#5716,#5717));
#917=EDGE_LOOP('',(#5718,#5719,#5720,#5721));
#918=EDGE_LOOP('',(#5722,#5723,#5724,#5725));
#919=EDGE_LOOP('',(#5726,#5727,#5728,#5729));
#920=EDGE_LOOP('',(#5730,#5731,#5732,#5733));
#921=EDGE_LOOP('',(#5734,#5735,#5736,#5737));
#922=EDGE_LOOP('',(#5738,#5739,#5740,#5741));
#923=EDGE_LOOP('',(#5742,#5743,#5744,#5745));
#924=EDGE_LOOP('',(#5746,#5747,#5748,#5749));
#925=EDGE_LOOP('',(#5750,#5751,#5752,#5753));
#926=EDGE_LOOP('',(#5754,#5755,#5756,#5757));
#927=EDGE_LOOP('',(#5758,#5759,#5760,#5761));
#928=EDGE_LOOP('',(#5762,#5763,#5764,#5765));
#929=EDGE_LOOP('',(#5766,#5767,#5768,#5769));
#930=EDGE_LOOP('',(#5770,#5771,#5772,#5773));
#931=EDGE_LOOP('',(#5774,#5775,#5776,#5777));
#932=EDGE_LOOP('',(#5778,#5779,#5780,#5781));
#933=EDGE_LOOP('',(#5782,#5783,#5784,#5785));
#934=EDGE_LOOP('',(#5786,#5787,#5788,#5789));
#935=EDGE_LOOP('',(#5790,#5791,#5792,#5793));
#936=EDGE_LOOP('',(#5794,#5795,#5796,#5797));
#937=EDGE_LOOP('',(#5798,#5799,#5800,#5801));
#938=EDGE_LOOP('',(#5802,#5803,#5804,#5805));
#939=EDGE_LOOP('',(#5806,#5807,#5808,#5809));
#940=EDGE_LOOP('',(#5810,#5811,#5812,#5813));
#941=EDGE_LOOP('',(#5814,#5815,#5816,#5817));
#942=EDGE_LOOP('',(#5818,#5819,#5820,#5821));
#943=EDGE_LOOP('',(#5822,#5823,#5824,#5825,#5826,#5827,#5828,#5829,#5830,
#5831,#5832,#5833,#5834,#5835,#5836,#5837,#5838,#5839,#5840,#5841,#5842,
#5843,#5844,#5845,#5846,#5847,#5848,#5849,#5850,#5851,#5852,#5853,#5854));
#944=EDGE_LOOP('',(#5855,#5856,#5857,#5858));
#945=EDGE_LOOP('',(#5859,#5860,#5861,#5862));
#946=EDGE_LOOP('',(#5863,#5864,#5865,#5866));
#947=EDGE_LOOP('',(#5867,#5868,#5869,#5870));
#948=EDGE_LOOP('',(#5871,#5872,#5873,#5874));
#949=EDGE_LOOP('',(#5875,#5876,#5877,#5878));
#950=EDGE_LOOP('',(#5879,#5880,#5881,#5882));
#951=EDGE_LOOP('',(#5883,#5884,#5885,#5886));
#952=EDGE_LOOP('',(#5887,#5888,#5889,#5890));
#953=EDGE_LOOP('',(#5891,#5892,#5893,#5894));
#954=EDGE_LOOP('',(#5895,#5896,#5897,#5898));
#955=EDGE_LOOP('',(#5899,#5900,#5901,#5902));
#956=EDGE_LOOP('',(#5903,#5904,#5905,#5906));
#957=EDGE_LOOP('',(#5907,#5908,#5909,#5910));
#958=EDGE_LOOP('',(#5911,#5912,#5913,#5914));
#959=EDGE_LOOP('',(#5915,#5916,#5917,#5918));
#960=EDGE_LOOP('',(#5919,#5920,#5921,#5922));
#961=EDGE_LOOP('',(#5923,#5924,#5925,#5926));
#962=EDGE_LOOP('',(#5927,#5928,#5929,#5930));
#963=EDGE_LOOP('',(#5931,#5932,#5933,#5934));
#964=EDGE_LOOP('',(#5935,#5936,#5937,#5938));
#965=EDGE_LOOP('',(#5939,#5940,#5941,#5942));
#966=EDGE_LOOP('',(#5943,#5944,#5945,#5946));
#967=EDGE_LOOP('',(#5947,#5948,#5949,#5950));
#968=EDGE_LOOP('',(#5951,#5952,#5953,#5954));
#969=EDGE_LOOP('',(#5955,#5956,#5957,#5958));
#970=EDGE_LOOP('',(#5959,#5960,#5961,#5962));
#971=EDGE_LOOP('',(#5963,#5964,#5965,#5966));
#972=EDGE_LOOP('',(#5967,#5968,#5969,#5970,#5971,#5972,#5973,#5974,#5975,
#5976,#5977,#5978,#5979,#5980,#5981,#5982,#5983,#5984,#5985,#5986,#5987,
#5988,#5989,#5990,#5991,#5992,#5993,#5994));
#973=EDGE_LOOP('',(#5995,#5996,#5997,#5998));
#974=EDGE_LOOP('',(#5999,#6000,#6001,#6002));
#975=EDGE_LOOP('',(#6003,#6004,#6005,#6006));
#976=EDGE_LOOP('',(#6007,#6008,#6009,#6010));
#977=EDGE_LOOP('',(#6011,#6012,#6013,#6014));
#978=EDGE_LOOP('',(#6015,#6016,#6017,#6018));
#979=EDGE_LOOP('',(#6019,#6020,#6021,#6022));
#980=EDGE_LOOP('',(#6023,#6024,#6025,#6026));
#981=EDGE_LOOP('',(#6027,#6028,#6029,#6030));
#982=EDGE_LOOP('',(#6031,#6032,#6033,#6034));
#983=EDGE_LOOP('',(#6035,#6036,#6037,#6038));
#984=EDGE_LOOP('',(#6039,#6040,#6041,#6042));
#985=EDGE_LOOP('',(#6043,#6044,#6045,#6046));
#986=EDGE_LOOP('',(#6047,#6048,#6049,#6050));
#987=EDGE_LOOP('',(#6051,#6052,#6053,#6054));
#988=EDGE_LOOP('',(#6055,#6056,#6057,#6058));
#989=EDGE_LOOP('',(#6059,#6060,#6061,#6062));
#990=EDGE_LOOP('',(#6063,#6064,#6065,#6066));
#991=EDGE_LOOP('',(#6067,#6068,#6069,#6070,#6071,#6072,#6073,#6074,#6075,
#6076,#6077,#6078,#6079));
#992=EDGE_LOOP('',(#6080,#6081,#6082,#6083));
#993=EDGE_LOOP('',(#6084,#6085,#6086,#6087));
#994=EDGE_LOOP('',(#6088,#6089,#6090,#6091));
#995=EDGE_LOOP('',(#6092,#6093,#6094,#6095));
#996=EDGE_LOOP('',(#6096,#6097,#6098,#6099));
#997=EDGE_LOOP('',(#6100,#6101,#6102,#6103));
#998=EDGE_LOOP('',(#6104,#6105,#6106,#6107));
#999=EDGE_LOOP('',(#6108,#6109,#6110,#6111));
#1000=EDGE_LOOP('',(#6112,#6113,#6114,#6115));
#1001=EDGE_LOOP('',(#6116,#6117,#6118,#6119));
#1002=EDGE_LOOP('',(#6120,#6121,#6122,#6123));
#1003=EDGE_LOOP('',(#6124,#6125,#6126,#6127));
#1004=EDGE_LOOP('',(#6128,#6129,#6130,#6131));
#1005=EDGE_LOOP('',(#6132,#6133,#6134,#6135));
#1006=EDGE_LOOP('',(#6136,#6137,#6138,#6139));
#1007=EDGE_LOOP('',(#6140,#6141,#6142,#6143));
#1008=EDGE_LOOP('',(#6144,#6145,#6146,#6147));
#1009=EDGE_LOOP('',(#6148,#6149,#6150,#6151));
#1010=EDGE_LOOP('',(#6152,#6153,#6154,#6155));
#1011=EDGE_LOOP('',(#6156,#6157,#6158,#6159));
#1012=EDGE_LOOP('',(#6160,#6161,#6162,#6163));
#1013=EDGE_LOOP('',(#6164,#6165,#6166,#6167));
#1014=EDGE_LOOP('',(#6168,#6169,#6170,#6171));
#1015=EDGE_LOOP('',(#6172,#6173,#6174,#6175,#6176,#6177,#6178,#6179,#6180,
#6181,#6182,#6183,#6184,#6185,#6186));
#1016=EDGE_LOOP('',(#6187,#6188,#6189,#6190,#6191,#6192,#6193,#6194));
#1017=EDGE_LOOP('',(#6195,#6196,#6197,#6198));
#1018=EDGE_LOOP('',(#6199,#6200,#6201,#6202));
#1019=EDGE_LOOP('',(#6203,#6204,#6205,#6206));
#1020=EDGE_LOOP('',(#6207,#6208,#6209,#6210));
#1021=EDGE_LOOP('',(#6211,#6212,#6213,#6214));
#1022=EDGE_LOOP('',(#6215,#6216,#6217,#6218));
#1023=EDGE_LOOP('',(#6219,#6220,#6221,#6222));
#1024=EDGE_LOOP('',(#6223,#6224,#6225,#6226));
#1025=EDGE_LOOP('',(#6227,#6228,#6229,#6230));
#1026=EDGE_LOOP('',(#6231,#6232,#6233,#6234));
#1027=EDGE_LOOP('',(#6235,#6236,#6237,#6238));
#1028=EDGE_LOOP('',(#6239,#6240,#6241,#6242));
#1029=EDGE_LOOP('',(#6243,#6244,#6245,#6246));
#1030=EDGE_LOOP('',(#6247,#6248,#6249,#6250));
#1031=EDGE_LOOP('',(#6251,#6252,#6253,#6254));
#1032=EDGE_LOOP('',(#6255,#6256,#6257,#6258));
#1033=EDGE_LOOP('',(#6259,#6260,#6261,#6262));
#1034=EDGE_LOOP('',(#6263,#6264,#6265,#6266));
#1035=EDGE_LOOP('',(#6267,#6268,#6269,#6270));
#1036=EDGE_LOOP('',(#6271,#6272,#6273,#6274));
#1037=EDGE_LOOP('',(#6275,#6276,#6277,#6278));
#1038=EDGE_LOOP('',(#6279,#6280,#6281,#6282));
#1039=EDGE_LOOP('',(#6283,#6284,#6285,#6286,#6287,#6288,#6289,#6290,#6291,
#6292,#6293,#6294,#6295,#6296));
#1040=EDGE_LOOP('',(#6297,#6298,#6299,#6300,#6301,#6302,#6303,#6304));
#1041=EDGE_LOOP('',(#6305,#6306,#6307,#6308,#6309,#6310,#6311,#6312));
#1042=EDGE_LOOP('',(#6313,#6314,#6315,#6316,#6317,#6318,#6319,#6320,#6321,
#6322,#6323,#6324));
#1043=EDGE_LOOP('',(#6325,#6326,#6327,#6328,#6329,#6330,#6331,#6332,#6333,
#6334,#6335,#6336,#6337,#6338,#6339,#6340,#6341,#6342,#6343,#6344,#6345,
#6346,#6347,#6348,#6349,#6350,#6351,#6352,#6353,#6354,#6355,#6356,#6357));
#1044=EDGE_LOOP('',(#6358,#6359,#6360,#6361,#6362,#6363,#6364,#6365,#6366,
#6367,#6368,#6369,#6370,#6371,#6372,#6373,#6374,#6375,#6376));
#1045=EDGE_LOOP('',(#6377,#6378,#6379,#6380,#6381,#6382,#6383,#6384,#6385,
#6386,#6387,#6388,#6389,#6390,#6391,#6392,#6393,#6394,#6395,#6396,#6397,
#6398,#6399,#6400,#6401,#6402,#6403,#6404,#6405,#6406,#6407,#6408,#6409));
#1046=EDGE_LOOP('',(#6410,#6411,#6412,#6413,#6414,#6415,#6416,#6417,#6418,
#6419,#6420,#6421,#6422,#6423,#6424));
#1047=EDGE_LOOP('',(#6425,#6426,#6427,#6428,#6429,#6430,#6431,#6432,#6433));
#1048=EDGE_LOOP('',(#6434,#6435,#6436,#6437,#6438,#6439,#6440,#6441,#6442,
#6443,#6444,#6445,#6446,#6447,#6448,#6449,#6450,#6451,#6452));
#1049=EDGE_LOOP('',(#6453,#6454,#6455,#6456));
#1050=EDGE_LOOP('',(#6457,#6458,#6459,#6460,#6461,#6462,#6463,#6464,#6465,
#6466,#6467,#6468,#6469,#6470,#6471,#6472,#6473,#6474,#6475,#6476,#6477,
#6478,#6479,#6480,#6481,#6482,#6483,#6484));
#1051=EDGE_LOOP('',(#6485,#6486,#6487,#6488,#6489,#6490));
#1052=EDGE_LOOP('',(#6491,#6492,#6493,#6494,#6495,#6496,#6497,#6498,#6499,
#6500,#6501,#6502,#6503,#6504,#6505,#6506,#6507));
#1053=EDGE_LOOP('',(#6508,#6509,#6510,#6511,#6512,#6513,#6514,#6515,#6516,
#6517,#6518,#6519,#6520,#6521,#6522,#6523,#6524,#6525,#6526));
#1054=EDGE_LOOP('',(#6527));
#1055=EDGE_LOOP('',(#6528));
#1056=EDGE_LOOP('',(#6529));
#1057=EDGE_LOOP('',(#6530,#6531,#6532,#6533,#6534,#6535));
#1058=EDGE_LOOP('',(#6536));
#1059=EDGE_LOOP('',(#6537,#6538,#6539,#6540,#6541,#6542,#6543,#6544,#6545,
#6546,#6547,#6548,#6549,#6550,#6551,#6552,#6553,#6554,#6555,#6556,#6557,
#6558,#6559,#6560,#6561,#6562,#6563));
#1060=EDGE_LOOP('',(#6564,#6565,#6566,#6567,#6568,#6569,#6570,#6571,#6572,
#6573,#6574,#6575,#6576));
#1061=EDGE_LOOP('',(#6577,#6578,#6579,#6580));
#1062=EDGE_LOOP('',(#6581,#6582,#6583,#6584,#6585,#6586,#6587,#6588,#6589,
#6590,#6591,#6592,#6593,#6594));
#1063=EDGE_LOOP('',(#6595,#6596,#6597,#6598,#6599,#6600,#6601,#6602));
#1064=EDGE_LOOP('',(#6603,#6604,#6605,#6606,#6607,#6608,#6609,#6610));
#1065=EDGE_LOOP('',(#6611,#6612,#6613,#6614,#6615,#6616,#6617,#6618,#6619,
#6620));
#1066=EDGE_LOOP('',(#6621,#6622,#6623,#6624));
#1067=EDGE_LOOP('',(#6625,#6626,#6627,#6628));
#1068=EDGE_LOOP('',(#6629,#6630,#6631,#6632,#6633,#6634,#6635,#6636,#6637,
#6638,#6639,#6640,#6641,#6642,#6643,#6644));
#1069=EDGE_LOOP('',(#6645));
#1070=EDGE_LOOP('',(#6646));
#1071=EDGE_LOOP('',(#6647));
#1072=EDGE_LOOP('',(#6648));
#1073=EDGE_LOOP('',(#6649,#6650,#6651,#6652));
#1074=EDGE_LOOP('',(#6653,#6654,#6655,#6656,#6657,#6658,#6659,#6660));
#1075=EDGE_LOOP('',(#6661,#6662,#6663,#6664));
#1076=EDGE_LOOP('',(#6665,#6666,#6667,#6668));
#1077=EDGE_LOOP('',(#6669,#6670,#6671,#6672));
#1078=EDGE_LOOP('',(#6673,#6674,#6675,#6676));
#1079=EDGE_LOOP('',(#6677,#6678,#6679,#6680));
#1080=EDGE_LOOP('',(#6681,#6682,#6683,#6684));
#1081=EDGE_LOOP('',(#6685,#6686,#6687,#6688));
#1082=EDGE_LOOP('',(#6689,#6690,#6691,#6692));
#1083=EDGE_LOOP('',(#6693,#6694,#6695,#6696));
#1084=EDGE_LOOP('',(#6697,#6698,#6699,#6700));
#1085=EDGE_LOOP('',(#6701,#6702,#6703,#6704,#6705,#6706));
#1086=EDGE_LOOP('',(#6707,#6708,#6709,#6710));
#1087=EDGE_LOOP('',(#6711,#6712,#6713,#6714));
#1088=EDGE_LOOP('',(#6715,#6716,#6717,#6718));
#1089=EDGE_LOOP('',(#6719,#6720,#6721,#6722));
#1090=EDGE_LOOP('',(#6723,#6724,#6725,#6726,#6727,#6728));
#1091=EDGE_LOOP('',(#6729,#6730,#6731,#6732,#6733,#6734,#6735,#6736));
#1092=EDGE_LOOP('',(#6737,#6738,#6739,#6740));
#1093=EDGE_LOOP('',(#6741,#6742,#6743,#6744,#6745,#6746,#6747,#6748));
#1094=EDGE_LOOP('',(#6749,#6750,#6751,#6752));
#1095=EDGE_LOOP('',(#6753));
#1096=EDGE_LOOP('',(#6754));
#1097=EDGE_LOOP('',(#6755,#6756,#6757,#6758));
#1098=EDGE_LOOP('',(#6759));
#1099=EDGE_LOOP('',(#6760));
#1100=EDGE_LOOP('',(#6761,#6762,#6763,#6764));
#1101=EDGE_LOOP('',(#6765));
#1102=EDGE_LOOP('',(#6766));
#1103=EDGE_LOOP('',(#6767,#6768,#6769,#6770));
#1104=EDGE_LOOP('',(#6771));
#1105=EDGE_LOOP('',(#6772));
#1106=EDGE_LOOP('',(#6773,#6774,#6775,#6776));
#1107=EDGE_LOOP('',(#6777,#6778,#6779,#6780));
#1108=EDGE_LOOP('',(#6781,#6782,#6783,#6784,#6785,#6786,#6787,#6788));
#1109=EDGE_LOOP('',(#6789,#6790,#6791,#6792));
#1110=EDGE_LOOP('',(#6793));
#1111=EDGE_LOOP('',(#6794));
#1112=EDGE_LOOP('',(#6795,#6796,#6797,#6798));
#1113=EDGE_LOOP('',(#6799,#6800,#6801,#6802));
#1114=EDGE_LOOP('',(#6803,#6804,#6805,#6806));
#1115=EDGE_LOOP('',(#6807,#6808,#6809,#6810));
#1116=EDGE_LOOP('',(#6811,#6812,#6813,#6814));
#1117=EDGE_LOOP('',(#6815,#6816,#6817,#6818));
#1118=EDGE_LOOP('',(#6819));
#1119=EDGE_LOOP('',(#6820));
#1120=EDGE_LOOP('',(#6821));
#1121=EDGE_LOOP('',(#6822));
#1122=EDGE_LOOP('',(#6823,#6824,#6825,#6826));
#1123=EDGE_LOOP('',(#6827,#6828,#6829,#6830));
#1124=EDGE_LOOP('',(#6831,#6832,#6833,#6834));
#1125=EDGE_LOOP('',(#6835,#6836,#6837,#6838));
#1126=EDGE_LOOP('',(#6839,#6840,#6841,#6842));
#1127=EDGE_LOOP('',(#6843,#6844,#6845,#6846));
#1128=EDGE_LOOP('',(#6847,#6848,#6849,#6850));
#1129=EDGE_LOOP('',(#6851,#6852,#6853,#6854));
#1130=EDGE_LOOP('',(#6855,#6856,#6857,#6858));
#1131=EDGE_LOOP('',(#6859,#6860,#6861,#6862));
#1132=EDGE_LOOP('',(#6863,#6864,#6865,#6866));
#1133=EDGE_LOOP('',(#6867,#6868,#6869,#6870));
#1134=EDGE_LOOP('',(#6871,#6872,#6873,#6874));
#1135=EDGE_LOOP('',(#6875,#6876,#6877,#6878));
#1136=EDGE_LOOP('',(#6879,#6880,#6881,#6882));
#1137=EDGE_LOOP('',(#6883,#6884,#6885,#6886));
#1138=EDGE_LOOP('',(#6887,#6888,#6889,#6890));
#1139=EDGE_LOOP('',(#6891,#6892,#6893,#6894));
#1140=EDGE_LOOP('',(#6895,#6896,#6897,#6898));
#1141=EDGE_LOOP('',(#6899,#6900,#6901,#6902));
#1142=EDGE_LOOP('',(#6903,#6904,#6905,#6906));
#1143=EDGE_LOOP('',(#6907,#6908,#6909,#6910));
#1144=EDGE_LOOP('',(#6911,#6912,#6913,#6914));
#1145=EDGE_LOOP('',(#6915,#6916,#6917,#6918));
#1146=EDGE_LOOP('',(#6919,#6920,#6921,#6922));
#1147=EDGE_LOOP('',(#6923,#6924,#6925,#6926));
#1148=EDGE_LOOP('',(#6927,#6928,#6929,#6930));
#1149=EDGE_LOOP('',(#6931,#6932,#6933,#6934));
#1150=EDGE_LOOP('',(#6935,#6936,#6937,#6938));
#1151=EDGE_LOOP('',(#6939,#6940,#6941,#6942));
#1152=EDGE_LOOP('',(#6943,#6944,#6945,#6946));
#1153=EDGE_LOOP('',(#6947,#6948,#6949,#6950));
#1154=EDGE_LOOP('',(#6951,#6952,#6953,#6954));
#1155=EDGE_LOOP('',(#6955,#6956,#6957,#6958));
#1156=EDGE_LOOP('',(#6959,#6960,#6961,#6962));
#1157=EDGE_LOOP('',(#6963,#6964,#6965,#6966));
#1158=EDGE_LOOP('',(#6967,#6968,#6969,#6970));
#1159=EDGE_LOOP('',(#6971,#6972,#6973,#6974));
#1160=EDGE_LOOP('',(#6975,#6976,#6977,#6978));
#1161=EDGE_LOOP('',(#6979,#6980,#6981,#6982));
#1162=EDGE_LOOP('',(#6983,#6984,#6985,#6986,#6987,#6988,#6989,#6990));
#1163=EDGE_LOOP('',(#6991,#6992,#6993,#6994));
#1164=EDGE_LOOP('',(#6995));
#1165=EDGE_LOOP('',(#6996));
#1166=EDGE_LOOP('',(#6997,#6998,#6999,#7000));
#1167=EDGE_LOOP('',(#7001,#7002,#7003,#7004));
#1168=EDGE_LOOP('',(#7005,#7006,#7007,#7008));
#1169=EDGE_LOOP('',(#7009,#7010,#7011,#7012));
#1170=EDGE_LOOP('',(#7013,#7014,#7015,#7016));
#1171=EDGE_LOOP('',(#7017,#7018,#7019,#7020));
#1172=EDGE_LOOP('',(#7021));
#1173=EDGE_LOOP('',(#7022));
#1174=EDGE_LOOP('',(#7023));
#1175=EDGE_LOOP('',(#7024));
#1176=LINE('',#9030,#1819);
#1177=LINE('',#9037,#1820);
#1178=LINE('',#9060,#1821);
#1179=LINE('',#9083,#1822);
#1180=LINE('',#9106,#1823);
#1181=LINE('',#9109,#1824);
#1182=LINE('',#9111,#1825);
#1183=LINE('',#9112,#1826);
#1184=LINE('',#9131,#1827);
#1185=LINE('',#9138,#1828);
#1186=LINE('',#9161,#1829);
#1187=LINE('',#9164,#1830);
#1188=LINE('',#9166,#1831);
#1189=LINE('',#9167,#1832);
#1190=LINE('',#9190,#1833);
#1191=LINE('',#9213,#1834);
#1192=LINE('',#9236,#1835);
#1193=LINE('',#9259,#1836);
#1194=LINE('',#9282,#1837);
#1195=LINE('',#9305,#1838);
#1196=LINE('',#9328,#1839);
#1197=LINE('',#9331,#1840);
#1198=LINE('',#9333,#1841);
#1199=LINE('',#9334,#1842);
#1200=LINE('',#9357,#1843);
#1201=LINE('',#9380,#1844);
#1202=LINE('',#9398,#1845);
#1203=LINE('',#9421,#1846);
#1204=LINE('',#9444,#1847);
#1205=LINE('',#9467,#1848);
#1206=LINE('',#9495,#1849);
#1207=LINE('',#9497,#1850);
#1208=LINE('',#9498,#1851);
#1209=LINE('',#9516,#1852);
#1210=LINE('',#9539,#1853);
#1211=LINE('',#9562,#1854);
#1212=LINE('',#9585,#1855);
#1213=LINE('',#9608,#1856);
#1214=LINE('',#9631,#1857);
#1215=LINE('',#9654,#1858);
#1216=LINE('',#9677,#1859);
#1217=LINE('',#9700,#1860);
#1218=LINE('',#9723,#1861);
#1219=LINE('',#9746,#1862);
#1220=LINE('',#9769,#1863);
#1221=LINE('',#9814,#1864);
#1222=LINE('',#9821,#1865);
#1223=LINE('',#9844,#1866);
#1224=LINE('',#9867,#1867);
#1225=LINE('',#9890,#1868);
#1226=LINE('',#9909,#1869);
#1227=LINE('',#9916,#1870);
#1228=LINE('',#9939,#1871);
#1229=LINE('',#9962,#1872);
#1230=LINE('',#9985,#1873);
#1231=LINE('',#10003,#1874);
#1232=LINE('',#10026,#1875);
#1233=LINE('',#10049,#1876);
#1234=LINE('',#10097,#1877);
#1235=LINE('',#10115,#1878);
#1236=LINE('',#10138,#1879);
#1237=LINE('',#10161,#1880);
#1238=LINE('',#10206,#1881);
#1239=LINE('',#10213,#1882);
#1240=LINE('',#10236,#1883);
#1241=LINE('',#10239,#1884);
#1242=LINE('',#10241,#1885);
#1243=LINE('',#10242,#1886);
#1244=LINE('',#10265,#1887);
#1245=LINE('',#10288,#1888);
#1246=LINE('',#10311,#1889);
#1247=LINE('',#10334,#1890);
#1248=LINE('',#10357,#1891);
#1249=LINE('',#10380,#1892);
#1250=LINE('',#10403,#1893);
#1251=LINE('',#10421,#1894);
#1252=LINE('',#10444,#1895);
#1253=LINE('',#10467,#1896);
#1254=LINE('',#10490,#1897);
#1255=LINE('',#10513,#1898);
#1256=LINE('',#10536,#1899);
#1257=LINE('',#10559,#1900);
#1258=LINE('',#10567,#1901);
#1259=LINE('',#10569,#1902);
#1260=LINE('',#10570,#1903);
#1261=LINE('',#10595,#1904);
#1262=LINE('',#10597,#1905);
#1263=LINE('',#10599,#1906);
#1264=LINE('',#10600,#1907);
#1265=LINE('',#10603,#1908);
#1266=LINE('',#10605,#1909);
#1267=LINE('',#10606,#1910);
#1268=LINE('',#10609,#1911);
#1269=LINE('',#10611,#1912);
#1270=LINE('',#10612,#1913);
#1271=LINE('',#10614,#1914);
#1272=LINE('',#10615,#1915);
#1273=LINE('',#10620,#1916);
#1274=LINE('',#10622,#1917);
#1275=LINE('',#10624,#1918);
#1276=LINE('',#10625,#1919);
#1277=LINE('',#10628,#1920);
#1278=LINE('',#10630,#1921);
#1279=LINE('',#10631,#1922);
#1280=LINE('',#10634,#1923);
#1281=LINE('',#10636,#1924);
#1282=LINE('',#10637,#1925);
#1283=LINE('',#10640,#1926);
#1284=LINE('',#10642,#1927);
#1285=LINE('',#10643,#1928);
#1286=LINE('',#10646,#1929);
#1287=LINE('',#10648,#1930);
#1288=LINE('',#10649,#1931);
#1289=LINE('',#10651,#1932);
#1290=LINE('',#10652,#1933);
#1291=LINE('',#10672,#1934);
#1292=LINE('',#10679,#1935);
#1293=LINE('',#10702,#1936);
#1294=LINE('',#10725,#1937);
#1295=LINE('',#10748,#1938);
#1296=LINE('',#10771,#1939);
#1297=LINE('',#10794,#1940);
#1298=LINE('',#10797,#1941);
#1299=LINE('',#10799,#1942);
#1300=LINE('',#10800,#1943);
#1301=LINE('',#10803,#1944);
#1302=LINE('',#10805,#1945);
#1303=LINE('',#10806,#1946);
#1304=LINE('',#10809,#1947);
#1305=LINE('',#10811,#1948);
#1306=LINE('',#10812,#1949);
#1307=LINE('',#10815,#1950);
#1308=LINE('',#10817,#1951);
#1309=LINE('',#10818,#1952);
#1310=LINE('',#10821,#1953);
#1311=LINE('',#10823,#1954);
#1312=LINE('',#10824,#1955);
#1313=LINE('',#10827,#1956);
#1314=LINE('',#10829,#1957);
#1315=LINE('',#10830,#1958);
#1316=LINE('',#10833,#1959);
#1317=LINE('',#10835,#1960);
#1318=LINE('',#10836,#1961);
#1319=LINE('',#10854,#1962);
#1320=LINE('',#10877,#1963);
#1321=LINE('',#10900,#1964);
#1322=LINE('',#10923,#1965);
#1323=LINE('',#10946,#1966);
#1324=LINE('',#10953,#1967);
#1325=LINE('',#10954,#1968);
#1326=LINE('',#10974,#1969);
#1327=LINE('',#10981,#1970);
#1328=LINE('',#10984,#1971);
#1329=LINE('',#10986,#1972);
#1330=LINE('',#10987,#1973);
#1331=LINE('',#11010,#1974);
#1332=LINE('',#11033,#1975);
#1333=LINE('',#11056,#1976);
#1334=LINE('',#11079,#1977);
#1335=LINE('',#11102,#1978);
#1336=LINE('',#11125,#1979);
#1337=LINE('',#11148,#1980);
#1338=LINE('',#11171,#1981);
#1339=LINE('',#11194,#1982);
#1340=LINE('',#11217,#1983);
#1341=LINE('',#11240,#1984);
#1342=LINE('',#11263,#1985);
#1343=LINE('',#11286,#1986);
#1344=LINE('',#11309,#1987);
#1345=LINE('',#11332,#1988);
#1346=LINE('',#11350,#1989);
#1347=LINE('',#11373,#1990);
#1348=LINE('',#11396,#1991);
#1349=LINE('',#11419,#1992);
#1350=LINE('',#11442,#1993);
#1351=LINE('',#11465,#1994);
#1352=LINE('',#11488,#1995);
#1353=LINE('',#11511,#1996);
#1354=LINE('',#11534,#1997);
#1355=LINE('',#11557,#1998);
#1356=LINE('',#11580,#1999);
#1357=LINE('',#11603,#2000);
#1358=LINE('',#11626,#2001);
#1359=LINE('',#11649,#2002);
#1360=LINE('',#11672,#2003);
#1361=LINE('',#11679,#2004);
#1362=LINE('',#11680,#2005);
#1363=LINE('',#11685,#2006);
#1364=LINE('',#11687,#2007);
#1365=LINE('',#11689,#2008);
#1366=LINE('',#11690,#2009);
#1367=LINE('',#11693,#2010);
#1368=LINE('',#11695,#2011);
#1369=LINE('',#11696,#2012);
#1370=LINE('',#11699,#2013);
#1371=LINE('',#11701,#2014);
#1372=LINE('',#11702,#2015);
#1373=LINE('',#11705,#2016);
#1374=LINE('',#11707,#2017);
#1375=LINE('',#11708,#2018);
#1376=LINE('',#11711,#2019);
#1377=LINE('',#11713,#2020);
#1378=LINE('',#11714,#2021);
#1379=LINE('',#11717,#2022);
#1380=LINE('',#11719,#2023);
#1381=LINE('',#11720,#2024);
#1382=LINE('',#11723,#2025);
#1383=LINE('',#11725,#2026);
#1384=LINE('',#11726,#2027);
#1385=LINE('',#11729,#2028);
#1386=LINE('',#11731,#2029);
#1387=LINE('',#11732,#2030);
#1388=LINE('',#11735,#2031);
#1389=LINE('',#11737,#2032);
#1390=LINE('',#11738,#2033);
#1391=LINE('',#11741,#2034);
#1392=LINE('',#11743,#2035);
#1393=LINE('',#11744,#2036);
#1394=LINE('',#11747,#2037);
#1395=LINE('',#11749,#2038);
#1396=LINE('',#11750,#2039);
#1397=LINE('',#11752,#2040);
#1398=LINE('',#11753,#2041);
#1399=LINE('',#11758,#2042);
#1400=LINE('',#11760,#2043);
#1401=LINE('',#11762,#2044);
#1402=LINE('',#11763,#2045);
#1403=LINE('',#11786,#2046);
#1404=LINE('',#11809,#2047);
#1405=LINE('',#11832,#2048);
#1406=LINE('',#11855,#2049);
#1407=LINE('',#11878,#2050);
#1408=LINE('',#11901,#2051);
#1409=LINE('',#11904,#2052);
#1410=LINE('',#11906,#2053);
#1411=LINE('',#11907,#2054);
#1412=LINE('',#11910,#2055);
#1413=LINE('',#11912,#2056);
#1414=LINE('',#11913,#2057);
#1415=LINE('',#11916,#2058);
#1416=LINE('',#11918,#2059);
#1417=LINE('',#11919,#2060);
#1418=LINE('',#11922,#2061);
#1419=LINE('',#11924,#2062);
#1420=LINE('',#11925,#2063);
#1421=LINE('',#11928,#2064);
#1422=LINE('',#11930,#2065);
#1423=LINE('',#11931,#2066);
#1424=LINE('',#11949,#2067);
#1425=LINE('',#11972,#2068);
#1426=LINE('',#11995,#2069);
#1427=LINE('',#12018,#2070);
#1428=LINE('',#12041,#2071);
#1429=LINE('',#12049,#2072);
#1430=LINE('',#12051,#2073);
#1431=LINE('',#12052,#2074);
#1432=LINE('',#12054,#2075);
#1433=LINE('',#12055,#2076);
#1434=LINE('',#12060,#2077);
#1435=LINE('',#12062,#2078);
#1436=LINE('',#12064,#2079);
#1437=LINE('',#12065,#2080);
#1438=LINE('',#12068,#2081);
#1439=LINE('',#12070,#2082);
#1440=LINE('',#12071,#2083);
#1441=LINE('',#12074,#2084);
#1442=LINE('',#12076,#2085);
#1443=LINE('',#12077,#2086);
#1444=LINE('',#12100,#2087);
#1445=LINE('',#12123,#2088);
#1446=LINE('',#12146,#2089);
#1447=LINE('',#12169,#2090);
#1448=LINE('',#12192,#2091);
#1449=LINE('',#12195,#2092);
#1450=LINE('',#12197,#2093);
#1451=LINE('',#12198,#2094);
#1452=LINE('',#12216,#2095);
#1453=LINE('',#12239,#2096);
#1454=LINE('',#12262,#2097);
#1455=LINE('',#12285,#2098);
#1456=LINE('',#12293,#2099);
#1457=LINE('',#12295,#2100);
#1458=LINE('',#12296,#2101);
#1459=LINE('',#12299,#2102);
#1460=LINE('',#12301,#2103);
#1461=LINE('',#12302,#2104);
#1462=LINE('',#12305,#2105);
#1463=LINE('',#12307,#2106);
#1464=LINE('',#12308,#2107);
#1465=LINE('',#12310,#2108);
#1466=LINE('',#12311,#2109);
#1467=LINE('',#12331,#2110);
#1468=LINE('',#12338,#2111);
#1469=LINE('',#12341,#2112);
#1470=LINE('',#12343,#2113);
#1471=LINE('',#12344,#2114);
#1472=LINE('',#12367,#2115);
#1473=LINE('',#12390,#2116);
#1474=LINE('',#12413,#2117);
#1475=LINE('',#12436,#2118);
#1476=LINE('',#12459,#2119);
#1477=LINE('',#12482,#2120);
#1478=LINE('',#12505,#2121);
#1479=LINE('',#12528,#2122);
#1480=LINE('',#12551,#2123);
#1481=LINE('',#12574,#2124);
#1482=LINE('',#12597,#2125);
#1483=LINE('',#12620,#2126);
#1484=LINE('',#12643,#2127);
#1485=LINE('',#12666,#2128);
#1486=LINE('',#12689,#2129);
#1487=LINE('',#12707,#2130);
#1488=LINE('',#12730,#2131);
#1489=LINE('',#12753,#2132);
#1490=LINE('',#12776,#2133);
#1491=LINE('',#12799,#2134);
#1492=LINE('',#12822,#2135);
#1493=LINE('',#12845,#2136);
#1494=LINE('',#12868,#2137);
#1495=LINE('',#12891,#2138);
#1496=LINE('',#12914,#2139);
#1497=LINE('',#12937,#2140);
#1498=LINE('',#12960,#2141);
#1499=LINE('',#12983,#2142);
#1500=LINE('',#13006,#2143);
#1501=LINE('',#13029,#2144);
#1502=LINE('',#13036,#2145);
#1503=LINE('',#13037,#2146);
#1504=LINE('',#13057,#2147);
#1505=LINE('',#13064,#2148);
#1506=LINE('',#13087,#2149);
#1507=LINE('',#13110,#2150);
#1508=LINE('',#13133,#2151);
#1509=LINE('',#13156,#2152);
#1510=LINE('',#13159,#2153);
#1511=LINE('',#13161,#2154);
#1512=LINE('',#13162,#2155);
#1513=LINE('',#13165,#2156);
#1514=LINE('',#13167,#2157);
#1515=LINE('',#13168,#2158);
#1516=LINE('',#13171,#2159);
#1517=LINE('',#13173,#2160);
#1518=LINE('',#13174,#2161);
#1519=LINE('',#13197,#2162);
#1520=LINE('',#13220,#2163);
#1521=LINE('',#13243,#2164);
#1522=LINE('',#13266,#2165);
#1523=LINE('',#13289,#2166);
#1524=LINE('',#13292,#2167);
#1525=LINE('',#13294,#2168);
#1526=LINE('',#13295,#2169);
#1527=LINE('',#13298,#2170);
#1528=LINE('',#13300,#2171);
#1529=LINE('',#13301,#2172);
#1530=LINE('',#13304,#2173);
#1531=LINE('',#13306,#2174);
#1532=LINE('',#13307,#2175);
#1533=LINE('',#13310,#2176);
#1534=LINE('',#13312,#2177);
#1535=LINE('',#13313,#2178);
#1536=LINE('',#13331,#2179);
#1537=LINE('',#13354,#2180);
#1538=LINE('',#13377,#2181);
#1539=LINE('',#13400,#2182);
#1540=LINE('',#13423,#2183);
#1541=LINE('',#13446,#2184);
#1542=LINE('',#13469,#2185);
#1543=LINE('',#13477,#2186);
#1544=LINE('',#13479,#2187);
#1545=LINE('',#13480,#2188);
#1546=LINE('',#13483,#2189);
#1547=LINE('',#13485,#2190);
#1548=LINE('',#13486,#2191);
#1549=LINE('',#13489,#2192);
#1550=LINE('',#13491,#2193);
#1551=LINE('',#13492,#2194);
#1552=LINE('',#13494,#2195);
#1553=LINE('',#13495,#2196);
#1554=LINE('',#13500,#2197);
#1555=LINE('',#13502,#2198);
#1556=LINE('',#13504,#2199);
#1557=LINE('',#13505,#2200);
#1558=LINE('',#13508,#2201);
#1559=LINE('',#13510,#2202);
#1560=LINE('',#13511,#2203);
#1561=LINE('',#13514,#2204);
#1562=LINE('',#13516,#2205);
#1563=LINE('',#13517,#2206);
#1564=LINE('',#13519,#2207);
#1565=LINE('',#13520,#2208);
#1566=LINE('',#13540,#2209);
#1567=LINE('',#13547,#2210);
#1568=LINE('',#13550,#2211);
#1569=LINE('',#13552,#2212);
#1570=LINE('',#13553,#2213);
#1571=LINE('',#13576,#2214);
#1572=LINE('',#13599,#2215);
#1573=LINE('',#13622,#2216);
#1574=LINE('',#13645,#2217);
#1575=LINE('',#13648,#2218);
#1576=LINE('',#13650,#2219);
#1577=LINE('',#13651,#2220);
#1578=LINE('',#13669,#2221);
#1579=LINE('',#13692,#2222);
#1580=LINE('',#13700,#2223);
#1581=LINE('',#13702,#2224);
#1582=LINE('',#13703,#2225);
#1583=LINE('',#13706,#2226);
#1584=LINE('',#13708,#2227);
#1585=LINE('',#13709,#2228);
#1586=LINE('',#13712,#2229);
#1587=LINE('',#13714,#2230);
#1588=LINE('',#13715,#2231);
#1589=LINE('',#13717,#2232);
#1590=LINE('',#13718,#2233);
#1591=LINE('',#13738,#2234);
#1592=LINE('',#13745,#2235);
#1593=LINE('',#13768,#2236);
#1594=LINE('',#13791,#2237);
#1595=LINE('',#13814,#2238);
#1596=LINE('',#13833,#2239);
#1597=LINE('',#13840,#2240);
#1598=LINE('',#13863,#2241);
#1599=LINE('',#13886,#2242);
#1600=LINE('',#13909,#2243);
#1601=LINE('',#13932,#2244);
#1602=LINE('',#13955,#2245);
#1603=LINE('',#13978,#2246);
#1604=LINE('',#13996,#2247);
#1605=LINE('',#14019,#2248);
#1606=LINE('',#14042,#2249);
#1607=LINE('',#14070,#2250);
#1608=LINE('',#14072,#2251);
#1609=LINE('',#14073,#2252);
#1610=LINE('',#14091,#2253);
#1611=LINE('',#14114,#2254);
#1612=LINE('',#14137,#2255);
#1613=LINE('',#14145,#2256);
#1614=LINE('',#14147,#2257);
#1615=LINE('',#14148,#2258);
#1616=LINE('',#14151,#2259);
#1617=LINE('',#14153,#2260);
#1618=LINE('',#14154,#2261);
#1619=LINE('',#14157,#2262);
#1620=LINE('',#14159,#2263);
#1621=LINE('',#14160,#2264);
#1622=LINE('',#14162,#2265);
#1623=LINE('',#14163,#2266);
#1624=LINE('',#14183,#2267);
#1625=LINE('',#14190,#2268);
#1626=LINE('',#14213,#2269);
#1627=LINE('',#14236,#2270);
#1628=LINE('',#14259,#2271);
#1629=LINE('',#14278,#2272);
#1630=LINE('',#14285,#2273);
#1631=LINE('',#14308,#2274);
#1632=LINE('',#14331,#2275);
#1633=LINE('',#14334,#2276);
#1634=LINE('',#14336,#2277);
#1635=LINE('',#14337,#2278);
#1636=LINE('',#14340,#2279);
#1637=LINE('',#14342,#2280);
#1638=LINE('',#14343,#2281);
#1639=LINE('',#14346,#2282);
#1640=LINE('',#14348,#2283);
#1641=LINE('',#14349,#2284);
#1642=LINE('',#14352,#2285);
#1643=LINE('',#14354,#2286);
#1644=LINE('',#14355,#2287);
#1645=LINE('',#14373,#2288);
#1646=LINE('',#14396,#2289);
#1647=LINE('',#14419,#2290);
#1648=LINE('',#14462,#2291);
#1649=LINE('',#14485,#2292);
#1650=LINE('',#14508,#2293);
#1651=LINE('',#14531,#2294);
#1652=LINE('',#14554,#2295);
#1653=LINE('',#14577,#2296);
#1654=LINE('',#14584,#2297);
#1655=LINE('',#14585,#2298);
#1656=LINE('',#14592,#2299);
#1657=LINE('',#14596,#2300);
#1658=LINE('',#14600,#2301);
#1659=LINE('',#14603,#2302);
#1660=LINE('',#14612,#2303);
#1661=LINE('',#14614,#2304);
#1662=LINE('',#14616,#2305);
#1663=LINE('',#14618,#2306);
#1664=LINE('',#14620,#2307);
#1665=LINE('',#14621,#2308);
#1666=LINE('',#14631,#2309);
#1667=LINE('',#14632,#2310);
#1668=LINE('',#14635,#2311);
#1669=LINE('',#14636,#2312);
#1670=LINE('',#14639,#2313);
#1671=LINE('',#14643,#2314);
#1672=LINE('',#14647,#2315);
#1673=LINE('',#14649,#2316);
#1674=LINE('',#14651,#2317);
#1675=LINE('',#14653,#2318);
#1676=LINE('',#14655,#2319);
#1677=LINE('',#14657,#2320);
#1678=LINE('',#14659,#2321);
#1679=LINE('',#14661,#2322);
#1680=LINE('',#14663,#2323);
#1681=LINE('',#14674,#2324);
#1682=LINE('',#14677,#2325);
#1683=LINE('',#14679,#2326);
#1684=LINE('',#14680,#2327);
#1685=LINE('',#14681,#2328);
#1686=LINE('',#14683,#2329);
#1687=LINE('',#14685,#2330);
#1688=LINE('',#14687,#2331);
#1689=LINE('',#14691,#2332);
#1690=LINE('',#14692,#2333);
#1691=LINE('',#14695,#2334);
#1692=LINE('',#14696,#2335);
#1693=LINE('',#14698,#2336);
#1694=LINE('',#14701,#2337);
#1695=LINE('',#14703,#2338);
#1696=LINE('',#14704,#2339);
#1697=LINE('',#14707,#2340);
#1698=LINE('',#14708,#2341);
#1699=LINE('',#14711,#2342);
#1700=LINE('',#14712,#2343);
#1701=LINE('',#14714,#2344);
#1702=LINE('',#14715,#2345);
#1703=LINE('',#14719,#2346);
#1704=LINE('',#14723,#2347);
#1705=LINE('',#14727,#2348);
#1706=LINE('',#14731,#2349);
#1707=LINE('',#14733,#2350);
#1708=LINE('',#14735,#2351);
#1709=LINE('',#14740,#2352);
#1710=LINE('',#14745,#2353);
#1711=LINE('',#14750,#2354);
#1712=LINE('',#14755,#2355);
#1713=LINE('',#14764,#2356);
#1714=LINE('',#14767,#2357);
#1715=LINE('',#14770,#2358);
#1716=LINE('',#14772,#2359);
#1717=LINE('',#14773,#2360);
#1718=LINE('',#14776,#2361);
#1719=LINE('',#14780,#2362);
#1720=LINE('',#14784,#2363);
#1721=LINE('',#14788,#2364);
#1722=LINE('',#14790,#2365);
#1723=LINE('',#14792,#2366);
#1724=LINE('',#14793,#2367);
#1725=LINE('',#14800,#2368);
#1726=LINE('',#14802,#2369);
#1727=LINE('',#14804,#2370);
#1728=LINE('',#14805,#2371);
#1729=LINE('',#14808,#2372);
#1730=LINE('',#14810,#2373);
#1731=LINE('',#14812,#2374);
#1732=LINE('',#14813,#2375);
#1733=LINE('',#14816,#2376);
#1734=LINE('',#14818,#2377);
#1735=LINE('',#14820,#2378);
#1736=LINE('',#14821,#2379);
#1737=LINE('',#14824,#2380);
#1738=LINE('',#14826,#2381);
#1739=LINE('',#14828,#2382);
#1740=LINE('',#14829,#2383);
#1741=LINE('',#14832,#2384);
#1742=LINE('',#14834,#2385);
#1743=LINE('',#14836,#2386);
#1744=LINE('',#14837,#2387);
#1745=LINE('',#14840,#2388);
#1746=LINE('',#14842,#2389);
#1747=LINE('',#14844,#2390);
#1748=LINE('',#14845,#2391);
#1749=LINE('',#14856,#2392);
#1750=LINE('',#14859,#2393);
#1751=LINE('',#14862,#2394);
#1752=LINE('',#14863,#2395);
#1753=LINE('',#14868,#2396);
#1754=LINE('',#14871,#2397);
#1755=LINE('',#14873,#2398);
#1756=LINE('',#14877,#2399);
#1757=LINE('',#14878,#2400);
#1758=LINE('',#14879,#2401);
#1759=LINE('',#14882,#2402);
#1760=LINE('',#14883,#2403);
#1761=LINE('',#14886,#2404);
#1762=LINE('',#14887,#2405);
#1763=LINE('',#14889,#2406);
#1764=LINE('',#14892,#2407);
#1765=LINE('',#14896,#2408);
#1766=LINE('',#14901,#2409);
#1767=LINE('',#14902,#2410);
#1768=LINE('',#14903,#2411);
#1769=LINE('',#14906,#2412);
#1770=LINE('',#14907,#2413);
#1771=LINE('',#14910,#2414);
#1772=LINE('',#14911,#2415);
#1773=LINE('',#14913,#2416);
#1774=LINE('',#14917,#2417);
#1775=LINE('',#14918,#2418);
#1776=LINE('',#14919,#2419);
#1777=LINE('',#14922,#2420);
#1778=LINE('',#14923,#2421);
#1779=LINE('',#14926,#2422);
#1780=LINE('',#14927,#2423);
#1781=LINE('',#14929,#2424);
#1782=LINE('',#14933,#2425);
#1783=LINE('',#14934,#2426);
#1784=LINE('',#14935,#2427);
#1785=LINE('',#14938,#2428);
#1786=LINE('',#14939,#2429);
#1787=LINE('',#14942,#2430);
#1788=LINE('',#14943,#2431);
#1789=LINE('',#14945,#2432);
#1790=LINE('',#14949,#2433);
#1791=LINE('',#14950,#2434);
#1792=LINE('',#14951,#2435);
#1793=LINE('',#14954,#2436);
#1794=LINE('',#14955,#2437);
#1795=LINE('',#14958,#2438);
#1796=LINE('',#14959,#2439);
#1797=LINE('',#14961,#2440);
#1798=LINE('',#14965,#2441);
#1799=LINE('',#14966,#2442);
#1800=LINE('',#14967,#2443);
#1801=LINE('',#14970,#2444);
#1802=LINE('',#14971,#2445);
#1803=LINE('',#14974,#2446);
#1804=LINE('',#14975,#2447);
#1805=LINE('',#14977,#2448);
#1806=LINE('',#14981,#2449);
#1807=LINE('',#14982,#2450);
#1808=LINE('',#14983,#2451);
#1809=LINE('',#14986,#2452);
#1810=LINE('',#14987,#2453);
#1811=LINE('',#14990,#2454);
#1812=LINE('',#14991,#2455);
#1813=LINE('',#14993,#2456);
#1814=LINE('',#14996,#2457);
#1815=LINE('',#15000,#2458);
#1816=LINE('',#15004,#2459);
#1817=LINE('',#15008,#2460);
#1818=LINE('',#15011,#2461);
#1819=VECTOR('',#7907,10.);
#1820=VECTOR('',#7908,10.);
#1821=VECTOR('',#7909,10.);
#1822=VECTOR('',#7910,10.);
#1823=VECTOR('',#7911,10.);
#1824=VECTOR('',#7914,10.);
#1825=VECTOR('',#7915,10.);
#1826=VECTOR('',#7916,10.);
#1827=VECTOR('',#7917,10.);
#1828=VECTOR('',#7918,10.);
#1829=VECTOR('',#7919,10.);
#1830=VECTOR('',#7922,10.);
#1831=VECTOR('',#7923,10.);
#1832=VECTOR('',#7924,10.);
#1833=VECTOR('',#7925,10.);
#1834=VECTOR('',#7926,10.);
#1835=VECTOR('',#7927,10.);
#1836=VECTOR('',#7928,10.);
#1837=VECTOR('',#7929,10.);
#1838=VECTOR('',#7930,10.);
#1839=VECTOR('',#7931,10.);
#1840=VECTOR('',#7934,10.);
#1841=VECTOR('',#7935,10.);
#1842=VECTOR('',#7936,10.);
#1843=VECTOR('',#7937,10.);
#1844=VECTOR('',#7938,10.);
#1845=VECTOR('',#7939,10.);
#1846=VECTOR('',#7940,10.);
#1847=VECTOR('',#7941,10.);
#1848=VECTOR('',#7942,10.);
#1849=VECTOR('',#7945,10.);
#1850=VECTOR('',#7946,10.);
#1851=VECTOR('',#7947,10.);
#1852=VECTOR('',#7948,10.);
#1853=VECTOR('',#7949,10.);
#1854=VECTOR('',#7950,10.);
#1855=VECTOR('',#7951,10.);
#1856=VECTOR('',#7952,10.);
#1857=VECTOR('',#7953,10.);
#1858=VECTOR('',#7954,10.);
#1859=VECTOR('',#7955,10.);
#1860=VECTOR('',#7956,10.);
#1861=VECTOR('',#7957,10.);
#1862=VECTOR('',#7958,10.);
#1863=VECTOR('',#7959,10.);
#1864=VECTOR('',#7962,10.);
#1865=VECTOR('',#7963,10.);
#1866=VECTOR('',#7964,10.);
#1867=VECTOR('',#7965,10.);
#1868=VECTOR('',#7966,10.);
#1869=VECTOR('',#7967,10.);
#1870=VECTOR('',#7968,10.);
#1871=VECTOR('',#7969,10.);
#1872=VECTOR('',#7970,10.);
#1873=VECTOR('',#7971,10.);
#1874=VECTOR('',#7972,10.);
#1875=VECTOR('',#7973,10.);
#1876=VECTOR('',#7974,10.);
#1877=VECTOR('',#7975,10.);
#1878=VECTOR('',#7976,10.);
#1879=VECTOR('',#7977,10.);
#1880=VECTOR('',#7978,10.);
#1881=VECTOR('',#7981,10.);
#1882=VECTOR('',#7982,10.);
#1883=VECTOR('',#7983,10.);
#1884=VECTOR('',#7986,10.);
#1885=VECTOR('',#7987,10.);
#1886=VECTOR('',#7988,10.);
#1887=VECTOR('',#7989,10.);
#1888=VECTOR('',#7990,10.);
#1889=VECTOR('',#7991,10.);
#1890=VECTOR('',#7992,10.);
#1891=VECTOR('',#7993,10.);
#1892=VECTOR('',#7994,10.);
#1893=VECTOR('',#7995,10.);
#1894=VECTOR('',#7996,10.);
#1895=VECTOR('',#7997,10.);
#1896=VECTOR('',#7998,10.);
#1897=VECTOR('',#7999,10.);
#1898=VECTOR('',#8000,10.);
#1899=VECTOR('',#8001,10.);
#1900=VECTOR('',#8002,10.);
#1901=VECTOR('',#8005,10.);
#1902=VECTOR('',#8006,10.);
#1903=VECTOR('',#8007,10.);
#1904=VECTOR('',#8012,10.);
#1905=VECTOR('',#8013,10.);
#1906=VECTOR('',#8014,10.);
#1907=VECTOR('',#8015,10.);
#1908=VECTOR('',#8018,10.);
#1909=VECTOR('',#8019,10.);
#1910=VECTOR('',#8020,10.);
#1911=VECTOR('',#8023,10.);
#1912=VECTOR('',#8024,10.);
#1913=VECTOR('',#8025,10.);
#1914=VECTOR('',#8028,10.);
#1915=VECTOR('',#8029,10.);
#1916=VECTOR('',#8034,10.);
#1917=VECTOR('',#8035,10.);
#1918=VECTOR('',#8036,10.);
#1919=VECTOR('',#8037,10.);
#1920=VECTOR('',#8040,10.);
#1921=VECTOR('',#8041,10.);
#1922=VECTOR('',#8042,10.);
#1923=VECTOR('',#8045,10.);
#1924=VECTOR('',#8046,10.);
#1925=VECTOR('',#8047,10.);
#1926=VECTOR('',#8050,10.);
#1927=VECTOR('',#8051,10.);
#1928=VECTOR('',#8052,10.);
#1929=VECTOR('',#8055,10.);
#1930=VECTOR('',#8056,10.);
#1931=VECTOR('',#8057,10.);
#1932=VECTOR('',#8060,10.);
#1933=VECTOR('',#8061,10.);
#1934=VECTOR('',#8064,10.);
#1935=VECTOR('',#8065,10.);
#1936=VECTOR('',#8066,10.);
#1937=VECTOR('',#8067,10.);
#1938=VECTOR('',#8068,10.);
#1939=VECTOR('',#8069,10.);
#1940=VECTOR('',#8070,10.);
#1941=VECTOR('',#8073,10.);
#1942=VECTOR('',#8074,10.);
#1943=VECTOR('',#8075,10.);
#1944=VECTOR('',#8078,10.);
#1945=VECTOR('',#8079,10.);
#1946=VECTOR('',#8080,10.);
#1947=VECTOR('',#8083,10.);
#1948=VECTOR('',#8084,10.);
#1949=VECTOR('',#8085,10.);
#1950=VECTOR('',#8088,10.);
#1951=VECTOR('',#8089,10.);
#1952=VECTOR('',#8090,10.);
#1953=VECTOR('',#8093,10.);
#1954=VECTOR('',#8094,10.);
#1955=VECTOR('',#8095,10.);
#1956=VECTOR('',#8098,10.);
#1957=VECTOR('',#8099,10.);
#1958=VECTOR('',#8100,10.);
#1959=VECTOR('',#8103,10.);
#1960=VECTOR('',#8104,10.);
#1961=VECTOR('',#8105,10.);
#1962=VECTOR('',#8106,10.);
#1963=VECTOR('',#8107,10.);
#1964=VECTOR('',#8108,10.);
#1965=VECTOR('',#8109,10.);
#1966=VECTOR('',#8110,10.);
#1967=VECTOR('',#8113,10.);
#1968=VECTOR('',#8114,10.);
#1969=VECTOR('',#8117,10.);
#1970=VECTOR('',#8118,10.);
#1971=VECTOR('',#8121,10.);
#1972=VECTOR('',#8122,10.);
#1973=VECTOR('',#8123,10.);
#1974=VECTOR('',#8124,10.);
#1975=VECTOR('',#8125,10.);
#1976=VECTOR('',#8126,10.);
#1977=VECTOR('',#8127,10.);
#1978=VECTOR('',#8128,10.);
#1979=VECTOR('',#8129,10.);
#1980=VECTOR('',#8130,10.);
#1981=VECTOR('',#8131,10.);
#1982=VECTOR('',#8132,10.);
#1983=VECTOR('',#8133,10.);
#1984=VECTOR('',#8134,10.);
#1985=VECTOR('',#8135,10.);
#1986=VECTOR('',#8136,10.);
#1987=VECTOR('',#8137,10.);
#1988=VECTOR('',#8138,10.);
#1989=VECTOR('',#8139,10.);
#1990=VECTOR('',#8140,10.);
#1991=VECTOR('',#8141,10.);
#1992=VECTOR('',#8142,10.);
#1993=VECTOR('',#8143,10.);
#1994=VECTOR('',#8144,10.);
#1995=VECTOR('',#8145,10.);
#1996=VECTOR('',#8146,10.);
#1997=VECTOR('',#8147,10.);
#1998=VECTOR('',#8148,10.);
#1999=VECTOR('',#8149,10.);
#2000=VECTOR('',#8150,10.);
#2001=VECTOR('',#8151,10.);
#2002=VECTOR('',#8152,10.);
#2003=VECTOR('',#8153,10.);
#2004=VECTOR('',#8156,10.);
#2005=VECTOR('',#8157,10.);
#2006=VECTOR('',#8162,10.);
#2007=VECTOR('',#8163,10.);
#2008=VECTOR('',#8164,10.);
#2009=VECTOR('',#8165,10.);
#2010=VECTOR('',#8168,10.);
#2011=VECTOR('',#8169,10.);
#2012=VECTOR('',#8170,10.);
#2013=VECTOR('',#8173,10.);
#2014=VECTOR('',#8174,10.);
#2015=VECTOR('',#8175,10.);
#2016=VECTOR('',#8178,10.);
#2017=VECTOR('',#8179,10.);
#2018=VECTOR('',#8180,10.);
#2019=VECTOR('',#8183,10.);
#2020=VECTOR('',#8184,10.);
#2021=VECTOR('',#8185,10.);
#2022=VECTOR('',#8188,10.);
#2023=VECTOR('',#8189,10.);
#2024=VECTOR('',#8190,10.);
#2025=VECTOR('',#8193,10.);
#2026=VECTOR('',#8194,10.);
#2027=VECTOR('',#8195,10.);
#2028=VECTOR('',#8198,10.);
#2029=VECTOR('',#8199,10.);
#2030=VECTOR('',#8200,10.);
#2031=VECTOR('',#8203,10.);
#2032=VECTOR('',#8204,10.);
#2033=VECTOR('',#8205,10.);
#2034=VECTOR('',#8208,10.);
#2035=VECTOR('',#8209,10.);
#2036=VECTOR('',#8210,10.);
#2037=VECTOR('',#8213,10.);
#2038=VECTOR('',#8214,10.);
#2039=VECTOR('',#8215,10.);
#2040=VECTOR('',#8218,10.);
#2041=VECTOR('',#8219,10.);
#2042=VECTOR('',#8224,10.);
#2043=VECTOR('',#8225,10.);
#2044=VECTOR('',#8226,10.);
#2045=VECTOR('',#8227,10.);
#2046=VECTOR('',#8228,10.);
#2047=VECTOR('',#8229,10.);
#2048=VECTOR('',#8230,10.);
#2049=VECTOR('',#8231,10.);
#2050=VECTOR('',#8232,10.);
#2051=VECTOR('',#8233,10.);
#2052=VECTOR('',#8236,10.);
#2053=VECTOR('',#8237,10.);
#2054=VECTOR('',#8238,10.);
#2055=VECTOR('',#8241,10.);
#2056=VECTOR('',#8242,10.);
#2057=VECTOR('',#8243,10.);
#2058=VECTOR('',#8246,10.);
#2059=VECTOR('',#8247,10.);
#2060=VECTOR('',#8248,10.);
#2061=VECTOR('',#8251,10.);
#2062=VECTOR('',#8252,10.);
#2063=VECTOR('',#8253,10.);
#2064=VECTOR('',#8256,10.);
#2065=VECTOR('',#8257,10.);
#2066=VECTOR('',#8258,10.);
#2067=VECTOR('',#8259,10.);
#2068=VECTOR('',#8260,10.);
#2069=VECTOR('',#8261,10.);
#2070=VECTOR('',#8262,10.);
#2071=VECTOR('',#8263,10.);
#2072=VECTOR('',#8266,10.);
#2073=VECTOR('',#8267,10.);
#2074=VECTOR('',#8268,10.);
#2075=VECTOR('',#8271,10.);
#2076=VECTOR('',#8272,10.);
#2077=VECTOR('',#8277,10.);
#2078=VECTOR('',#8278,10.);
#2079=VECTOR('',#8279,10.);
#2080=VECTOR('',#8280,10.);
#2081=VECTOR('',#8283,10.);
#2082=VECTOR('',#8284,10.);
#2083=VECTOR('',#8285,10.);
#2084=VECTOR('',#8288,10.);
#2085=VECTOR('',#8289,10.);
#2086=VECTOR('',#8290,10.);
#2087=VECTOR('',#8291,10.);
#2088=VECTOR('',#8292,10.);
#2089=VECTOR('',#8293,10.);
#2090=VECTOR('',#8294,10.);
#2091=VECTOR('',#8295,10.);
#2092=VECTOR('',#8298,10.);
#2093=VECTOR('',#8299,10.);
#2094=VECTOR('',#8300,10.);
#2095=VECTOR('',#8301,10.);
#2096=VECTOR('',#8302,10.);
#2097=VECTOR('',#8303,10.);
#2098=VECTOR('',#8304,10.);
#2099=VECTOR('',#8307,10.);
#2100=VECTOR('',#8308,10.);
#2101=VECTOR('',#8309,10.);
#2102=VECTOR('',#8312,10.);
#2103=VECTOR('',#8313,10.);
#2104=VECTOR('',#8314,10.);
#2105=VECTOR('',#8317,10.);
#2106=VECTOR('',#8318,10.);
#2107=VECTOR('',#8319,10.);
#2108=VECTOR('',#8322,10.);
#2109=VECTOR('',#8323,10.);
#2110=VECTOR('',#8326,10.);
#2111=VECTOR('',#8327,10.);
#2112=VECTOR('',#8330,10.);
#2113=VECTOR('',#8331,10.);
#2114=VECTOR('',#8332,10.);
#2115=VECTOR('',#8333,10.);
#2116=VECTOR('',#8334,10.);
#2117=VECTOR('',#8335,10.);
#2118=VECTOR('',#8336,10.);
#2119=VECTOR('',#8337,10.);
#2120=VECTOR('',#8338,10.);
#2121=VECTOR('',#8339,10.);
#2122=VECTOR('',#8340,10.);
#2123=VECTOR('',#8341,10.);
#2124=VECTOR('',#8342,10.);
#2125=VECTOR('',#8343,10.);
#2126=VECTOR('',#8344,10.);
#2127=VECTOR('',#8345,10.);
#2128=VECTOR('',#8346,10.);
#2129=VECTOR('',#8347,10.);
#2130=VECTOR('',#8348,10.);
#2131=VECTOR('',#8349,10.);
#2132=VECTOR('',#8350,10.);
#2133=VECTOR('',#8351,10.);
#2134=VECTOR('',#8352,10.);
#2135=VECTOR('',#8353,10.);
#2136=VECTOR('',#8354,10.);
#2137=VECTOR('',#8355,10.);
#2138=VECTOR('',#8356,10.);
#2139=VECTOR('',#8357,10.);
#2140=VECTOR('',#8358,10.);
#2141=VECTOR('',#8359,10.);
#2142=VECTOR('',#8360,10.);
#2143=VECTOR('',#8361,10.);
#2144=VECTOR('',#8362,10.);
#2145=VECTOR('',#8365,10.);
#2146=VECTOR('',#8366,10.);
#2147=VECTOR('',#8369,10.);
#2148=VECTOR('',#8370,10.);
#2149=VECTOR('',#8371,10.);
#2150=VECTOR('',#8372,10.);
#2151=VECTOR('',#8373,10.);
#2152=VECTOR('',#8374,10.);
#2153=VECTOR('',#8377,10.);
#2154=VECTOR('',#8378,10.);
#2155=VECTOR('',#8379,10.);
#2156=VECTOR('',#8382,10.);
#2157=VECTOR('',#8383,10.);
#2158=VECTOR('',#8384,10.);
#2159=VECTOR('',#8387,10.);
#2160=VECTOR('',#8388,10.);
#2161=VECTOR('',#8389,10.);
#2162=VECTOR('',#8390,10.);
#2163=VECTOR('',#8391,10.);
#2164=VECTOR('',#8392,10.);
#2165=VECTOR('',#8393,10.);
#2166=VECTOR('',#8394,10.);
#2167=VECTOR('',#8397,10.);
#2168=VECTOR('',#8398,10.);
#2169=VECTOR('',#8399,10.);
#2170=VECTOR('',#8402,10.);
#2171=VECTOR('',#8403,10.);
#2172=VECTOR('',#8404,10.);
#2173=VECTOR('',#8407,10.);
#2174=VECTOR('',#8408,10.);
#2175=VECTOR('',#8409,10.);
#2176=VECTOR('',#8412,10.);
#2177=VECTOR('',#8413,10.);
#2178=VECTOR('',#8414,10.);
#2179=VECTOR('',#8415,10.);
#2180=VECTOR('',#8416,10.);
#2181=VECTOR('',#8417,10.);
#2182=VECTOR('',#8418,10.);
#2183=VECTOR('',#8419,10.);
#2184=VECTOR('',#8420,10.);
#2185=VECTOR('',#8421,10.);
#2186=VECTOR('',#8424,10.);
#2187=VECTOR('',#8425,10.);
#2188=VECTOR('',#8426,10.);
#2189=VECTOR('',#8429,10.);
#2190=VECTOR('',#8430,10.);
#2191=VECTOR('',#8431,10.);
#2192=VECTOR('',#8434,10.);
#2193=VECTOR('',#8435,10.);
#2194=VECTOR('',#8436,10.);
#2195=VECTOR('',#8439,10.);
#2196=VECTOR('',#8440,10.);
#2197=VECTOR('',#8445,10.);
#2198=VECTOR('',#8446,10.);
#2199=VECTOR('',#8447,10.);
#2200=VECTOR('',#8448,10.);
#2201=VECTOR('',#8451,10.);
#2202=VECTOR('',#8452,10.);
#2203=VECTOR('',#8453,10.);
#2204=VECTOR('',#8456,10.);
#2205=VECTOR('',#8457,10.);
#2206=VECTOR('',#8458,10.);
#2207=VECTOR('',#8461,10.);
#2208=VECTOR('',#8462,10.);
#2209=VECTOR('',#8465,10.);
#2210=VECTOR('',#8466,10.);
#2211=VECTOR('',#8469,10.);
#2212=VECTOR('',#8470,10.);
#2213=VECTOR('',#8471,10.);
#2214=VECTOR('',#8472,10.);
#2215=VECTOR('',#8473,10.);
#2216=VECTOR('',#8474,10.);
#2217=VECTOR('',#8475,10.);
#2218=VECTOR('',#8478,10.);
#2219=VECTOR('',#8479,10.);
#2220=VECTOR('',#8480,10.);
#2221=VECTOR('',#8481,10.);
#2222=VECTOR('',#8482,10.);
#2223=VECTOR('',#8485,10.);
#2224=VECTOR('',#8486,10.);
#2225=VECTOR('',#8487,10.);
#2226=VECTOR('',#8490,10.);
#2227=VECTOR('',#8491,10.);
#2228=VECTOR('',#8492,10.);
#2229=VECTOR('',#8495,10.);
#2230=VECTOR('',#8496,10.);
#2231=VECTOR('',#8497,10.);
#2232=VECTOR('',#8500,10.);
#2233=VECTOR('',#8501,10.);
#2234=VECTOR('',#8504,10.);
#2235=VECTOR('',#8505,10.);
#2236=VECTOR('',#8506,10.);
#2237=VECTOR('',#8507,10.);
#2238=VECTOR('',#8508,10.);
#2239=VECTOR('',#8509,10.);
#2240=VECTOR('',#8510,10.);
#2241=VECTOR('',#8511,10.);
#2242=VECTOR('',#8512,10.);
#2243=VECTOR('',#8513,10.);
#2244=VECTOR('',#8514,10.);
#2245=VECTOR('',#8515,10.);
#2246=VECTOR('',#8516,10.);
#2247=VECTOR('',#8517,10.);
#2248=VECTOR('',#8518,10.);
#2249=VECTOR('',#8519,10.);
#2250=VECTOR('',#8522,10.);
#2251=VECTOR('',#8523,10.);
#2252=VECTOR('',#8524,10.);
#2253=VECTOR('',#8525,10.);
#2254=VECTOR('',#8526,10.);
#2255=VECTOR('',#8527,10.);
#2256=VECTOR('',#8530,10.);
#2257=VECTOR('',#8531,10.);
#2258=VECTOR('',#8532,10.);
#2259=VECTOR('',#8535,10.);
#2260=VECTOR('',#8536,10.);
#2261=VECTOR('',#8537,10.);
#2262=VECTOR('',#8540,10.);
#2263=VECTOR('',#8541,10.);
#2264=VECTOR('',#8542,10.);
#2265=VECTOR('',#8545,10.);
#2266=VECTOR('',#8546,10.);
#2267=VECTOR('',#8549,10.);
#2268=VECTOR('',#8550,10.);
#2269=VECTOR('',#8551,10.);
#2270=VECTOR('',#8552,10.);
#2271=VECTOR('',#8553,10.);
#2272=VECTOR('',#8554,10.);
#2273=VECTOR('',#8555,10.);
#2274=VECTOR('',#8556,10.);
#2275=VECTOR('',#8557,10.);
#2276=VECTOR('',#8560,10.);
#2277=VECTOR('',#8561,10.);
#2278=VECTOR('',#8562,10.);
#2279=VECTOR('',#8565,10.);
#2280=VECTOR('',#8566,10.);
#2281=VECTOR('',#8567,10.);
#2282=VECTOR('',#8570,10.);
#2283=VECTOR('',#8571,10.);
#2284=VECTOR('',#8572,10.);
#2285=VECTOR('',#8575,10.);
#2286=VECTOR('',#8576,10.);
#2287=VECTOR('',#8577,10.);
#2288=VECTOR('',#8578,10.);
#2289=VECTOR('',#8579,10.);
#2290=VECTOR('',#8580,10.);
#2291=VECTOR('',#8581,10.);
#2292=VECTOR('',#8582,10.);
#2293=VECTOR('',#8583,10.);
#2294=VECTOR('',#8584,10.);
#2295=VECTOR('',#8585,10.);
#2296=VECTOR('',#8586,10.);
#2297=VECTOR('',#8589,10.);
#2298=VECTOR('',#8590,10.);
#2299=VECTOR('',#8597,10.);
#2300=VECTOR('',#8600,10.);
#2301=VECTOR('',#8603,10.);
#2302=VECTOR('',#8606,10.);
#2303=VECTOR('',#8613,10.);
#2304=VECTOR('',#8614,10.);
#2305=VECTOR('',#8615,10.);
#2306=VECTOR('',#8616,10.);
#2307=VECTOR('',#8617,10.);
#2308=VECTOR('',#8618,10.);
#2309=VECTOR('',#8631,10.);
#2310=VECTOR('',#8632,10.);
#2311=VECTOR('',#8635,10.);
#2312=VECTOR('',#8636,10.);
#2313=VECTOR('',#8639,10.);
#2314=VECTOR('',#8642,10.);
#2315=VECTOR('',#8645,10.);
#2316=VECTOR('',#8646,10.);
#2317=VECTOR('',#8647,10.);
#2318=VECTOR('',#8648,10.);
#2319=VECTOR('',#8649,10.);
#2320=VECTOR('',#8650,10.);
#2321=VECTOR('',#8651,10.);
#2322=VECTOR('',#8652,10.);
#2323=VECTOR('',#8653,10.);
#2324=VECTOR('',#8666,10.);
#2325=VECTOR('',#8669,10.);
#2326=VECTOR('',#8670,10.);
#2327=VECTOR('',#8671,10.);
#2328=VECTOR('',#8672,10.);
#2329=VECTOR('',#8675,10.);
#2330=VECTOR('',#8678,10.);
#2331=VECTOR('',#8681,10.);
#2332=VECTOR('',#8686,10.);
#2333=VECTOR('',#8687,10.);
#2334=VECTOR('',#8690,10.);
#2335=VECTOR('',#8691,10.);
#2336=VECTOR('',#8694,10.);
#2337=VECTOR('',#8697,10.);
#2338=VECTOR('',#8698,10.);
#2339=VECTOR('',#8699,10.);
#2340=VECTOR('',#8702,10.);
#2341=VECTOR('',#8703,10.);
#2342=VECTOR('',#8706,10.);
#2343=VECTOR('',#8707,10.);
#2344=VECTOR('',#8710,10.);
#2345=VECTOR('',#8711,10.);
#2346=VECTOR('',#8716,2.99999999999999);
#2347=VECTOR('',#8721,3.00000000000001);
#2348=VECTOR('',#8726,3.00000000000001);
#2349=VECTOR('',#8731,3.00000000000001);
#2350=VECTOR('',#8734,10.);
#2351=VECTOR('',#8737,10.);
#2352=VECTOR('',#8744,1.7);
#2353=VECTOR('',#8751,1.70000000000002);
#2354=VECTOR('',#8758,1.69999999999998);
#2355=VECTOR('',#8765,1.7);
#2356=VECTOR('',#8776,10.);
#2357=VECTOR('',#8779,10.);
#2358=VECTOR('',#8782,10.);
#2359=VECTOR('',#8783,10.);
#2360=VECTOR('',#8784,10.);
#2361=VECTOR('',#8787,10.);
#2362=VECTOR('',#8790,10.);
#2363=VECTOR('',#8793,10.);
#2364=VECTOR('',#8796,10.);
#2365=VECTOR('',#8797,10.);
#2366=VECTOR('',#8798,10.);
#2367=VECTOR('',#8799,10.);
#2368=VECTOR('',#8804,10.);
#2369=VECTOR('',#8805,10.);
#2370=VECTOR('',#8806,10.);
#2371=VECTOR('',#8807,10.);
#2372=VECTOR('',#8808,10.);
#2373=VECTOR('',#8809,10.);
#2374=VECTOR('',#8810,10.);
#2375=VECTOR('',#8811,10.);
#2376=VECTOR('',#8812,10.);
#2377=VECTOR('',#8813,10.);
#2378=VECTOR('',#8814,10.);
#2379=VECTOR('',#8815,10.);
#2380=VECTOR('',#8816,10.);
#2381=VECTOR('',#8817,10.);
#2382=VECTOR('',#8818,10.);
#2383=VECTOR('',#8819,10.);
#2384=VECTOR('',#8820,10.);
#2385=VECTOR('',#8821,10.);
#2386=VECTOR('',#8822,10.);
#2387=VECTOR('',#8823,10.);
#2388=VECTOR('',#8824,10.);
#2389=VECTOR('',#8825,10.);
#2390=VECTOR('',#8826,10.);
#2391=VECTOR('',#8827,10.);
#2392=VECTOR('',#8838,10.);
#2393=VECTOR('',#8841,10.);
#2394=VECTOR('',#8844,10.);
#2395=VECTOR('',#8845,10.);
#2396=VECTOR('',#8852,10.);
#2397=VECTOR('',#8855,10.);
#2398=VECTOR('',#8858,10.);
#2399=VECTOR('',#8861,10.);
#2400=VECTOR('',#8862,10.);
#2401=VECTOR('',#8863,10.);
#2402=VECTOR('',#8866,10.);
#2403=VECTOR('',#8867,10.);
#2404=VECTOR('',#8870,10.);
#2405=VECTOR('',#8871,10.);
#2406=VECTOR('',#8874,10.);
#2407=VECTOR('',#8877,3.5);
#2408=VECTOR('',#8882,3.50000000000001);
#2409=VECTOR('',#8887,10.);
#2410=VECTOR('',#8888,10.);
#2411=VECTOR('',#8889,10.);
#2412=VECTOR('',#8892,10.);
#2413=VECTOR('',#8893,10.);
#2414=VECTOR('',#8896,10.);
#2415=VECTOR('',#8897,10.);
#2416=VECTOR('',#8900,10.);
#2417=VECTOR('',#8903,10.);
#2418=VECTOR('',#8904,10.);
#2419=VECTOR('',#8905,10.);
#2420=VECTOR('',#8908,10.);
#2421=VECTOR('',#8909,10.);
#2422=VECTOR('',#8912,10.);
#2423=VECTOR('',#8913,10.);
#2424=VECTOR('',#8916,10.);
#2425=VECTOR('',#8919,10.);
#2426=VECTOR('',#8920,10.);
#2427=VECTOR('',#8921,10.);
#2428=VECTOR('',#8924,10.);
#2429=VECTOR('',#8925,10.);
#2430=VECTOR('',#8928,10.);
#2431=VECTOR('',#8929,10.);
#2432=VECTOR('',#8932,10.);
#2433=VECTOR('',#8935,10.);
#2434=VECTOR('',#8936,10.);
#2435=VECTOR('',#8937,10.);
#2436=VECTOR('',#8940,10.);
#2437=VECTOR('',#8941,10.);
#2438=VECTOR('',#8944,10.);
#2439=VECTOR('',#8945,10.);
#2440=VECTOR('',#8948,10.);
#2441=VECTOR('',#8951,10.);
#2442=VECTOR('',#8952,10.);
#2443=VECTOR('',#8953,10.);
#2444=VECTOR('',#8956,10.);
#2445=VECTOR('',#8957,10.);
#2446=VECTOR('',#8960,10.);
#2447=VECTOR('',#8961,10.);
#2448=VECTOR('',#8964,10.);
#2449=VECTOR('',#8967,10.);
#2450=VECTOR('',#8968,10.);
#2451=VECTOR('',#8969,10.);
#2452=VECTOR('',#8972,10.);
#2453=VECTOR('',#8973,10.);
#2454=VECTOR('',#8976,10.);
#2455=VECTOR('',#8977,10.);
#2456=VECTOR('',#8980,10.);
#2457=VECTOR('',#8983,1.7);
#2458=VECTOR('',#8988,1.7);
#2459=VECTOR('',#8993,1.7);
#2460=VECTOR('',#8998,1.7);
#2461=VECTOR('',#9003,10.);
#2462=B_SPLINE_CURVE_WITH_KNOTS('',3,(#9024,#9025,#9026,#9027,#9028),
 .UNSPECIFIED.,.F.,.F.,(4,1,4),(0.,0.0156548934824342,0.0347425188804004),
 .UNSPECIFIED.);
#2463=B_SPLINE_CURVE_WITH_KNOTS('',3,(#9032,#9033,#9034,#9035,#9036),
 .UNSPECIFIED.,.F.,.F.,(4,1,4),(0.,0.0156548934824342,0.0347425188804004),
 .UNSPECIFIED.);
#2464=B_SPLINE_CURVE_WITH_KNOTS('',3,(#9049,#9050,#9051,#9052,#9053),
 .UNSPECIFIED.,.F.,.F.,(4,1,4),(0.,0.0202371000766224,0.0392856668658682),
 .UNSPECIFIED.);
#2465=B_SPLINE_CURVE_WITH_KNOTS('',3,(#9055,#9056,#9057,#9058,#9059),
 .UNSPECIFIED.,.F.,.F.,(4,1,4),(0.,0.0202371000766224,0.0392856668658682),
 .UNSPECIFIED.);
#2466=B_SPLINE_CURVE_WITH_KNOTS('',3,(#9072,#9073,#9074,#9075,#9076),
 .UNSPECIFIED.,.F.,.F.,(4,1,4),(0.,0.0181635024677781,0.035745937121371),
 .UNSPECIFIED.);
#2467=B_SPLINE_CURVE_WITH_KNOTS('',3,(#9078,#9079,#9080,#9081,#9082),
 .UNSPECIFIED.,.F.,.F.,(4,1,4),(0.,0.0181635024677781,0.035745937121371),
 .UNSPECIFIED.);
#2468=B_SPLINE_CURVE_WITH_KNOTS('',3,(#9095,#9096,#9097,#9098,#9099),
 .UNSPECIFIED.,.F.,.F.,(4,1,4),(0.,0.0160784841357341,0.0375146074486444),
 .UNSPECIFIED.);
#2469=B_SPLINE_CURVE_WITH_KNOTS('',3,(#9101,#9102,#9103,#9104,#9105),
 .UNSPECIFIED.,.F.,.F.,(4,1,4),(0.,0.0160784841357341,0.0375146074486444),
 .UNSPECIFIED.);
#2470=B_SPLINE_CURVE_WITH_KNOTS('',3,(#9125,#9126,#9127,#9128,#9129),
 .UNSPECIFIED.,.F.,.F.,(4,1,4),(0.,0.0227294607373851,0.0400275397585902),
 .UNSPECIFIED.);
#2471=B_SPLINE_CURVE_WITH_KNOTS('',3,(#9133,#9134,#9135,#9136,#9137),
 .UNSPECIFIED.,.F.,.F.,(4,1,4),(0.,0.0227294607373851,0.0400275397585902),
 .UNSPECIFIED.);
#2472=B_SPLINE_CURVE_WITH_KNOTS('',3,(#9150,#9151,#9152,#9153,#9154),
 .UNSPECIFIED.,.F.,.F.,(4,1,4),(0.,0.0164751472536309,0.0374629298997801),
 .UNSPECIFIED.);
#2473=B_SPLINE_CURVE_WITH_KNOTS('',3,(#9156,#9157,#9158,#9159,#9160),
 .UNSPECIFIED.,.F.,.F.,(4,1,4),(0.,0.0164751472536309,0.0374629298997801),
 .UNSPECIFIED.);
#2474=B_SPLINE_CURVE_WITH_KNOTS('',3,(#9179,#9180,#9181,#9182,#9183),
 .UNSPECIFIED.,.F.,.F.,(4,1,4),(0.,0.0218610044825017,0.0408742315611459),
 .UNSPECIFIED.);
#2475=B_SPLINE_CURVE_WITH_KNOTS('',3,(#9185,#9186,#9187,#9188,#9189),
 .UNSPECIFIED.,.F.,.F.,(4,1,4),(0.,0.0218610044825017,0.0408742315611459),
 .UNSPECIFIED.);
#2476=B_SPLINE_CURVE_WITH_KNOTS('',3,(#9202,#9203,#9204,#9205,#9206),
 .UNSPECIFIED.,.F.,.F.,(4,1,4),(0.,0.0186834822715887,0.0396183302819446),
 .UNSPECIFIED.);
#2477=B_SPLINE_CURVE_WITH_KNOTS('',3,(#9208,#9209,#9210,#9211,#9212),
 .UNSPECIFIED.,.F.,.F.,(4,1,4),(0.,0.0186834822715887,0.0396183302819446),
 .UNSPECIFIED.);
#2478=B_SPLINE_CURVE_WITH_KNOTS('',3,(#9225,#9226,#9227,#9228,#9229),
 .UNSPECIFIED.,.F.,.F.,(4,1,4),(0.,0.0236995037310252,0.0501182896046681),
 .UNSPECIFIED.);
#2479=B_SPLINE_CURVE_WITH_KNOTS('',3,(#9231,#9232,#9233,#9234,#9235),
 .UNSPECIFIED.,.F.,.F.,(4,1,4),(0.,0.0236995037310252,0.0501182896046681),
 .UNSPECIFIED.);
#2480=B_SPLINE_CURVE_WITH_KNOTS('',3,(#9248,#9249,#9250,#9251,#9252),
 .UNSPECIFIED.,.F.,.F.,(4,1,4),(0.,0.0252747823525281,0.0458723170089814),
 .UNSPECIFIED.);
#2481=B_SPLINE_CURVE_WITH_KNOTS('',3,(#9254,#9255,#9256,#9257,#9258),
 .UNSPECIFIED.,.F.,.F.,(4,1,4),(0.,0.0252747823525281,0.0458723170089814),
 .UNSPECIFIED.);
#2482=B_SPLINE_CURVE_WITH_KNOTS('',3,(#9271,#9272,#9273,#9274,#9275),
 .UNSPECIFIED.,.F.,.F.,(4,1,4),(0.,0.016816678395871,0.0307397866107523),
 .UNSPECIFIED.);
#2483=B_SPLINE_CURVE_WITH_KNOTS('',3,(#9277,#9278,#9279,#9280,#9281),
 .UNSPECIFIED.,.F.,.F.,(4,1,4),(0.,0.016816678395871,0.0307397866107523),
 .UNSPECIFIED.);
#2484=B_SPLINE_CURVE_WITH_KNOTS('',3,(#9294,#9295,#9296,#9297,#9298),
 .UNSPECIFIED.,.F.,.F.,(4,1,4),(0.,0.0131451105311355,0.0276733755618633),
 .UNSPECIFIED.);
#2485=B_SPLINE_CURVE_WITH_KNOTS('',3,(#9300,#9301,#9302,#9303,#9304),
 .UNSPECIFIED.,.F.,.F.,(4,1,4),(0.,0.0131451105311355,0.0276733755618633),
 .UNSPECIFIED.);
#2486=B_SPLINE_CURVE_WITH_KNOTS('',3,(#9317,#9318,#9319,#9320,#9321),
 .UNSPECIFIED.,.F.,.F.,(4,1,4),(0.,0.0132712704988016,0.034047160315399),
 .UNSPECIFIED.);
#2487=B_SPLINE_CURVE_WITH_KNOTS('',3,(#9323,#9324,#9325,#9326,#9327),
 .UNSPECIFIED.,.F.,.F.,(4,1,4),(0.,0.0132712704988016,0.034047160315399),
 .UNSPECIFIED.);
#2488=B_SPLINE_CURVE_WITH_KNOTS('',3,(#9346,#9347,#9348,#9349,#9350),
 .UNSPECIFIED.,.F.,.F.,(4,1,4),(0.,0.0419547159119916,0.0651403602893849),
 .UNSPECIFIED.);
#2489=B_SPLINE_CURVE_WITH_KNOTS('',3,(#9352,#9353,#9354,#9355,#9356),
 .UNSPECIFIED.,.F.,.F.,(4,1,4),(0.,0.0419547159119916,0.0651403602893849),
 .UNSPECIFIED.);
#2490=B_SPLINE_CURVE_WITH_KNOTS('',3,(#9369,#9370,#9371,#9372,#9373),
 .UNSPECIFIED.,.F.,.F.,(4,1,4),(0.,0.0137257623536847,0.0277361376999236),
 .UNSPECIFIED.);
#2491=B_SPLINE_CURVE_WITH_KNOTS('',3,(#9375,#9376,#9377,#9378,#9379),
 .UNSPECIFIED.,.F.,.F.,(4,1,4),(0.,0.0137257623536847,0.0277361376999236),
 .UNSPECIFIED.);
#2492=B_SPLINE_CURVE_WITH_KNOTS('',3,(#9392,#9393,#9394,#9395,#9396),
 .UNSPECIFIED.,.F.,.F.,(4,1,4),(0.,0.0137857478759032,0.0275988620422453),
 .UNSPECIFIED.);
#2493=B_SPLINE_CURVE_WITH_KNOTS('',3,(#9399,#9400,#9401,#9402,#9403),
 .UNSPECIFIED.,.F.,.F.,(4,1,4),(0.,0.0137857478759032,0.0275988620422453),
 .UNSPECIFIED.);
#2494=B_SPLINE_CURVE_WITH_KNOTS('',3,(#9415,#9416,#9417,#9418,#9419),
 .UNSPECIFIED.,.F.,.F.,(4,1,4),(0.,0.00908657348173006,0.0183330557012134),
 .UNSPECIFIED.);
#2495=B_SPLINE_CURVE_WITH_KNOTS('',3,(#9422,#9423,#9424,#9425,#9426),
 .UNSPECIFIED.,.F.,.F.,(4,1,4),(0.,0.00908657348173006,0.0183330557012134),
 .UNSPECIFIED.);
#2496=B_SPLINE_CURVE_WITH_KNOTS('',3,(#9438,#9439,#9440,#9441,#9442),
 .UNSPECIFIED.,.F.,.F.,(4,1,4),(0.,0.00975662667297043,0.0191077656578453),
 .UNSPECIFIED.);
#2497=B_SPLINE_CURVE_WITH_KNOTS('',3,(#9445,#9446,#9447,#9448,#9449),
 .UNSPECIFIED.,.F.,.F.,(4,1,4),(0.,0.00975662667297043,0.0191077656578453),
 .UNSPECIFIED.);
#2498=B_SPLINE_CURVE_WITH_KNOTS('',3,(#9461,#9462,#9463,#9464,#9465),
 .UNSPECIFIED.,.F.,.F.,(4,1,4),(0.,0.0196991305080934,0.0330179950737603),
 .UNSPECIFIED.);
#2499=B_SPLINE_CURVE_WITH_KNOTS('',3,(#9468,#9469,#9470,#9471,#9472),
 .UNSPECIFIED.,.F.,.F.,(4,1,4),(0.,0.0196991305080934,0.0330179950737603),
 .UNSPECIFIED.);
#2500=B_SPLINE_CURVE_WITH_KNOTS('',3,(#9483,#9484,#9485,#9486,#9487),
 .UNSPECIFIED.,.F.,.F.,(4,1,4),(0.,0.0261866862414607,0.061850992999276),
 .UNSPECIFIED.);
#2501=B_SPLINE_CURVE_WITH_KNOTS('',3,(#9488,#9489,#9490,#9491,#9492),
 .UNSPECIFIED.,.F.,.F.,(4,1,4),(0.,0.0261866862414607,0.061850992999276),
 .UNSPECIFIED.);
#2502=B_SPLINE_CURVE_WITH_KNOTS('',3,(#9510,#9511,#9512,#9513,#9514),
 .UNSPECIFIED.,.F.,.F.,(4,1,4),(0.,0.019889039382508,0.0444908676333702),
 .UNSPECIFIED.);
#2503=B_SPLINE_CURVE_WITH_KNOTS('',3,(#9517,#9518,#9519,#9520,#9521),
 .UNSPECIFIED.,.F.,.F.,(4,1,4),(0.,0.019889039382508,0.0444908676333702),
 .UNSPECIFIED.);
#2504=B_SPLINE_CURVE_WITH_KNOTS('',3,(#9533,#9534,#9535,#9536,#9537),
 .UNSPECIFIED.,.F.,.F.,(4,1,4),(0.,0.0193614653414322,0.0341389493023823),
 .UNSPECIFIED.);
#2505=B_SPLINE_CURVE_WITH_KNOTS('',3,(#9540,#9541,#9542,#9543,#9544),
 .UNSPECIFIED.,.F.,.F.,(4,1,4),(0.,0.0193614653414322,0.0341389493023823),
 .UNSPECIFIED.);
#2506=B_SPLINE_CURVE_WITH_KNOTS('',3,(#9556,#9557,#9558,#9559,#9560),
 .UNSPECIFIED.,.F.,.F.,(4,1,4),(0.,0.00619220093004768,0.00962026850466832),
 .UNSPECIFIED.);
#2507=B_SPLINE_CURVE_WITH_KNOTS('',3,(#9563,#9564,#9565,#9566,#9567),
 .UNSPECIFIED.,.F.,.F.,(4,1,4),(0.,0.00619220093004768,0.00962026850466832),
 .UNSPECIFIED.);
#2508=B_SPLINE_CURVE_WITH_KNOTS('',3,(#9579,#9580,#9581,#9582,#9583),
 .UNSPECIFIED.,.F.,.F.,(4,1,4),(0.,0.0391645739094138,0.066983566607128),
 .UNSPECIFIED.);
#2509=B_SPLINE_CURVE_WITH_KNOTS('',3,(#9586,#9587,#9588,#9589,#9590),
 .UNSPECIFIED.,.F.,.F.,(4,1,4),(0.,0.0391645739094138,0.066983566607128),
 .UNSPECIFIED.);
#2510=B_SPLINE_CURVE_WITH_KNOTS('',3,(#9602,#9603,#9604,#9605,#9606),
 .UNSPECIFIED.,.F.,.F.,(4,1,4),(0.,0.0138962002640689,0.0332211663358221),
 .UNSPECIFIED.);
#2511=B_SPLINE_CURVE_WITH_KNOTS('',3,(#9609,#9610,#9611,#9612,#9613),
 .UNSPECIFIED.,.F.,.F.,(4,1,4),(0.,0.0138962002640689,0.0332211663358221),
 .UNSPECIFIED.);
#2512=B_SPLINE_CURVE_WITH_KNOTS('',3,(#9625,#9626,#9627,#9628,#9629),
 .UNSPECIFIED.,.F.,.F.,(4,1,4),(0.,0.0144052183962395,0.0293099605798663),
 .UNSPECIFIED.);
#2513=B_SPLINE_CURVE_WITH_KNOTS('',3,(#9632,#9633,#9634,#9635,#9636),
 .UNSPECIFIED.,.F.,.F.,(4,1,4),(0.,0.0144052183962395,0.0293099605798663),
 .UNSPECIFIED.);
#2514=B_SPLINE_CURVE_WITH_KNOTS('',3,(#9648,#9649,#9650,#9651,#9652),
 .UNSPECIFIED.,.F.,.F.,(4,1,4),(0.,0.0146481863560434,0.028749460394856),
 .UNSPECIFIED.);
#2515=B_SPLINE_CURVE_WITH_KNOTS('',3,(#9655,#9656,#9657,#9658,#9659),
 .UNSPECIFIED.,.F.,.F.,(4,1,4),(0.,0.0146481863560434,0.028749460394856),
 .UNSPECIFIED.);
#2516=B_SPLINE_CURVE_WITH_KNOTS('',3,(#9671,#9672,#9673,#9674,#9675),
 .UNSPECIFIED.,.F.,.F.,(4,1,4),(0.,0.0153504004840873,0.0301711906226359),
 .UNSPECIFIED.);
#2517=B_SPLINE_CURVE_WITH_KNOTS('',3,(#9678,#9679,#9680,#9681,#9682),
 .UNSPECIFIED.,.F.,.F.,(4,1,4),(0.,0.0153504004840873,0.0301711906226359),
 .UNSPECIFIED.);
#2518=B_SPLINE_CURVE_WITH_KNOTS('',3,(#9694,#9695,#9696,#9697,#9698),
 .UNSPECIFIED.,.F.,.F.,(4,1,4),(0.,0.0246632877102061,0.0499374000833661),
 .UNSPECIFIED.);
#2519=B_SPLINE_CURVE_WITH_KNOTS('',3,(#9701,#9702,#9703,#9704,#9705),
 .UNSPECIFIED.,.F.,.F.,(4,1,4),(0.,0.0246632877102061,0.0499374000833661),
 .UNSPECIFIED.);
#2520=B_SPLINE_CURVE_WITH_KNOTS('',3,(#9717,#9718,#9719,#9720,#9721),
 .UNSPECIFIED.,.F.,.F.,(4,1,4),(0.,0.0319650039812994,0.0587383156542656),
 .UNSPECIFIED.);
#2521=B_SPLINE_CURVE_WITH_KNOTS('',3,(#9724,#9725,#9726,#9727,#9728),
 .UNSPECIFIED.,.F.,.F.,(4,1,4),(0.,0.0319650039812994,0.0587383156542656),
 .UNSPECIFIED.);
#2522=B_SPLINE_CURVE_WITH_KNOTS('',3,(#9740,#9741,#9742,#9743,#9744),
 .UNSPECIFIED.,.F.,.F.,(4,1,4),(0.,0.0202677552465301,0.0413195141387241),
 .UNSPECIFIED.);
#2523=B_SPLINE_CURVE_WITH_KNOTS('',3,(#9747,#9748,#9749,#9750,#9751),
 .UNSPECIFIED.,.F.,.F.,(4,1,4),(0.,0.0202677552465301,0.0413195141387241),
 .UNSPECIFIED.);
#2524=B_SPLINE_CURVE_WITH_KNOTS('',3,(#9763,#9764,#9765,#9766,#9767),
 .UNSPECIFIED.,.F.,.F.,(4,1,4),(0.,0.0249871185507209,0.0466766974143667),
 .UNSPECIFIED.);
#2525=B_SPLINE_CURVE_WITH_KNOTS('',3,(#9770,#9771,#9772,#9773,#9774),
 .UNSPECIFIED.,.F.,.F.,(4,1,4),(0.,0.0249871185507209,0.0466766974143667),
 .UNSPECIFIED.);
#2526=B_SPLINE_CURVE_WITH_KNOTS('',3,(#9785,#9786,#9787,#9788,#9789),
 .UNSPECIFIED.,.F.,.F.,(4,1,4),(0.,0.0132929705229795,0.0279129078741862),
 .UNSPECIFIED.);
#2527=B_SPLINE_CURVE_WITH_KNOTS('',3,(#9790,#9791,#9792,#9793,#9794),
 .UNSPECIFIED.,.F.,.F.,(4,1,4),(0.,0.0132929705229795,0.0279129078741862),
 .UNSPECIFIED.);
#2528=B_SPLINE_CURVE_WITH_KNOTS('',3,(#9808,#9809,#9810,#9811,#9812),
 .UNSPECIFIED.,.F.,.F.,(4,1,4),(0.,0.0357006126638634,0.0647716686686441),
 .UNSPECIFIED.);
#2529=B_SPLINE_CURVE_WITH_KNOTS('',3,(#9816,#9817,#9818,#9819,#9820),
 .UNSPECIFIED.,.F.,.F.,(4,1,4),(0.,0.0357006126638634,0.0647716686686441),
 .UNSPECIFIED.);
#2530=B_SPLINE_CURVE_WITH_KNOTS('',3,(#9833,#9834,#9835,#9836,#9837),
 .UNSPECIFIED.,.F.,.F.,(4,1,4),(0.,0.0257651471138071,0.0512705503485643),
 .UNSPECIFIED.);
#2531=B_SPLINE_CURVE_WITH_KNOTS('',3,(#9839,#9840,#9841,#9842,#9843),
 .UNSPECIFIED.,.F.,.F.,(4,1,4),(0.,0.0257651471138071,0.0512705503485643),
 .UNSPECIFIED.);
#2532=B_SPLINE_CURVE_WITH_KNOTS('',3,(#9856,#9857,#9858,#9859,#9860),
 .UNSPECIFIED.,.F.,.F.,(4,1,4),(0.,0.0257956516887622,0.0515495148903157),
 .UNSPECIFIED.);
#2533=B_SPLINE_CURVE_WITH_KNOTS('',3,(#9862,#9863,#9864,#9865,#9866),
 .UNSPECIFIED.,.F.,.F.,(4,1,4),(0.,0.0257956516887622,0.0515495148903157),
 .UNSPECIFIED.);
#2534=B_SPLINE_CURVE_WITH_KNOTS('',3,(#9879,#9880,#9881,#9882,#9883),
 .UNSPECIFIED.,.F.,.F.,(4,1,4),(0.,0.0293148690546388,0.0660747666110444),
 .UNSPECIFIED.);
#2535=B_SPLINE_CURVE_WITH_KNOTS('',3,(#9885,#9886,#9887,#9888,#9889),
 .UNSPECIFIED.,.F.,.F.,(4,1,4),(0.,0.0293148690546388,0.0660747666110444),
 .UNSPECIFIED.);
#2536=B_SPLINE_CURVE_WITH_KNOTS('',3,(#9903,#9904,#9905,#9906,#9907),
 .UNSPECIFIED.,.F.,.F.,(4,1,4),(0.,0.0408961314393219,0.0875868169261425),
 .UNSPECIFIED.);
#2537=B_SPLINE_CURVE_WITH_KNOTS('',3,(#9911,#9912,#9913,#9914,#9915),
 .UNSPECIFIED.,.F.,.F.,(4,1,4),(0.,0.0408961314393219,0.0875868169261425),
 .UNSPECIFIED.);
#2538=B_SPLINE_CURVE_WITH_KNOTS('',3,(#9928,#9929,#9930,#9931,#9932),
 .UNSPECIFIED.,.F.,.F.,(4,1,4),(0.,0.0376338730295437,0.0677736879234277),
 .UNSPECIFIED.);
#2539=B_SPLINE_CURVE_WITH_KNOTS('',3,(#9934,#9935,#9936,#9937,#9938),
 .UNSPECIFIED.,.F.,.F.,(4,1,4),(0.,0.0376338730295437,0.0677736879234277),
 .UNSPECIFIED.);
#2540=B_SPLINE_CURVE_WITH_KNOTS('',3,(#9951,#9952,#9953,#9954,#9955),
 .UNSPECIFIED.,.F.,.F.,(4,1,4),(0.,0.026269229383447,0.0528312940977197),
 .UNSPECIFIED.);
#2541=B_SPLINE_CURVE_WITH_KNOTS('',3,(#9957,#9958,#9959,#9960,#9961),
 .UNSPECIFIED.,.F.,.F.,(4,1,4),(0.,0.026269229383447,0.0528312940977197),
 .UNSPECIFIED.);
#2542=B_SPLINE_CURVE_WITH_KNOTS('',3,(#9974,#9975,#9976,#9977,#9978),
 .UNSPECIFIED.,.F.,.F.,(4,1,4),(0.,0.0269803295015675,0.0545011689386695),
 .UNSPECIFIED.);
#2543=B_SPLINE_CURVE_WITH_KNOTS('',3,(#9980,#9981,#9982,#9983,#9984),
 .UNSPECIFIED.,.F.,.F.,(4,1,4),(0.,0.0269803295015675,0.0545011689386695),
 .UNSPECIFIED.);
#2544=B_SPLINE_CURVE_WITH_KNOTS('',3,(#9997,#9998,#9999,#10000,#10001),
 .UNSPECIFIED.,.F.,.F.,(4,1,4),(0.,0.0296776380819347,0.0672498900296932),
 .UNSPECIFIED.);
#2545=B_SPLINE_CURVE_WITH_KNOTS('',3,(#10004,#10005,#10006,#10007,#10008),
 .UNSPECIFIED.,.F.,.F.,(4,1,4),(0.,0.0296776380819347,0.0672498900296932),
 .UNSPECIFIED.);
#2546=B_SPLINE_CURVE_WITH_KNOTS('',3,(#10020,#10021,#10022,#10023,#10024),
 .UNSPECIFIED.,.F.,.F.,(4,1,4),(0.,0.0256556577774179,0.0514614418821431),
 .UNSPECIFIED.);
#2547=B_SPLINE_CURVE_WITH_KNOTS('',3,(#10027,#10028,#10029,#10030,#10031),
 .UNSPECIFIED.,.F.,.F.,(4,1,4),(0.,0.0256556577774179,0.0514614418821431),
 .UNSPECIFIED.);
#2548=B_SPLINE_CURVE_WITH_KNOTS('',3,(#10043,#10044,#10045,#10046,#10047),
 .UNSPECIFIED.,.F.,.F.,(4,1,4),(0.,0.0257538452634311,0.0515495029218782),
 .UNSPECIFIED.);
#2549=B_SPLINE_CURVE_WITH_KNOTS('',3,(#10050,#10051,#10052,#10053,#10054),
 .UNSPECIFIED.,.F.,.F.,(4,1,4),(0.,0.0257538452634311,0.0515495029218782),
 .UNSPECIFIED.);
#2550=B_SPLINE_CURVE_WITH_KNOTS('',3,(#10065,#10066,#10067,#10068,#10069),
 .UNSPECIFIED.,.F.,.F.,(4,1,4),(0.,0.0368106746403922,0.0662614057419374),
 .UNSPECIFIED.);
#2551=B_SPLINE_CURVE_WITH_KNOTS('',3,(#10070,#10071,#10072,#10073,#10074),
 .UNSPECIFIED.,.F.,.F.,(4,1,4),(0.,0.0368106746403922,0.0662614057419374),
 .UNSPECIFIED.);
#2552=B_SPLINE_CURVE_WITH_KNOTS('',3,(#10086,#10087,#10088,#10089,#10090),
 .UNSPECIFIED.,.F.,.F.,(4,1,4),(0.,0.0419289814424981,0.0812191197438804),
 .UNSPECIFIED.);
#2553=B_SPLINE_CURVE_WITH_KNOTS('',3,(#10092,#10093,#10094,#10095,#10096),
 .UNSPECIFIED.,.F.,.F.,(4,1,4),(0.,0.0419289814424981,0.0812191197438804),
 .UNSPECIFIED.);
#2554=B_SPLINE_CURVE_WITH_KNOTS('',3,(#10109,#10110,#10111,#10112,#10113),
 .UNSPECIFIED.,.F.,.F.,(4,1,4),(0.,0.041384022272094,0.0807177536763302),
 .UNSPECIFIED.);
#2555=B_SPLINE_CURVE_WITH_KNOTS('',3,(#10116,#10117,#10118,#10119,#10120),
 .UNSPECIFIED.,.F.,.F.,(4,1,4),(0.,0.041384022272094,0.0807177536763302),
 .UNSPECIFIED.);
#2556=B_SPLINE_CURVE_WITH_KNOTS('',3,(#10132,#10133,#10134,#10135,#10136),
 .UNSPECIFIED.,.F.,.F.,(4,1,4),(0.,0.0359933052245142,0.0737235803117941),
 .UNSPECIFIED.);
#2557=B_SPLINE_CURVE_WITH_KNOTS('',3,(#10139,#10140,#10141,#10142,#10143),
 .UNSPECIFIED.,.F.,.F.,(4,1,4),(0.,0.0359933052245142,0.0737235803117941),
 .UNSPECIFIED.);
#2558=B_SPLINE_CURVE_WITH_KNOTS('',3,(#10155,#10156,#10157,#10158,#10159),
 .UNSPECIFIED.,.F.,.F.,(4,1,4),(0.,0.0532066197629198,0.0978623965726895),
 .UNSPECIFIED.);
#2559=B_SPLINE_CURVE_WITH_KNOTS('',3,(#10162,#10163,#10164,#10165,#10166),
 .UNSPECIFIED.,.F.,.F.,(4,1,4),(0.,0.0532066197629198,0.0978623965726895),
 .UNSPECIFIED.);
#2560=B_SPLINE_CURVE_WITH_KNOTS('',3,(#10177,#10178,#10179,#10180,#10181),
 .UNSPECIFIED.,.F.,.F.,(4,1,4),(0.,0.0414400776190129,0.0905444868197482),
 .UNSPECIFIED.);
#2561=B_SPLINE_CURVE_WITH_KNOTS('',3,(#10182,#10183,#10184,#10185,#10186),
 .UNSPECIFIED.,.F.,.F.,(4,1,4),(0.,0.0414400776190129,0.0905444868197482),
 .UNSPECIFIED.);
#2562=B_SPLINE_CURVE_WITH_KNOTS('',3,(#10200,#10201,#10202,#10203,#10204),
 .UNSPECIFIED.,.F.,.F.,(4,1,4),(0.,0.032492819064899,0.0615551219824825),
 .UNSPECIFIED.);
#2563=B_SPLINE_CURVE_WITH_KNOTS('',3,(#10208,#10209,#10210,#10211,#10212),
 .UNSPECIFIED.,.F.,.F.,(4,1,4),(0.,0.032492819064899,0.0615551219824825),
 .UNSPECIFIED.);
#2564=B_SPLINE_CURVE_WITH_KNOTS('',3,(#10225,#10226,#10227,#10228,#10229),
 .UNSPECIFIED.,.F.,.F.,(4,1,4),(0.,0.028411101722809,0.0593662136708615),
 .UNSPECIFIED.);
#2565=B_SPLINE_CURVE_WITH_KNOTS('',3,(#10231,#10232,#10233,#10234,#10235),
 .UNSPECIFIED.,.F.,.F.,(4,1,4),(0.,0.028411101722809,0.0593662136708615),
 .UNSPECIFIED.);
#2566=B_SPLINE_CURVE_WITH_KNOTS('',3,(#10254,#10255,#10256,#10257,#10258),
 .UNSPECIFIED.,.F.,.F.,(4,1,4),(0.,0.02046040648073,0.0381419326843982),
 .UNSPECIFIED.);
#2567=B_SPLINE_CURVE_WITH_KNOTS('',3,(#10260,#10261,#10262,#10263,#10264),
 .UNSPECIFIED.,.F.,.F.,(4,1,4),(0.,0.02046040648073,0.0381419326843982),
 .UNSPECIFIED.);
#2568=B_SPLINE_CURVE_WITH_KNOTS('',3,(#10277,#10278,#10279,#10280,#10281),
 .UNSPECIFIED.,.F.,.F.,(4,1,4),(0.,0.0165052233576022,0.0337639055294323),
 .UNSPECIFIED.);
#2569=B_SPLINE_CURVE_WITH_KNOTS('',3,(#10283,#10284,#10285,#10286,#10287),
 .UNSPECIFIED.,.F.,.F.,(4,1,4),(0.,0.0165052233576022,0.0337639055294323),
 .UNSPECIFIED.);
#2570=B_SPLINE_CURVE_WITH_KNOTS('',3,(#10300,#10301,#10302,#10303,#10304),
 .UNSPECIFIED.,.F.,.F.,(4,1,4),(0.,0.025715185385894,0.0507424674045018),
 .UNSPECIFIED.);
#2571=B_SPLINE_CURVE_WITH_KNOTS('',3,(#10306,#10307,#10308,#10309,#10310),
 .UNSPECIFIED.,.F.,.F.,(4,1,4),(0.,0.025715185385894,0.0507424674045018),
 .UNSPECIFIED.);
#2572=B_SPLINE_CURVE_WITH_KNOTS('',3,(#10323,#10324,#10325,#10326,#10327),
 .UNSPECIFIED.,.F.,.F.,(4,1,4),(0.,0.028805609577931,0.0664044699906886),
 .UNSPECIFIED.);
#2573=B_SPLINE_CURVE_WITH_KNOTS('',3,(#10329,#10330,#10331,#10332,#10333),
 .UNSPECIFIED.,.F.,.F.,(4,1,4),(0.,0.028805609577931,0.0664044699906886),
 .UNSPECIFIED.);
#2574=B_SPLINE_CURVE_WITH_KNOTS('',3,(#10346,#10347,#10348,#10349,#10350),
 .UNSPECIFIED.,.F.,.F.,(4,1,4),(0.,0.038038962016719,0.0667768904032273),
 .UNSPECIFIED.);
#2575=B_SPLINE_CURVE_WITH_KNOTS('',3,(#10352,#10353,#10354,#10355,#10356),
 .UNSPECIFIED.,.F.,.F.,(4,1,4),(0.,0.038038962016719,0.0667768904032273),
 .UNSPECIFIED.);
#2576=B_SPLINE_CURVE_WITH_KNOTS('',3,(#10369,#10370,#10371,#10372,#10373),
 .UNSPECIFIED.,.F.,.F.,(4,1,4),(0.,0.0244050734071065,0.0493577680694187),
 .UNSPECIFIED.);
#2577=B_SPLINE_CURVE_WITH_KNOTS('',3,(#10375,#10376,#10377,#10378,#10379),
 .UNSPECIFIED.,.F.,.F.,(4,1,4),(0.,0.0244050734071065,0.0493577680694187),
 .UNSPECIFIED.);
#2578=B_SPLINE_CURVE_WITH_KNOTS('',3,(#10392,#10393,#10394,#10395,#10396),
 .UNSPECIFIED.,.F.,.F.,(4,1,4),(0.,0.0201770057644282,0.0393045689721382),
 .UNSPECIFIED.);
#2579=B_SPLINE_CURVE_WITH_KNOTS('',3,(#10398,#10399,#10400,#10401,#10402),
 .UNSPECIFIED.,.F.,.F.,(4,1,4),(0.,0.0201770057644282,0.0393045689721382),
 .UNSPECIFIED.);
#2580=B_SPLINE_CURVE_WITH_KNOTS('',3,(#10415,#10416,#10417,#10418,#10419),
 .UNSPECIFIED.,.F.,.F.,(4,1,4),(0.,0.0268852789729983,0.054101484420548),
 .UNSPECIFIED.);
#2581=B_SPLINE_CURVE_WITH_KNOTS('',3,(#10422,#10423,#10424,#10425,#10426),
 .UNSPECIFIED.,.F.,.F.,(4,1,4),(0.,0.0268852789729983,0.054101484420548),
 .UNSPECIFIED.);
#2582=B_SPLINE_CURVE_WITH_KNOTS('',3,(#10438,#10439,#10440,#10441,#10442),
 .UNSPECIFIED.,.F.,.F.,(4,1,4),(0.,0.0273486264595096,0.05378711769057),
 .UNSPECIFIED.);
#2583=B_SPLINE_CURVE_WITH_KNOTS('',3,(#10445,#10446,#10447,#10448,#10449),
 .UNSPECIFIED.,.F.,.F.,(4,1,4),(0.,0.0273486264595096,0.05378711769057),
 .UNSPECIFIED.);
#2584=B_SPLINE_CURVE_WITH_KNOTS('',3,(#10461,#10462,#10463,#10464,#10465),
 .UNSPECIFIED.,.F.,.F.,(4,1,4),(0.,0.0331265659739551,0.0630329326535758),
 .UNSPECIFIED.);
#2585=B_SPLINE_CURVE_WITH_KNOTS('',3,(#10468,#10469,#10470,#10471,#10472),
 .UNSPECIFIED.,.F.,.F.,(4,1,4),(0.,0.0331265659739551,0.0630329326535758),
 .UNSPECIFIED.);
#2586=B_SPLINE_CURVE_WITH_KNOTS('',3,(#10484,#10485,#10486,#10487,#10488),
 .UNSPECIFIED.,.F.,.F.,(4,1,4),(0.,0.040922642345287,0.0895351627009922),
 .UNSPECIFIED.);
#2587=B_SPLINE_CURVE_WITH_KNOTS('',3,(#10491,#10492,#10493,#10494,#10495),
 .UNSPECIFIED.,.F.,.F.,(4,1,4),(0.,0.040922642345287,0.0895351627009922),
 .UNSPECIFIED.);
#2588=B_SPLINE_CURVE_WITH_KNOTS('',3,(#10507,#10508,#10509,#10510,#10511),
 .UNSPECIFIED.,.F.,.F.,(4,1,4),(0.,0.040912780710114,0.0792710245612411),
 .UNSPECIFIED.);
#2589=B_SPLINE_CURVE_WITH_KNOTS('',3,(#10514,#10515,#10516,#10517,#10518),
 .UNSPECIFIED.,.F.,.F.,(4,1,4),(0.,0.040912780710114,0.0792710245612411),
 .UNSPECIFIED.);
#2590=B_SPLINE_CURVE_WITH_KNOTS('',3,(#10530,#10531,#10532,#10533,#10534),
 .UNSPECIFIED.,.F.,.F.,(4,1,4),(0.,0.0314305218232246,0.0646445345398385),
 .UNSPECIFIED.);
#2591=B_SPLINE_CURVE_WITH_KNOTS('',3,(#10537,#10538,#10539,#10540,#10541),
 .UNSPECIFIED.,.F.,.F.,(4,1,4),(0.,0.0314305218232246,0.0646445345398385),
 .UNSPECIFIED.);
#2592=B_SPLINE_CURVE_WITH_KNOTS('',3,(#10553,#10554,#10555,#10556,#10557),
 .UNSPECIFIED.,.F.,.F.,(4,1,4),(0.,0.0350456018104377,0.0672536438591241),
 .UNSPECIFIED.);
#2593=B_SPLINE_CURVE_WITH_KNOTS('',3,(#10560,#10561,#10562,#10563,#10564),
 .UNSPECIFIED.,.F.,.F.,(4,1,4),(0.,0.0350456018104377,0.0672536438591241),
 .UNSPECIFIED.);
#2594=B_SPLINE_CURVE_WITH_KNOTS('',3,(#10581,#10582,#10583,#10584,#10585),
 .UNSPECIFIED.,.F.,.F.,(4,1,4),(0.,0.0206373042254919,0.0455581073984298),
 .UNSPECIFIED.);
#2595=B_SPLINE_CURVE_WITH_KNOTS('',3,(#10586,#10587,#10588,#10589,#10590),
 .UNSPECIFIED.,.F.,.F.,(4,1,4),(0.,0.0206373042254919,0.0455581073984298),
 .UNSPECIFIED.);
#2596=B_SPLINE_CURVE_WITH_KNOTS('',3,(#10666,#10667,#10668,#10669,#10670),
 .UNSPECIFIED.,.F.,.F.,(4,1,4),(0.,0.0241538951505589,0.0389842774449933),
 .UNSPECIFIED.);
#2597=B_SPLINE_CURVE_WITH_KNOTS('',3,(#10674,#10675,#10676,#10677,#10678),
 .UNSPECIFIED.,.F.,.F.,(4,1,4),(0.,0.0241538951505589,0.0389842774449933),
 .UNSPECIFIED.);
#2598=B_SPLINE_CURVE_WITH_KNOTS('',3,(#10691,#10692,#10693,#10694,#10695),
 .UNSPECIFIED.,.F.,.F.,(4,1,4),(0.,0.0140807146439169,0.0276895867143063),
 .UNSPECIFIED.);
#2599=B_SPLINE_CURVE_WITH_KNOTS('',3,(#10697,#10698,#10699,#10700,#10701),
 .UNSPECIFIED.,.F.,.F.,(4,1,4),(0.,0.0140807146439169,0.0276895867143063),
 .UNSPECIFIED.);
#2600=B_SPLINE_CURVE_WITH_KNOTS('',3,(#10714,#10715,#10716,#10717,#10718),
 .UNSPECIFIED.,.F.,.F.,(4,1,4),(0.,0.0140028071090503,0.0293850910663141),
 .UNSPECIFIED.);
#2601=B_SPLINE_CURVE_WITH_KNOTS('',3,(#10720,#10721,#10722,#10723,#10724),
 .UNSPECIFIED.,.F.,.F.,(4,1,4),(0.,0.0140028071090503,0.0293850910663141),
 .UNSPECIFIED.);
#2602=B_SPLINE_CURVE_WITH_KNOTS('',3,(#10737,#10738,#10739,#10740,#10741),
 .UNSPECIFIED.,.F.,.F.,(4,1,4),(0.,0.01620047069637,0.0325046735588051),
 .UNSPECIFIED.);
#2603=B_SPLINE_CURVE_WITH_KNOTS('',3,(#10743,#10744,#10745,#10746,#10747),
 .UNSPECIFIED.,.F.,.F.,(4,1,4),(0.,0.01620047069637,0.0325046735588051),
 .UNSPECIFIED.);
#2604=B_SPLINE_CURVE_WITH_KNOTS('',3,(#10760,#10761,#10762,#10763,#10764),
 .UNSPECIFIED.,.F.,.F.,(4,1,4),(0.,0.0159642032939481,0.0313111496314098),
 .UNSPECIFIED.);
#2605=B_SPLINE_CURVE_WITH_KNOTS('',3,(#10766,#10767,#10768,#10769,#10770),
 .UNSPECIFIED.,.F.,.F.,(4,1,4),(0.,0.0159642032939481,0.0313111496314098),
 .UNSPECIFIED.);
#2606=B_SPLINE_CURVE_WITH_KNOTS('',3,(#10783,#10784,#10785,#10786,#10787),
 .UNSPECIFIED.,.F.,.F.,(4,1,4),(0.,0.0185874892618134,0.0431920136214664),
 .UNSPECIFIED.);
#2607=B_SPLINE_CURVE_WITH_KNOTS('',3,(#10789,#10790,#10791,#10792,#10793),
 .UNSPECIFIED.,.F.,.F.,(4,1,4),(0.,0.0185874892618134,0.0431920136214664),
 .UNSPECIFIED.);
#2608=B_SPLINE_CURVE_WITH_KNOTS('',3,(#10848,#10849,#10850,#10851,#10852),
 .UNSPECIFIED.,.F.,.F.,(4,1,4),(0.,0.0141190421797065,0.0344883444887561),
 .UNSPECIFIED.);
#2609=B_SPLINE_CURVE_WITH_KNOTS('',3,(#10855,#10856,#10857,#10858,#10859),
 .UNSPECIFIED.,.F.,.F.,(4,1,4),(0.,0.0141190421797065,0.0344883444887561),
 .UNSPECIFIED.);
#2610=B_SPLINE_CURVE_WITH_KNOTS('',3,(#10871,#10872,#10873,#10874,#10875),
 .UNSPECIFIED.,.F.,.F.,(4,1,4),(0.,0.0142169383525298,0.0298045189111395),
 .UNSPECIFIED.);
#2611=B_SPLINE_CURVE_WITH_KNOTS('',3,(#10878,#10879,#10880,#10881,#10882),
 .UNSPECIFIED.,.F.,.F.,(4,1,4),(0.,0.0142169383525298,0.0298045189111395),
 .UNSPECIFIED.);
#2612=B_SPLINE_CURVE_WITH_KNOTS('',3,(#10894,#10895,#10896,#10897,#10898),
 .UNSPECIFIED.,.F.,.F.,(4,1,4),(0.,0.0166824877344183,0.0311168638846166),
 .UNSPECIFIED.);
#2613=B_SPLINE_CURVE_WITH_KNOTS('',3,(#10901,#10902,#10903,#10904,#10905),
 .UNSPECIFIED.,.F.,.F.,(4,1,4),(0.,0.0166824877344183,0.0311168638846166),
 .UNSPECIFIED.);
#2614=B_SPLINE_CURVE_WITH_KNOTS('',3,(#10917,#10918,#10919,#10920,#10921),
 .UNSPECIFIED.,.F.,.F.,(4,1,4),(0.,0.0187129533598401,0.0369636545499819),
 .UNSPECIFIED.);
#2615=B_SPLINE_CURVE_WITH_KNOTS('',3,(#10924,#10925,#10926,#10927,#10928),
 .UNSPECIFIED.,.F.,.F.,(4,1,4),(0.,0.0187129533598401,0.0369636545499819),
 .UNSPECIFIED.);
#2616=B_SPLINE_CURVE_WITH_KNOTS('',3,(#10940,#10941,#10942,#10943,#10944),
 .UNSPECIFIED.,.F.,.F.,(4,1,4),(0.,0.0407297301740441,0.0808360291781571),
 .UNSPECIFIED.);
#2617=B_SPLINE_CURVE_WITH_KNOTS('',3,(#10947,#10948,#10949,#10950,#10951),
 .UNSPECIFIED.,.F.,.F.,(4,1,4),(0.,0.0407297301740441,0.0808360291781571),
 .UNSPECIFIED.);
#2618=B_SPLINE_CURVE_WITH_KNOTS('',3,(#10968,#10969,#10970,#10971,#10972),
 .UNSPECIFIED.,.F.,.F.,(4,1,4),(0.,0.0165697114462524,0.0361255350166878),
 .UNSPECIFIED.);
#2619=B_SPLINE_CURVE_WITH_KNOTS('',3,(#10976,#10977,#10978,#10979,#10980),
 .UNSPECIFIED.,.F.,.F.,(4,1,4),(0.,0.0165697114462524,0.0361255350166878),
 .UNSPECIFIED.);
#2620=B_SPLINE_CURVE_WITH_KNOTS('',3,(#10999,#11000,#11001,#11002,#11003),
 .UNSPECIFIED.,.F.,.F.,(4,1,4),(0.,0.0156935659075341,0.0304322034400853),
 .UNSPECIFIED.);
#2621=B_SPLINE_CURVE_WITH_KNOTS('',3,(#11005,#11006,#11007,#11008,#11009),
 .UNSPECIFIED.,.F.,.F.,(4,1,4),(0.,0.0156935659075341,0.0304322034400853),
 .UNSPECIFIED.);
#2622=B_SPLINE_CURVE_WITH_KNOTS('',3,(#11022,#11023,#11024,#11025,#11026),
 .UNSPECIFIED.,.F.,.F.,(4,1,4),(0.,0.015786687240893,0.0349629834323601),
 .UNSPECIFIED.);
#2623=B_SPLINE_CURVE_WITH_KNOTS('',3,(#11028,#11029,#11030,#11031,#11032),
 .UNSPECIFIED.,.F.,.F.,(4,1,4),(0.,0.015786687240893,0.0349629834323601),
 .UNSPECIFIED.);
#2624=B_SPLINE_CURVE_WITH_KNOTS('',3,(#11045,#11046,#11047,#11048,#11049),
 .UNSPECIFIED.,.F.,.F.,(4,1,4),(0.,0.0218437917430047,0.0376303302026461),
 .UNSPECIFIED.);
#2625=B_SPLINE_CURVE_WITH_KNOTS('',3,(#11051,#11052,#11053,#11054,#11055),
 .UNSPECIFIED.,.F.,.F.,(4,1,4),(0.,0.0218437917430047,0.0376303302026461),
 .UNSPECIFIED.);
#2626=B_SPLINE_CURVE_WITH_KNOTS('',3,(#11068,#11069,#11070,#11071,#11072),
 .UNSPECIFIED.,.F.,.F.,(4,1,4),(0.,0.0122104290097153,0.0230925282174711),
 .UNSPECIFIED.);
#2627=B_SPLINE_CURVE_WITH_KNOTS('',3,(#11074,#11075,#11076,#11077,#11078),
 .UNSPECIFIED.,.F.,.F.,(4,1,4),(0.,0.0122104290097153,0.0230925282174711),
 .UNSPECIFIED.);
#2628=B_SPLINE_CURVE_WITH_KNOTS('',3,(#11091,#11092,#11093,#11094,#11095),
 .UNSPECIFIED.,.F.,.F.,(4,1,4),(0.,0.00689669123205101,0.0138583568092846),
 .UNSPECIFIED.);
#2629=B_SPLINE_CURVE_WITH_KNOTS('',3,(#11097,#11098,#11099,#11100,#11101),
 .UNSPECIFIED.,.F.,.F.,(4,1,4),(0.,0.00689669123205101,0.0138583568092846),
 .UNSPECIFIED.);
#2630=B_SPLINE_CURVE_WITH_KNOTS('',3,(#11114,#11115,#11116,#11117,#11118),
 .UNSPECIFIED.,.F.,.F.,(4,1,4),(0.,0.00792643350598363,0.0173549446166968),
 .UNSPECIFIED.);
#2631=B_SPLINE_CURVE_WITH_KNOTS('',3,(#11120,#11121,#11122,#11123,#11124),
 .UNSPECIFIED.,.F.,.F.,(4,1,4),(0.,0.00792643350598363,0.0173549446166968),
 .UNSPECIFIED.);
#2632=B_SPLINE_CURVE_WITH_KNOTS('',3,(#11137,#11138,#11139,#11140,#11141),
 .UNSPECIFIED.,.F.,.F.,(4,1,4),(0.,0.0114081170779597,0.0338748989424598),
 .UNSPECIFIED.);
#2633=B_SPLINE_CURVE_WITH_KNOTS('',3,(#11143,#11144,#11145,#11146,#11147),
 .UNSPECIFIED.,.F.,.F.,(4,1,4),(0.,0.0114081170779597,0.0338748989424598),
 .UNSPECIFIED.);
#2634=B_SPLINE_CURVE_WITH_KNOTS('',3,(#11160,#11161,#11162,#11163,#11164),
 .UNSPECIFIED.,.F.,.F.,(4,1,4),(0.,0.0344900982180746,0.0571137344368951),
 .UNSPECIFIED.);
#2635=B_SPLINE_CURVE_WITH_KNOTS('',3,(#11166,#11167,#11168,#11169,#11170),
 .UNSPECIFIED.,.F.,.F.,(4,1,4),(0.,0.0344900982180746,0.0571137344368951),
 .UNSPECIFIED.);
#2636=B_SPLINE_CURVE_WITH_KNOTS('',3,(#11183,#11184,#11185,#11186,#11187),
 .UNSPECIFIED.,.F.,.F.,(4,1,4),(0.,0.0160485191931009,0.0313579104193546),
 .UNSPECIFIED.);
#2637=B_SPLINE_CURVE_WITH_KNOTS('',3,(#11189,#11190,#11191,#11192,#11193),
 .UNSPECIFIED.,.F.,.F.,(4,1,4),(0.,0.0160485191931009,0.0313579104193546),
 .UNSPECIFIED.);
#2638=B_SPLINE_CURVE_WITH_KNOTS('',3,(#11206,#11207,#11208,#11209,#11210),
 .UNSPECIFIED.,.F.,.F.,(4,1,4),(0.,0.0156789912852995,0.0331103131155002),
 .UNSPECIFIED.);
#2639=B_SPLINE_CURVE_WITH_KNOTS('',3,(#11212,#11213,#11214,#11215,#11216),
 .UNSPECIFIED.,.F.,.F.,(4,1,4),(0.,0.0156789912852995,0.0331103131155002),
 .UNSPECIFIED.);
#2640=B_SPLINE_CURVE_WITH_KNOTS('',3,(#11229,#11230,#11231,#11232,#11233),
 .UNSPECIFIED.,.F.,.F.,(4,1,4),(0.,0.0181100034805846,0.0368501352766032),
 .UNSPECIFIED.);
#2641=B_SPLINE_CURVE_WITH_KNOTS('',3,(#11235,#11236,#11237,#11238,#11239),
 .UNSPECIFIED.,.F.,.F.,(4,1,4),(0.,0.0181100034805846,0.0368501352766032),
 .UNSPECIFIED.);
#2642=B_SPLINE_CURVE_WITH_KNOTS('',3,(#11252,#11253,#11254,#11255,#11256),
 .UNSPECIFIED.,.F.,.F.,(4,1,4),(0.,0.0194127930022797,0.040276993488579),
 .UNSPECIFIED.);
#2643=B_SPLINE_CURVE_WITH_KNOTS('',3,(#11258,#11259,#11260,#11261,#11262),
 .UNSPECIFIED.,.F.,.F.,(4,1,4),(0.,0.0194127930022797,0.040276993488579),
 .UNSPECIFIED.);
#2644=B_SPLINE_CURVE_WITH_KNOTS('',3,(#11275,#11276,#11277,#11278,#11279),
 .UNSPECIFIED.,.F.,.F.,(4,1,4),(0.,0.0225755208025908,0.0469247715581472),
 .UNSPECIFIED.);
#2645=B_SPLINE_CURVE_WITH_KNOTS('',3,(#11281,#11282,#11283,#11284,#11285),
 .UNSPECIFIED.,.F.,.F.,(4,1,4),(0.,0.0225755208025908,0.0469247715581472),
 .UNSPECIFIED.);
#2646=B_SPLINE_CURVE_WITH_KNOTS('',3,(#11298,#11299,#11300,#11301,#11302),
 .UNSPECIFIED.,.F.,.F.,(4,1,4),(0.,0.0376048095182973,0.0679455398813643),
 .UNSPECIFIED.);
#2647=B_SPLINE_CURVE_WITH_KNOTS('',3,(#11304,#11305,#11306,#11307,#11308),
 .UNSPECIFIED.,.F.,.F.,(4,1,4),(0.,0.0376048095182973,0.0679455398813643),
 .UNSPECIFIED.);
#2648=B_SPLINE_CURVE_WITH_KNOTS('',3,(#11321,#11322,#11323,#11324,#11325),
 .UNSPECIFIED.,.F.,.F.,(4,1,4),(0.,0.0283760780429009,0.0603601594172985),
 .UNSPECIFIED.);
#2649=B_SPLINE_CURVE_WITH_KNOTS('',3,(#11327,#11328,#11329,#11330,#11331),
 .UNSPECIFIED.,.F.,.F.,(4,1,4),(0.,0.0283760780429009,0.0603601594172985),
 .UNSPECIFIED.);
#2650=B_SPLINE_CURVE_WITH_KNOTS('',3,(#11344,#11345,#11346,#11347,#11348),
 .UNSPECIFIED.,.F.,.F.,(4,1,4),(0.,0.0189911630138645,0.0353449760370598),
 .UNSPECIFIED.);
#2651=B_SPLINE_CURVE_WITH_KNOTS('',3,(#11351,#11352,#11353,#11354,#11355),
 .UNSPECIFIED.,.F.,.F.,(4,1,4),(0.,0.0189911630138645,0.0353449760370598),
 .UNSPECIFIED.);
#2652=B_SPLINE_CURVE_WITH_KNOTS('',3,(#11367,#11368,#11369,#11370,#11371),
 .UNSPECIFIED.,.F.,.F.,(4,1,4),(0.,0.0240644907623731,0.045607029848859),
 .UNSPECIFIED.);
#2653=B_SPLINE_CURVE_WITH_KNOTS('',3,(#11374,#11375,#11376,#11377,#11378),
 .UNSPECIFIED.,.F.,.F.,(4,1,4),(0.,0.0240644907623731,0.045607029848859),
 .UNSPECIFIED.);
#2654=B_SPLINE_CURVE_WITH_KNOTS('',3,(#11390,#11391,#11392,#11393,#11394),
 .UNSPECIFIED.,.F.,.F.,(4,1,4),(0.,0.0158148354288403,0.0323266522388711),
 .UNSPECIFIED.);
#2655=B_SPLINE_CURVE_WITH_KNOTS('',3,(#11397,#11398,#11399,#11400,#11401),
 .UNSPECIFIED.,.F.,.F.,(4,1,4),(0.,0.0158148354288403,0.0323266522388711),
 .UNSPECIFIED.);
#2656=B_SPLINE_CURVE_WITH_KNOTS('',3,(#11413,#11414,#11415,#11416,#11417),
 .UNSPECIFIED.,.F.,.F.,(4,1,4),(0.,0.0116885994406817,0.0257365485885518),
 .UNSPECIFIED.);
#2657=B_SPLINE_CURVE_WITH_KNOTS('',3,(#11420,#11421,#11422,#11423,#11424),
 .UNSPECIFIED.,.F.,.F.,(4,1,4),(0.,0.0116885994406817,0.0257365485885518),
 .UNSPECIFIED.);
#2658=B_SPLINE_CURVE_WITH_KNOTS('',3,(#11436,#11437,#11438,#11439,#11440),
 .UNSPECIFIED.,.F.,.F.,(4,1,4),(0.,0.0138937660227725,0.0277316817331833),
 .UNSPECIFIED.);
#2659=B_SPLINE_CURVE_WITH_KNOTS('',3,(#11443,#11444,#11445,#11446,#11447),
 .UNSPECIFIED.,.F.,.F.,(4,1,4),(0.,0.0138937660227725,0.0277316817331833),
 .UNSPECIFIED.);
#2660=B_SPLINE_CURVE_WITH_KNOTS('',3,(#11459,#11460,#11461,#11462,#11463),
 .UNSPECIFIED.,.F.,.F.,(4,1,4),(0.,0.0140621985813753,0.0278104359472735),
 .UNSPECIFIED.);
#2661=B_SPLINE_CURVE_WITH_KNOTS('',3,(#11466,#11467,#11468,#11469,#11470),
 .UNSPECIFIED.,.F.,.F.,(4,1,4),(0.,0.0140621985813753,0.0278104359472735),
 .UNSPECIFIED.);
#2662=B_SPLINE_CURVE_WITH_KNOTS('',3,(#11482,#11483,#11484,#11485,#11486),
 .UNSPECIFIED.,.F.,.F.,(4,1,4),(0.,0.0151951854460161,0.0306214812508769),
 .UNSPECIFIED.);
#2663=B_SPLINE_CURVE_WITH_KNOTS('',3,(#11489,#11490,#11491,#11492,#11493),
 .UNSPECIFIED.,.F.,.F.,(4,1,4),(0.,0.0151951854460161,0.0306214812508769),
 .UNSPECIFIED.);
#2664=B_SPLINE_CURVE_WITH_KNOTS('',3,(#11505,#11506,#11507,#11508,#11509),
 .UNSPECIFIED.,.F.,.F.,(4,1,4),(0.,0.0163750088727245,0.0317957921364258),
 .UNSPECIFIED.);
#2665=B_SPLINE_CURVE_WITH_KNOTS('',3,(#11512,#11513,#11514,#11515,#11516),
 .UNSPECIFIED.,.F.,.F.,(4,1,4),(0.,0.0163750088727245,0.0317957921364258),
 .UNSPECIFIED.);
#2666=B_SPLINE_CURVE_WITH_KNOTS('',3,(#11528,#11529,#11530,#11531,#11532),
 .UNSPECIFIED.,.F.,.F.,(4,1,4),(0.,0.0356225627211936,0.0590112093380318),
 .UNSPECIFIED.);
#2667=B_SPLINE_CURVE_WITH_KNOTS('',3,(#11535,#11536,#11537,#11538,#11539),
 .UNSPECIFIED.,.F.,.F.,(4,1,4),(0.,0.0356225627211936,0.0590112093380318),
 .UNSPECIFIED.);
#2668=B_SPLINE_CURVE_WITH_KNOTS('',3,(#11551,#11552,#11553,#11554,#11555),
 .UNSPECIFIED.,.F.,.F.,(4,1,4),(0.,0.0143287735402271,0.0397397156670732),
 .UNSPECIFIED.);
#2669=B_SPLINE_CURVE_WITH_KNOTS('',3,(#11558,#11559,#11560,#11561,#11562),
 .UNSPECIFIED.,.F.,.F.,(4,1,4),(0.,0.0143287735402271,0.0397397156670732),
 .UNSPECIFIED.);
#2670=B_SPLINE_CURVE_WITH_KNOTS('',3,(#11574,#11575,#11576,#11577,#11578),
 .UNSPECIFIED.,.F.,.F.,(4,1,4),(0.,0.011477672442756,0.0232373682112948),
 .UNSPECIFIED.);
#2671=B_SPLINE_CURVE_WITH_KNOTS('',3,(#11581,#11582,#11583,#11584,#11585),
 .UNSPECIFIED.,.F.,.F.,(4,1,4),(0.,0.011477672442756,0.0232373682112948),
 .UNSPECIFIED.);
#2672=B_SPLINE_CURVE_WITH_KNOTS('',3,(#11597,#11598,#11599,#11600,#11601),
 .UNSPECIFIED.,.F.,.F.,(4,1,4),(0.,0.0145819283124945,0.0279838895788508),
 .UNSPECIFIED.);
#2673=B_SPLINE_CURVE_WITH_KNOTS('',3,(#11604,#11605,#11606,#11607,#11608),
 .UNSPECIFIED.,.F.,.F.,(4,1,4),(0.,0.0145819283124945,0.0279838895788508),
 .UNSPECIFIED.);
#2674=B_SPLINE_CURVE_WITH_KNOTS('',3,(#11620,#11621,#11622,#11623,#11624),
 .UNSPECIFIED.,.F.,.F.,(4,1,4),(0.,0.0222484641531181,0.039591197358814),
 .UNSPECIFIED.);
#2675=B_SPLINE_CURVE_WITH_KNOTS('',3,(#11627,#11628,#11629,#11630,#11631),
 .UNSPECIFIED.,.F.,.F.,(4,1,4),(0.,0.0222484641531181,0.039591197358814),
 .UNSPECIFIED.);
#2676=B_SPLINE_CURVE_WITH_KNOTS('',3,(#11643,#11644,#11645,#11646,#11647),
 .UNSPECIFIED.,.F.,.F.,(4,1,4),(0.,0.0190146726676423,0.0416115411876958),
 .UNSPECIFIED.);
#2677=B_SPLINE_CURVE_WITH_KNOTS('',3,(#11650,#11651,#11652,#11653,#11654),
 .UNSPECIFIED.,.F.,.F.,(4,1,4),(0.,0.0190146726676423,0.0416115411876958),
 .UNSPECIFIED.);
#2678=B_SPLINE_CURVE_WITH_KNOTS('',3,(#11666,#11667,#11668,#11669,#11670),
 .UNSPECIFIED.,.F.,.F.,(4,1,4),(0.,0.020183953237914,0.0382893155650903),
 .UNSPECIFIED.);
#2679=B_SPLINE_CURVE_WITH_KNOTS('',3,(#11673,#11674,#11675,#11676,#11677),
 .UNSPECIFIED.,.F.,.F.,(4,1,4),(0.,0.020183953237914,0.0382893155650903),
 .UNSPECIFIED.);
#2680=B_SPLINE_CURVE_WITH_KNOTS('',3,(#11775,#11776,#11777,#11778,#11779),
 .UNSPECIFIED.,.F.,.F.,(4,1,4),(0.,0.0241538958448995,0.0389842747466452),
 .UNSPECIFIED.);
#2681=B_SPLINE_CURVE_WITH_KNOTS('',3,(#11781,#11782,#11783,#11784,#11785),
 .UNSPECIFIED.,.F.,.F.,(4,1,4),(0.,0.0241538958448995,0.0389842747466452),
 .UNSPECIFIED.);
#2682=B_SPLINE_CURVE_WITH_KNOTS('',3,(#11798,#11799,#11800,#11801,#11802),
 .UNSPECIFIED.,.F.,.F.,(4,1,4),(0.,0.0140807031660819,0.0276895548459812),
 .UNSPECIFIED.);
#2683=B_SPLINE_CURVE_WITH_KNOTS('',3,(#11804,#11805,#11806,#11807,#11808),
 .UNSPECIFIED.,.F.,.F.,(4,1,4),(0.,0.0140807031660819,0.0276895548459812),
 .UNSPECIFIED.);
#2684=B_SPLINE_CURVE_WITH_KNOTS('',3,(#11821,#11822,#11823,#11824,#11825),
 .UNSPECIFIED.,.F.,.F.,(4,1,4),(0.,0.0140028071090503,0.0293850910663141),
 .UNSPECIFIED.);
#2685=B_SPLINE_CURVE_WITH_KNOTS('',3,(#11827,#11828,#11829,#11830,#11831),
 .UNSPECIFIED.,.F.,.F.,(4,1,4),(0.,0.0140028071090503,0.0293850910663141),
 .UNSPECIFIED.);
#2686=B_SPLINE_CURVE_WITH_KNOTS('',3,(#11844,#11845,#11846,#11847,#11848),
 .UNSPECIFIED.,.F.,.F.,(4,1,4),(0.,0.0162005002478395,0.0325046756170752),
 .UNSPECIFIED.);
#2687=B_SPLINE_CURVE_WITH_KNOTS('',3,(#11850,#11851,#11852,#11853,#11854),
 .UNSPECIFIED.,.F.,.F.,(4,1,4),(0.,0.0162005002478395,0.0325046756170752),
 .UNSPECIFIED.);
#2688=B_SPLINE_CURVE_WITH_KNOTS('',3,(#11867,#11868,#11869,#11870,#11871),
 .UNSPECIFIED.,.F.,.F.,(4,1,4),(0.,0.0159641801814743,0.031311126518936),
 .UNSPECIFIED.);
#2689=B_SPLINE_CURVE_WITH_KNOTS('',3,(#11873,#11874,#11875,#11876,#11877),
 .UNSPECIFIED.,.F.,.F.,(4,1,4),(0.,0.0159641801814743,0.031311126518936),
 .UNSPECIFIED.);
#2690=B_SPLINE_CURVE_WITH_KNOTS('',3,(#11890,#11891,#11892,#11893,#11894),
 .UNSPECIFIED.,.F.,.F.,(4,1,4),(0.,0.0185874966442214,0.043192026580771),
 .UNSPECIFIED.);
#2691=B_SPLINE_CURVE_WITH_KNOTS('',3,(#11896,#11897,#11898,#11899,#11900),
 .UNSPECIFIED.,.F.,.F.,(4,1,4),(0.,0.0185874966442214,0.043192026580771),
 .UNSPECIFIED.);
#2692=B_SPLINE_CURVE_WITH_KNOTS('',3,(#11943,#11944,#11945,#11946,#11947),
 .UNSPECIFIED.,.F.,.F.,(4,1,4),(0.,0.0141190386160887,0.0344883417484865),
 .UNSPECIFIED.);
#2693=B_SPLINE_CURVE_WITH_KNOTS('',3,(#11950,#11951,#11952,#11953,#11954),
 .UNSPECIFIED.,.F.,.F.,(4,1,4),(0.,0.0141190386160887,0.0344883417484865),
 .UNSPECIFIED.);
#2694=B_SPLINE_CURVE_WITH_KNOTS('',3,(#11966,#11967,#11968,#11969,#11970),
 .UNSPECIFIED.,.F.,.F.,(4,1,4),(0.,0.0142169454842327,0.0298045132781554),
 .UNSPECIFIED.);
#2695=B_SPLINE_CURVE_WITH_KNOTS('',3,(#11973,#11974,#11975,#11976,#11977),
 .UNSPECIFIED.,.F.,.F.,(4,1,4),(0.,0.0142169454842327,0.0298045132781554),
 .UNSPECIFIED.);
#2696=B_SPLINE_CURVE_WITH_KNOTS('',3,(#11989,#11990,#11991,#11992,#11993),
 .UNSPECIFIED.,.F.,.F.,(4,1,4),(0.,0.016682513598817,0.031116868517726),
 .UNSPECIFIED.);
#2697=B_SPLINE_CURVE_WITH_KNOTS('',3,(#11996,#11997,#11998,#11999,#12000),
 .UNSPECIFIED.,.F.,.F.,(4,1,4),(0.,0.016682513598817,0.031116868517726),
 .UNSPECIFIED.);
#2698=B_SPLINE_CURVE_WITH_KNOTS('',3,(#12012,#12013,#12014,#12015,#12016),
 .UNSPECIFIED.,.F.,.F.,(4,1,4),(0.,0.0187129533598401,0.0369636829537634),
 .UNSPECIFIED.);
#2699=B_SPLINE_CURVE_WITH_KNOTS('',3,(#12019,#12020,#12021,#12022,#12023),
 .UNSPECIFIED.,.F.,.F.,(4,1,4),(0.,0.0187129533598401,0.0369636829537634),
 .UNSPECIFIED.);
#2700=B_SPLINE_CURVE_WITH_KNOTS('',3,(#12035,#12036,#12037,#12038,#12039),
 .UNSPECIFIED.,.F.,.F.,(4,1,4),(0.,0.040729773971734,0.080836072975847),
 .UNSPECIFIED.);
#2701=B_SPLINE_CURVE_WITH_KNOTS('',3,(#12042,#12043,#12044,#12045,#12046),
 .UNSPECIFIED.,.F.,.F.,(4,1,4),(0.,0.040729773971734,0.080836072975847),
 .UNSPECIFIED.);
#2702=B_SPLINE_CURVE_WITH_KNOTS('',3,(#12089,#12090,#12091,#12092,#12093),
 .UNSPECIFIED.,.F.,.F.,(4,1,4),(0.,0.0240307094686064,0.0426497595692976),
 .UNSPECIFIED.);
#2703=B_SPLINE_CURVE_WITH_KNOTS('',3,(#12095,#12096,#12097,#12098,#12099),
 .UNSPECIFIED.,.F.,.F.,(4,1,4),(0.,0.0240307094686064,0.0426497595692976),
 .UNSPECIFIED.);
#2704=B_SPLINE_CURVE_WITH_KNOTS('',3,(#12112,#12113,#12114,#12115,#12116),
 .UNSPECIFIED.,.F.,.F.,(4,1,4),(0.,0.0172398945545862,0.0368871346573663),
 .UNSPECIFIED.);
#2705=B_SPLINE_CURVE_WITH_KNOTS('',3,(#12118,#12119,#12120,#12121,#12122),
 .UNSPECIFIED.,.F.,.F.,(4,1,4),(0.,0.0172398945545862,0.0368871346573663),
 .UNSPECIFIED.);
#2706=B_SPLINE_CURVE_WITH_KNOTS('',3,(#12135,#12136,#12137,#12138,#12139),
 .UNSPECIFIED.,.F.,.F.,(4,1,4),(0.,0.0160550596988642,0.0323721169852526),
 .UNSPECIFIED.);
#2707=B_SPLINE_CURVE_WITH_KNOTS('',3,(#12141,#12142,#12143,#12144,#12145),
 .UNSPECIFIED.,.F.,.F.,(4,1,4),(0.,0.0160550596988642,0.0323721169852526),
 .UNSPECIFIED.);
#2708=B_SPLINE_CURVE_WITH_KNOTS('',3,(#12158,#12159,#12160,#12161,#12162),
 .UNSPECIFIED.,.F.,.F.,(4,1,4),(0.,0.0157879869533452,0.0311457739859504),
 .UNSPECIFIED.);
#2709=B_SPLINE_CURVE_WITH_KNOTS('',3,(#12164,#12165,#12166,#12167,#12168),
 .UNSPECIFIED.,.F.,.F.,(4,1,4),(0.,0.0157879869533452,0.0311457739859504),
 .UNSPECIFIED.);
#2710=B_SPLINE_CURVE_WITH_KNOTS('',3,(#12181,#12182,#12183,#12184,#12185),
 .UNSPECIFIED.,.F.,.F.,(4,1,4),(0.,0.0178944692286745,0.0407632126650287),
 .UNSPECIFIED.);
#2711=B_SPLINE_CURVE_WITH_KNOTS('',3,(#12187,#12188,#12189,#12190,#12191),
 .UNSPECIFIED.,.F.,.F.,(4,1,4),(0.,0.0178944692286745,0.0407632126650287),
 .UNSPECIFIED.);
#2712=B_SPLINE_CURVE_WITH_KNOTS('',3,(#12210,#12211,#12212,#12213,#12214),
 .UNSPECIFIED.,.F.,.F.,(4,1,4),(0.,0.0213771366059636,0.0495820108627848),
 .UNSPECIFIED.);
#2713=B_SPLINE_CURVE_WITH_KNOTS('',3,(#12217,#12218,#12219,#12220,#12221),
 .UNSPECIFIED.,.F.,.F.,(4,1,4),(0.,0.0213771366059636,0.0495820108627848),
 .UNSPECIFIED.);
#2714=B_SPLINE_CURVE_WITH_KNOTS('',3,(#12233,#12234,#12235,#12236,#12237),
 .UNSPECIFIED.,.F.,.F.,(4,1,4),(0.,0.0189500582244542,0.036999194144318),
 .UNSPECIFIED.);
#2715=B_SPLINE_CURVE_WITH_KNOTS('',3,(#12240,#12241,#12242,#12243,#12244),
 .UNSPECIFIED.,.F.,.F.,(4,1,4),(0.,0.0189500582244542,0.036999194144318),
 .UNSPECIFIED.);
#2716=B_SPLINE_CURVE_WITH_KNOTS('',3,(#12256,#12257,#12258,#12259,#12260),
 .UNSPECIFIED.,.F.,.F.,(4,1,4),(0.,0.0226891404732145,0.0433770035235935),
 .UNSPECIFIED.);
#2717=B_SPLINE_CURVE_WITH_KNOTS('',3,(#12263,#12264,#12265,#12266,#12267),
 .UNSPECIFIED.,.F.,.F.,(4,1,4),(0.,0.0226891404732145,0.0433770035235935),
 .UNSPECIFIED.);
#2718=B_SPLINE_CURVE_WITH_KNOTS('',3,(#12279,#12280,#12281,#12282,#12283),
 .UNSPECIFIED.,.F.,.F.,(4,1,4),(0.,0.0367760391115775,0.0734586024706749),
 .UNSPECIFIED.);
#2719=B_SPLINE_CURVE_WITH_KNOTS('',3,(#12286,#12287,#12288,#12289,#12290),
 .UNSPECIFIED.,.F.,.F.,(4,1,4),(0.,0.0367760391115775,0.0734586024706749),
 .UNSPECIFIED.);
#2720=B_SPLINE_CURVE_WITH_KNOTS('',3,(#12325,#12326,#12327,#12328,#12329),
 .UNSPECIFIED.,.F.,.F.,(4,1,4),(0.,0.0165697114462524,0.0361255050784781),
 .UNSPECIFIED.);
#2721=B_SPLINE_CURVE_WITH_KNOTS('',3,(#12333,#12334,#12335,#12336,#12337),
 .UNSPECIFIED.,.F.,.F.,(4,1,4),(0.,0.0165697114462524,0.0361255050784781),
 .UNSPECIFIED.);
#2722=B_SPLINE_CURVE_WITH_KNOTS('',3,(#12356,#12357,#12358,#12359,#12360),
 .UNSPECIFIED.,.F.,.F.,(4,1,4),(0.,0.0156935841722232,0.0304321447395108),
 .UNSPECIFIED.);
#2723=B_SPLINE_CURVE_WITH_KNOTS('',3,(#12362,#12363,#12364,#12365,#12366),
 .UNSPECIFIED.,.F.,.F.,(4,1,4),(0.,0.0156935841722232,0.0304321447395108),
 .UNSPECIFIED.);
#2724=B_SPLINE_CURVE_WITH_KNOTS('',3,(#12379,#12380,#12381,#12382,#12383),
 .UNSPECIFIED.,.F.,.F.,(4,1,4),(0.,0.0157867405529305,0.0349632142067205),
 .UNSPECIFIED.);
#2725=B_SPLINE_CURVE_WITH_KNOTS('',3,(#12385,#12386,#12387,#12388,#12389),
 .UNSPECIFIED.,.F.,.F.,(4,1,4),(0.,0.0157867405529305,0.0349632142067205),
 .UNSPECIFIED.);
#2726=B_SPLINE_CURVE_WITH_KNOTS('',3,(#12402,#12403,#12404,#12405,#12406),
 .UNSPECIFIED.,.F.,.F.,(4,1,4),(0.,0.0218437620784005,0.0376303278704026),
 .UNSPECIFIED.);
#2727=B_SPLINE_CURVE_WITH_KNOTS('',3,(#12408,#12409,#12410,#12411,#12412),
 .UNSPECIFIED.,.F.,.F.,(4,1,4),(0.,0.0218437620784005,0.0376303278704026),
 .UNSPECIFIED.);
#2728=B_SPLINE_CURVE_WITH_KNOTS('',3,(#12425,#12426,#12427,#12428,#12429),
 .UNSPECIFIED.,.F.,.F.,(4,1,4),(0.,0.0122103495949847,0.0230924339513016),
 .UNSPECIFIED.);
#2729=B_SPLINE_CURVE_WITH_KNOTS('',3,(#12431,#12432,#12433,#12434,#12435),
 .UNSPECIFIED.,.F.,.F.,(4,1,4),(0.,0.0122103495949847,0.0230924339513016),
 .UNSPECIFIED.);
#2730=B_SPLINE_CURVE_WITH_KNOTS('',3,(#12448,#12449,#12450,#12451,#12452),
 .UNSPECIFIED.,.F.,.F.,(4,1,4),(0.,0.00689670095955934,0.0138583376275734),
 .UNSPECIFIED.);
#2731=B_SPLINE_CURVE_WITH_KNOTS('',3,(#12454,#12455,#12456,#12457,#12458),
 .UNSPECIFIED.,.F.,.F.,(4,1,4),(0.,0.00689670095955934,0.0138583376275734),
 .UNSPECIFIED.);
#2732=B_SPLINE_CURVE_WITH_KNOTS('',3,(#12471,#12472,#12473,#12474,#12475),
 .UNSPECIFIED.,.F.,.F.,(4,1,4),(0.,0.007926368298597,0.0173548003336856),
 .UNSPECIFIED.);
#2733=B_SPLINE_CURVE_WITH_KNOTS('',3,(#12477,#12478,#12479,#12480,#12481),
 .UNSPECIFIED.,.F.,.F.,(4,1,4),(0.,0.007926368298597,0.0173548003336856),
 .UNSPECIFIED.);
#2734=B_SPLINE_CURVE_WITH_KNOTS('',3,(#12494,#12495,#12496,#12497,#12498),
 .UNSPECIFIED.,.F.,.F.,(4,1,4),(0.,0.011408287880327,0.0338750697448271),
 .UNSPECIFIED.);
#2735=B_SPLINE_CURVE_WITH_KNOTS('',3,(#12500,#12501,#12502,#12503,#12504),
 .UNSPECIFIED.,.F.,.F.,(4,1,4),(0.,0.011408287880327,0.0338750697448271),
 .UNSPECIFIED.);
#2736=B_SPLINE_CURVE_WITH_KNOTS('',3,(#12517,#12518,#12519,#12520,#12521),
 .UNSPECIFIED.,.F.,.F.,(4,1,4),(0.,0.0344900409268451,0.0571137332166078),
 .UNSPECIFIED.);
#2737=B_SPLINE_CURVE_WITH_KNOTS('',3,(#12523,#12524,#12525,#12526,#12527),
 .UNSPECIFIED.,.F.,.F.,(4,1,4),(0.,0.0344900409268451,0.0571137332166078),
 .UNSPECIFIED.);
#2738=B_SPLINE_CURVE_WITH_KNOTS('',3,(#12540,#12541,#12542,#12543,#12544),
 .UNSPECIFIED.,.F.,.F.,(4,1,4),(0.,0.016048467701035,0.031357818095045),
 .UNSPECIFIED.);
#2739=B_SPLINE_CURVE_WITH_KNOTS('',3,(#12546,#12547,#12548,#12549,#12550),
 .UNSPECIFIED.,.F.,.F.,(4,1,4),(0.,0.016048467701035,0.031357818095045),
 .UNSPECIFIED.);
#2740=B_SPLINE_CURVE_WITH_KNOTS('',3,(#12563,#12564,#12565,#12566,#12567),
 .UNSPECIFIED.,.F.,.F.,(4,1,4),(0.,0.0156790163741953,0.033110338204396),
 .UNSPECIFIED.);
#2741=B_SPLINE_CURVE_WITH_KNOTS('',3,(#12569,#12570,#12571,#12572,#12573),
 .UNSPECIFIED.,.F.,.F.,(4,1,4),(0.,0.0156790163741953,0.033110338204396),
 .UNSPECIFIED.);
#2742=B_SPLINE_CURVE_WITH_KNOTS('',3,(#12586,#12587,#12588,#12589,#12590),
 .UNSPECIFIED.,.F.,.F.,(4,1,4),(0.,0.0181100124048366,0.0368501442008552),
 .UNSPECIFIED.);
#2743=B_SPLINE_CURVE_WITH_KNOTS('',3,(#12592,#12593,#12594,#12595,#12596),
 .UNSPECIFIED.,.F.,.F.,(4,1,4),(0.,0.0181100124048366,0.0368501442008552),
 .UNSPECIFIED.);
#2744=B_SPLINE_CURVE_WITH_KNOTS('',3,(#12609,#12610,#12611,#12612,#12613),
 .UNSPECIFIED.,.F.,.F.,(4,1,4),(0.,0.0194128330576685,0.0402770335439677),
 .UNSPECIFIED.);
#2745=B_SPLINE_CURVE_WITH_KNOTS('',3,(#12615,#12616,#12617,#12618,#12619),
 .UNSPECIFIED.,.F.,.F.,(4,1,4),(0.,0.0194128330576685,0.0402770335439677),
 .UNSPECIFIED.);
#2746=B_SPLINE_CURVE_WITH_KNOTS('',3,(#12632,#12633,#12634,#12635,#12636),
 .UNSPECIFIED.,.F.,.F.,(4,1,4),(0.,0.0225754638017035,0.0469245958354869),
 .UNSPECIFIED.);
#2747=B_SPLINE_CURVE_WITH_KNOTS('',3,(#12638,#12639,#12640,#12641,#12642),
 .UNSPECIFIED.,.F.,.F.,(4,1,4),(0.,0.0225754638017035,0.0469245958354869),
 .UNSPECIFIED.);
#2748=B_SPLINE_CURVE_WITH_KNOTS('',3,(#12655,#12656,#12657,#12658,#12659),
 .UNSPECIFIED.,.F.,.F.,(4,1,4),(0.,0.0376048687135815,0.067945545407736),
 .UNSPECIFIED.);
#2749=B_SPLINE_CURVE_WITH_KNOTS('',3,(#12661,#12662,#12663,#12664,#12665),
 .UNSPECIFIED.,.F.,.F.,(4,1,4),(0.,0.0376048687135815,0.067945545407736),
 .UNSPECIFIED.);
#2750=B_SPLINE_CURVE_WITH_KNOTS('',3,(#12678,#12679,#12680,#12681,#12682),
 .UNSPECIFIED.,.F.,.F.,(4,1,4),(0.,0.0283760780429009,0.060360197171872),
 .UNSPECIFIED.);
#2751=B_SPLINE_CURVE_WITH_KNOTS('',3,(#12684,#12685,#12686,#12687,#12688),
 .UNSPECIFIED.,.F.,.F.,(4,1,4),(0.,0.0283760780429009,0.060360197171872),
 .UNSPECIFIED.);
#2752=B_SPLINE_CURVE_WITH_KNOTS('',3,(#12701,#12702,#12703,#12704,#12705),
 .UNSPECIFIED.,.F.,.F.,(4,1,4),(0.,0.0189911630138645,0.0353451046959422),
 .UNSPECIFIED.);
#2753=B_SPLINE_CURVE_WITH_KNOTS('',3,(#12708,#12709,#12710,#12711,#12712),
 .UNSPECIFIED.,.F.,.F.,(4,1,4),(0.,0.0189911630138645,0.0353451046959422),
 .UNSPECIFIED.);
#2754=B_SPLINE_CURVE_WITH_KNOTS('',3,(#12724,#12725,#12726,#12727,#12728),
 .UNSPECIFIED.,.F.,.F.,(4,1,4),(0.,0.0240645501921973,0.0456069740570334),
 .UNSPECIFIED.);
#2755=B_SPLINE_CURVE_WITH_KNOTS('',3,(#12731,#12732,#12733,#12734,#12735),
 .UNSPECIFIED.,.F.,.F.,(4,1,4),(0.,0.0240645501921973,0.0456069740570334),
 .UNSPECIFIED.);
#2756=B_SPLINE_CURVE_WITH_KNOTS('',3,(#12747,#12748,#12749,#12750,#12751),
 .UNSPECIFIED.,.F.,.F.,(4,1,4),(0.,0.0158148936591361,0.0323265915371445),
 .UNSPECIFIED.);
#2757=B_SPLINE_CURVE_WITH_KNOTS('',3,(#12754,#12755,#12756,#12757,#12758),
 .UNSPECIFIED.,.F.,.F.,(4,1,4),(0.,0.0158148936591361,0.0323265915371445),
 .UNSPECIFIED.);
#2758=B_SPLINE_CURVE_WITH_KNOTS('',3,(#12770,#12771,#12772,#12773,#12774),
 .UNSPECIFIED.,.F.,.F.,(4,1,4),(0.,0.0116885736133344,0.0257365507628919),
 .UNSPECIFIED.);
#2759=B_SPLINE_CURVE_WITH_KNOTS('',3,(#12777,#12778,#12779,#12780,#12781),
 .UNSPECIFIED.,.F.,.F.,(4,1,4),(0.,0.0116885736133344,0.0257365507628919),
 .UNSPECIFIED.);
#2760=B_SPLINE_CURVE_WITH_KNOTS('',3,(#12793,#12794,#12795,#12796,#12797),
 .UNSPECIFIED.,.F.,.F.,(4,1,4),(0.,0.0138937320040424,0.0277316477144531),
 .UNSPECIFIED.);
#2761=B_SPLINE_CURVE_WITH_KNOTS('',3,(#12800,#12801,#12802,#12803,#12804),
 .UNSPECIFIED.,.F.,.F.,(4,1,4),(0.,0.0138937320040424,0.0277316477144531),
 .UNSPECIFIED.);
#2762=B_SPLINE_CURVE_WITH_KNOTS('',3,(#12816,#12817,#12818,#12819,#12820),
 .UNSPECIFIED.,.F.,.F.,(4,1,4),(0.,0.0140621985813753,0.0278104359472735),
 .UNSPECIFIED.);
#2763=B_SPLINE_CURVE_WITH_KNOTS('',3,(#12823,#12824,#12825,#12826,#12827),
 .UNSPECIFIED.,.F.,.F.,(4,1,4),(0.,0.0140621985813753,0.0278104359472735),
 .UNSPECIFIED.);
#2764=B_SPLINE_CURVE_WITH_KNOTS('',3,(#12839,#12840,#12841,#12842,#12843),
 .UNSPECIFIED.,.F.,.F.,(4,1,4),(0.,0.0151951619666933,0.0306214577715541),
 .UNSPECIFIED.);
#2765=B_SPLINE_CURVE_WITH_KNOTS('',3,(#12846,#12847,#12848,#12849,#12850),
 .UNSPECIFIED.,.F.,.F.,(4,1,4),(0.,0.0151951619666933,0.0306214577715541),
 .UNSPECIFIED.);
#2766=B_SPLINE_CURVE_WITH_KNOTS('',3,(#12862,#12863,#12864,#12865,#12866),
 .UNSPECIFIED.,.F.,.F.,(4,1,4),(0.,0.0163749589657809,0.0317958197450094),
 .UNSPECIFIED.);
#2767=B_SPLINE_CURVE_WITH_KNOTS('',3,(#12869,#12870,#12871,#12872,#12873),
 .UNSPECIFIED.,.F.,.F.,(4,1,4),(0.,0.0163749589657809,0.0317958197450094),
 .UNSPECIFIED.);
#2768=B_SPLINE_CURVE_WITH_KNOTS('',3,(#12885,#12886,#12887,#12888,#12889),
 .UNSPECIFIED.,.F.,.F.,(4,1,4),(0.,0.0356226775986469,0.0590112682836742),
 .UNSPECIFIED.);
#2769=B_SPLINE_CURVE_WITH_KNOTS('',3,(#12892,#12893,#12894,#12895,#12896),
 .UNSPECIFIED.,.F.,.F.,(4,1,4),(0.,0.0356226775986469,0.0590112682836742),
 .UNSPECIFIED.);
#2770=B_SPLINE_CURVE_WITH_KNOTS('',3,(#12908,#12909,#12910,#12911,#12912),
 .UNSPECIFIED.,.F.,.F.,(4,1,4),(0.,0.0143288284458998,0.039739655851073),
 .UNSPECIFIED.);
#2771=B_SPLINE_CURVE_WITH_KNOTS('',3,(#12915,#12916,#12917,#12918,#12919),
 .UNSPECIFIED.,.F.,.F.,(4,1,4),(0.,0.0143288284458998,0.039739655851073),
 .UNSPECIFIED.);
#2772=B_SPLINE_CURVE_WITH_KNOTS('',3,(#12931,#12932,#12933,#12934,#12935),
 .UNSPECIFIED.,.F.,.F.,(4,1,4),(0.,0.011477658361955,0.023237271671883),
 .UNSPECIFIED.);
#2773=B_SPLINE_CURVE_WITH_KNOTS('',3,(#12938,#12939,#12940,#12941,#12942),
 .UNSPECIFIED.,.F.,.F.,(4,1,4),(0.,0.011477658361955,0.023237271671883),
 .UNSPECIFIED.);
#2774=B_SPLINE_CURVE_WITH_KNOTS('',3,(#12954,#12955,#12956,#12957,#12958),
 .UNSPECIFIED.,.F.,.F.,(4,1,4),(0.,0.0145818153890752,0.0279837630037342),
 .UNSPECIFIED.);
#2775=B_SPLINE_CURVE_WITH_KNOTS('',3,(#12961,#12962,#12963,#12964,#12965),
 .UNSPECIFIED.,.F.,.F.,(4,1,4),(0.,0.0145818153890752,0.0279837630037342),
 .UNSPECIFIED.);
#2776=B_SPLINE_CURVE_WITH_KNOTS('',3,(#12977,#12978,#12979,#12980,#12981),
 .UNSPECIFIED.,.F.,.F.,(4,1,4),(0.,0.0222487009906625,0.0395914341963584),
 .UNSPECIFIED.);
#2777=B_SPLINE_CURVE_WITH_KNOTS('',3,(#12984,#12985,#12986,#12987,#12988),
 .UNSPECIFIED.,.F.,.F.,(4,1,4),(0.,0.0222487009906625,0.0395914341963584),
 .UNSPECIFIED.);
#2778=B_SPLINE_CURVE_WITH_KNOTS('',3,(#13000,#13001,#13002,#13003,#13004),
 .UNSPECIFIED.,.F.,.F.,(4,1,4),(0.,0.0190146462068549,0.0416113669613024),
 .UNSPECIFIED.);
#2779=B_SPLINE_CURVE_WITH_KNOTS('',3,(#13007,#13008,#13009,#13010,#13011),
 .UNSPECIFIED.,.F.,.F.,(4,1,4),(0.,0.0190146462068549,0.0416113669613024),
 .UNSPECIFIED.);
#2780=B_SPLINE_CURVE_WITH_KNOTS('',3,(#13023,#13024,#13025,#13026,#13027),
 .UNSPECIFIED.,.F.,.F.,(4,1,4),(0.,0.0201839873819647,0.0382893865936963),
 .UNSPECIFIED.);
#2781=B_SPLINE_CURVE_WITH_KNOTS('',3,(#13030,#13031,#13032,#13033,#13034),
 .UNSPECIFIED.,.F.,.F.,(4,1,4),(0.,0.0201839873819647,0.0382893865936963),
 .UNSPECIFIED.);
#2782=B_SPLINE_CURVE_WITH_KNOTS('',3,(#13051,#13052,#13053,#13054,#13055),
 .UNSPECIFIED.,.F.,.F.,(4,1,4),(0.,0.0190025313649542,0.032037416990349),
 .UNSPECIFIED.);
#2783=B_SPLINE_CURVE_WITH_KNOTS('',3,(#13059,#13060,#13061,#13062,#13063),
 .UNSPECIFIED.,.F.,.F.,(4,1,4),(0.,0.0190025313649542,0.032037416990349),
 .UNSPECIFIED.);
#2784=B_SPLINE_CURVE_WITH_KNOTS('',3,(#13076,#13077,#13078,#13079,#13080),
 .UNSPECIFIED.,.F.,.F.,(4,1,4),(0.,0.01014688482851,0.0206626647372916),
 .UNSPECIFIED.);
#2785=B_SPLINE_CURVE_WITH_KNOTS('',3,(#13082,#13083,#13084,#13085,#13086),
 .UNSPECIFIED.,.F.,.F.,(4,1,4),(0.,0.01014688482851,0.0206626647372916),
 .UNSPECIFIED.);
#2786=B_SPLINE_CURVE_WITH_KNOTS('',3,(#13099,#13100,#13101,#13102,#13103),
 .UNSPECIFIED.,.F.,.F.,(4,1,4),(0.,0.0111580604117953,0.0231194659282178),
 .UNSPECIFIED.);
#2787=B_SPLINE_CURVE_WITH_KNOTS('',3,(#13105,#13106,#13107,#13108,#13109),
 .UNSPECIFIED.,.F.,.F.,(4,1,4),(0.,0.0111580604117953,0.0231194659282178),
 .UNSPECIFIED.);
#2788=B_SPLINE_CURVE_WITH_KNOTS('',3,(#13122,#13123,#13124,#13125,#13126),
 .UNSPECIFIED.,.F.,.F.,(4,1,4),(0.,0.0213234934576228,0.0419263378923822),
 .UNSPECIFIED.);
#2789=B_SPLINE_CURVE_WITH_KNOTS('',3,(#13128,#13129,#13130,#13131,#13132),
 .UNSPECIFIED.,.F.,.F.,(4,1,4),(0.,0.0213234934576228,0.0419263378923822),
 .UNSPECIFIED.);
#2790=B_SPLINE_CURVE_WITH_KNOTS('',3,(#13145,#13146,#13147,#13148,#13149),
 .UNSPECIFIED.,.F.,.F.,(4,1,4),(0.,0.0227806848421745,0.051983472127405),
 .UNSPECIFIED.);
#2791=B_SPLINE_CURVE_WITH_KNOTS('',3,(#13151,#13152,#13153,#13154,#13155),
 .UNSPECIFIED.,.F.,.F.,(4,1,4),(0.,0.0227806848421745,0.051983472127405),
 .UNSPECIFIED.);
#2792=B_SPLINE_CURVE_WITH_KNOTS('',3,(#13186,#13187,#13188,#13189,#13190),
 .UNSPECIFIED.,.F.,.F.,(4,1,4),(0.,0.0216046459259369,0.0383725003249217),
 .UNSPECIFIED.);
#2793=B_SPLINE_CURVE_WITH_KNOTS('',3,(#13192,#13193,#13194,#13195,#13196),
 .UNSPECIFIED.,.F.,.F.,(4,1,4),(0.,0.0216046459259369,0.0383725003249217),
 .UNSPECIFIED.);
#2794=B_SPLINE_CURVE_WITH_KNOTS('',3,(#13209,#13210,#13211,#13212,#13213),
 .UNSPECIFIED.,.F.,.F.,(4,1,4),(0.,0.0150224790858602,0.0328870817047652),
 .UNSPECIFIED.);
#2795=B_SPLINE_CURVE_WITH_KNOTS('',3,(#13215,#13216,#13217,#13218,#13219),
 .UNSPECIFIED.,.F.,.F.,(4,1,4),(0.,0.0150224790858602,0.0328870817047652),
 .UNSPECIFIED.);
#2796=B_SPLINE_CURVE_WITH_KNOTS('',3,(#13232,#13233,#13234,#13235,#13236),
 .UNSPECIFIED.,.F.,.F.,(4,1,4),(0.,0.0151288099249004,0.030291483693051),
 .UNSPECIFIED.);
#2797=B_SPLINE_CURVE_WITH_KNOTS('',3,(#13238,#13239,#13240,#13241,#13242),
 .UNSPECIFIED.,.F.,.F.,(4,1,4),(0.,0.0151288099249004,0.030291483693051),
 .UNSPECIFIED.);
#2798=B_SPLINE_CURVE_WITH_KNOTS('',3,(#13255,#13256,#13257,#13258,#13259),
 .UNSPECIFIED.,.F.,.F.,(4,1,4),(0.,0.0151462026738234,0.0310173844925856),
 .UNSPECIFIED.);
#2799=B_SPLINE_CURVE_WITH_KNOTS('',3,(#13261,#13262,#13263,#13264,#13265),
 .UNSPECIFIED.,.F.,.F.,(4,1,4),(0.,0.0151462026738234,0.0310173844925856),
 .UNSPECIFIED.);
#2800=B_SPLINE_CURVE_WITH_KNOTS('',3,(#13278,#13279,#13280,#13281,#13282),
 .UNSPECIFIED.,.F.,.F.,(4,1,4),(0.,0.0197442442173641,0.045979965662446),
 .UNSPECIFIED.);
#2801=B_SPLINE_CURVE_WITH_KNOTS('',3,(#13284,#13285,#13286,#13287,#13288),
 .UNSPECIFIED.,.F.,.F.,(4,1,4),(0.,0.0197442442173641,0.045979965662446),
 .UNSPECIFIED.);
#2802=B_SPLINE_CURVE_WITH_KNOTS('',3,(#13325,#13326,#13327,#13328,#13329),
 .UNSPECIFIED.,.F.,.F.,(4,1,4),(0.,0.0261502257275956,0.058824924874908),
 .UNSPECIFIED.);
#2803=B_SPLINE_CURVE_WITH_KNOTS('',3,(#13332,#13333,#13334,#13335,#13336),
 .UNSPECIFIED.,.F.,.F.,(4,1,4),(0.,0.0261502257275956,0.058824924874908),
 .UNSPECIFIED.);
#2804=B_SPLINE_CURVE_WITH_KNOTS('',3,(#13348,#13349,#13350,#13351,#13352),
 .UNSPECIFIED.,.F.,.F.,(4,1,4),(0.,0.0289504394413687,0.0540272577756398),
 .UNSPECIFIED.);
#2805=B_SPLINE_CURVE_WITH_KNOTS('',3,(#13355,#13356,#13357,#13358,#13359),
 .UNSPECIFIED.,.F.,.F.,(4,1,4),(0.,0.0289504394413687,0.0540272577756398),
 .UNSPECIFIED.);
#2806=B_SPLINE_CURVE_WITH_KNOTS('',3,(#13371,#13372,#13373,#13374,#13375),
 .UNSPECIFIED.,.F.,.F.,(4,1,4),(0.,0.0411752057351826,0.0798140919142888),
 .UNSPECIFIED.);
#2807=B_SPLINE_CURVE_WITH_KNOTS('',3,(#13378,#13379,#13380,#13381,#13382),
 .UNSPECIFIED.,.F.,.F.,(4,1,4),(0.,0.0411752057351826,0.0798140919142888),
 .UNSPECIFIED.);
#2808=B_SPLINE_CURVE_WITH_KNOTS('',3,(#13394,#13395,#13396,#13397,#13398),
 .UNSPECIFIED.,.F.,.F.,(4,1,4),(0.,0.0178916911804341,0.0360897139558254),
 .UNSPECIFIED.);
#2809=B_SPLINE_CURVE_WITH_KNOTS('',3,(#13401,#13402,#13403,#13404,#13405),
 .UNSPECIFIED.,.F.,.F.,(4,1,4),(0.,0.0178916911804341,0.0360897139558254),
 .UNSPECIFIED.);
#2810=B_SPLINE_CURVE_WITH_KNOTS('',3,(#13417,#13418,#13419,#13420,#13421),
 .UNSPECIFIED.,.F.,.F.,(4,1,4),(0.,0.0220901729733331,0.0411815514499857),
 .UNSPECIFIED.);
#2811=B_SPLINE_CURVE_WITH_KNOTS('',3,(#13424,#13425,#13426,#13427,#13428),
 .UNSPECIFIED.,.F.,.F.,(4,1,4),(0.,0.0220901729733331,0.0411815514499857),
 .UNSPECIFIED.);
#2812=B_SPLINE_CURVE_WITH_KNOTS('',3,(#13440,#13441,#13442,#13443,#13444),
 .UNSPECIFIED.,.F.,.F.,(4,1,4),(0.,0.0195989326847333,0.0402603907904657),
 .UNSPECIFIED.);
#2813=B_SPLINE_CURVE_WITH_KNOTS('',3,(#13447,#13448,#13449,#13450,#13451),
 .UNSPECIFIED.,.F.,.F.,(4,1,4),(0.,0.0195989326847333,0.0402603907904657),
 .UNSPECIFIED.);
#2814=B_SPLINE_CURVE_WITH_KNOTS('',3,(#13463,#13464,#13465,#13466,#13467),
 .UNSPECIFIED.,.F.,.F.,(4,1,4),(0.,0.0186750273653375,0.0376359937486608),
 .UNSPECIFIED.);
#2815=B_SPLINE_CURVE_WITH_KNOTS('',3,(#13470,#13471,#13472,#13473,#13474),
 .UNSPECIFIED.,.F.,.F.,(4,1,4),(0.,0.0186750273653375,0.0376359937486608),
 .UNSPECIFIED.);
#2816=B_SPLINE_CURVE_WITH_KNOTS('',3,(#13534,#13535,#13536,#13537,#13538),
 .UNSPECIFIED.,.F.,.F.,(4,1,4),(0.,0.0190086078383577,0.0400653209448747),
 .UNSPECIFIED.);
#2817=B_SPLINE_CURVE_WITH_KNOTS('',3,(#13542,#13543,#13544,#13545,#13546),
 .UNSPECIFIED.,.F.,.F.,(4,1,4),(0.,0.0190086078383577,0.0400653209448747),
 .UNSPECIFIED.);
#2818=B_SPLINE_CURVE_WITH_KNOTS('',3,(#13565,#13566,#13567,#13568,#13569),
 .UNSPECIFIED.,.F.,.F.,(4,1,4),(0.,0.014773065371594,0.0284258198155654),
 .UNSPECIFIED.);
#2819=B_SPLINE_CURVE_WITH_KNOTS('',3,(#13571,#13572,#13573,#13574,#13575),
 .UNSPECIFIED.,.F.,.F.,(4,1,4),(0.,0.014773065371594,0.0284258198155654),
 .UNSPECIFIED.);
#2820=B_SPLINE_CURVE_WITH_KNOTS('',3,(#13588,#13589,#13590,#13591,#13592),
 .UNSPECIFIED.,.F.,.F.,(4,1,4),(0.,0.011606763938121,0.0232352387865191),
 .UNSPECIFIED.);
#2821=B_SPLINE_CURVE_WITH_KNOTS('',3,(#13594,#13595,#13596,#13597,#13598),
 .UNSPECIFIED.,.F.,.F.,(4,1,4),(0.,0.011606763938121,0.0232352387865191),
 .UNSPECIFIED.);
#2822=B_SPLINE_CURVE_WITH_KNOTS('',3,(#13611,#13612,#13613,#13614,#13615),
 .UNSPECIFIED.,.F.,.F.,(4,1,4),(0.,0.0119043527543917,0.0246044165262238),
 .UNSPECIFIED.);
#2823=B_SPLINE_CURVE_WITH_KNOTS('',3,(#13617,#13618,#13619,#13620,#13621),
 .UNSPECIFIED.,.F.,.F.,(4,1,4),(0.,0.0119043527543917,0.0246044165262238),
 .UNSPECIFIED.);
#2824=B_SPLINE_CURVE_WITH_KNOTS('',3,(#13634,#13635,#13636,#13637,#13638),
 .UNSPECIFIED.,.F.,.F.,(4,1,4),(0.,0.0210752788544421,0.0435356681114824),
 .UNSPECIFIED.);
#2825=B_SPLINE_CURVE_WITH_KNOTS('',3,(#13640,#13641,#13642,#13643,#13644),
 .UNSPECIFIED.,.F.,.F.,(4,1,4),(0.,0.0210752788544421,0.0435356681114824),
 .UNSPECIFIED.);
#2826=B_SPLINE_CURVE_WITH_KNOTS('',3,(#13663,#13664,#13665,#13666,#13667),
 .UNSPECIFIED.,.F.,.F.,(4,1,4),(0.,0.0126301625009776,0.0251469992718627),
 .UNSPECIFIED.);
#2827=B_SPLINE_CURVE_WITH_KNOTS('',3,(#13670,#13671,#13672,#13673,#13674),
 .UNSPECIFIED.,.F.,.F.,(4,1,4),(0.,0.0126301625009776,0.0251469992718627),
 .UNSPECIFIED.);
#2828=B_SPLINE_CURVE_WITH_KNOTS('',3,(#13686,#13687,#13688,#13689,#13690),
 .UNSPECIFIED.,.F.,.F.,(4,1,4),(0.,0.0227225007294105,0.0386038462231137),
 .UNSPECIFIED.);
#2829=B_SPLINE_CURVE_WITH_KNOTS('',3,(#13693,#13694,#13695,#13696,#13697),
 .UNSPECIFIED.,.F.,.F.,(4,1,4),(0.,0.0227225007294105,0.0386038462231137),
 .UNSPECIFIED.);
#2830=B_SPLINE_CURVE_WITH_KNOTS('',3,(#13732,#13733,#13734,#13735,#13736),
 .UNSPECIFIED.,.F.,.F.,(4,1,4),(0.,0.0365766347607168,0.0654960933426256),
 .UNSPECIFIED.);
#2831=B_SPLINE_CURVE_WITH_KNOTS('',3,(#13740,#13741,#13742,#13743,#13744),
 .UNSPECIFIED.,.F.,.F.,(4,1,4),(0.,0.0365766347607168,0.0654960933426256),
 .UNSPECIFIED.);
#2832=B_SPLINE_CURVE_WITH_KNOTS('',3,(#13757,#13758,#13759,#13760,#13761),
 .UNSPECIFIED.,.F.,.F.,(4,1,4),(0.,0.0242690119600179,0.0469161286298782),
 .UNSPECIFIED.);
#2833=B_SPLINE_CURVE_WITH_KNOTS('',3,(#13763,#13764,#13765,#13766,#13767),
 .UNSPECIFIED.,.F.,.F.,(4,1,4),(0.,0.0242690119600179,0.0469161286298782),
 .UNSPECIFIED.);
#2834=B_SPLINE_CURVE_WITH_KNOTS('',3,(#13780,#13781,#13782,#13783,#13784),
 .UNSPECIFIED.,.F.,.F.,(4,1,4),(0.,0.0228804765333561,0.0485062417995294),
 .UNSPECIFIED.);
#2835=B_SPLINE_CURVE_WITH_KNOTS('',3,(#13786,#13787,#13788,#13789,#13790),
 .UNSPECIFIED.,.F.,.F.,(4,1,4),(0.,0.0228804765333561,0.0485062417995294),
 .UNSPECIFIED.);
#2836=B_SPLINE_CURVE_WITH_KNOTS('',3,(#13803,#13804,#13805,#13806,#13807),
 .UNSPECIFIED.,.F.,.F.,(4,1,4),(0.,0.0301091681602408,0.0673198170546121),
 .UNSPECIFIED.);
#2837=B_SPLINE_CURVE_WITH_KNOTS('',3,(#13809,#13810,#13811,#13812,#13813),
 .UNSPECIFIED.,.F.,.F.,(4,1,4),(0.,0.0301091681602408,0.0673198170546121),
 .UNSPECIFIED.);
#2838=B_SPLINE_CURVE_WITH_KNOTS('',3,(#13827,#13828,#13829,#13830,#13831),
 .UNSPECIFIED.,.F.,.F.,(4,1,4),(0.,0.025449948155599,0.0522922021388081),
 .UNSPECIFIED.);
#2839=B_SPLINE_CURVE_WITH_KNOTS('',3,(#13835,#13836,#13837,#13838,#13839),
 .UNSPECIFIED.,.F.,.F.,(4,1,4),(0.,0.025449948155599,0.0522922021388081),
 .UNSPECIFIED.);
#2840=B_SPLINE_CURVE_WITH_KNOTS('',3,(#13852,#13853,#13854,#13855,#13856),
 .UNSPECIFIED.,.F.,.F.,(4,1,4),(0.,0.0284555124005433,0.0584045885069177),
 .UNSPECIFIED.);
#2841=B_SPLINE_CURVE_WITH_KNOTS('',3,(#13858,#13859,#13860,#13861,#13862),
 .UNSPECIFIED.,.F.,.F.,(4,1,4),(0.,0.0284555124005433,0.0584045885069177),
 .UNSPECIFIED.);
#2842=B_SPLINE_CURVE_WITH_KNOTS('',3,(#13875,#13876,#13877,#13878,#13879),
 .UNSPECIFIED.,.F.,.F.,(4,1,4),(0.,0.0318622602678922,0.0617135425722274),
 .UNSPECIFIED.);
#2843=B_SPLINE_CURVE_WITH_KNOTS('',3,(#13881,#13882,#13883,#13884,#13885),
 .UNSPECIFIED.,.F.,.F.,(4,1,4),(0.,0.0318622602678922,0.0617135425722274),
 .UNSPECIFIED.);
#2844=B_SPLINE_CURVE_WITH_KNOTS('',3,(#13898,#13899,#13900,#13901,#13902),
 .UNSPECIFIED.,.F.,.F.,(4,1,4),(0.,0.0277111108542529,0.0543356417655333),
 .UNSPECIFIED.);
#2845=B_SPLINE_CURVE_WITH_KNOTS('',3,(#13904,#13905,#13906,#13907,#13908),
 .UNSPECIFIED.,.F.,.F.,(4,1,4),(0.,0.0277111108542529,0.0543356417655333),
 .UNSPECIFIED.);
#2846=B_SPLINE_CURVE_WITH_KNOTS('',3,(#13921,#13922,#13923,#13924,#13925),
 .UNSPECIFIED.,.F.,.F.,(4,1,4),(0.,0.0256199236069573,0.0504289842771629),
 .UNSPECIFIED.);
#2847=B_SPLINE_CURVE_WITH_KNOTS('',3,(#13927,#13928,#13929,#13930,#13931),
 .UNSPECIFIED.,.F.,.F.,(4,1,4),(0.,0.0256199236069573,0.0504289842771629),
 .UNSPECIFIED.);
#2848=B_SPLINE_CURVE_WITH_KNOTS('',3,(#13944,#13945,#13946,#13947,#13948),
 .UNSPECIFIED.,.F.,.F.,(4,1,4),(0.,0.0176042581597263,0.0343101654251283),
 .UNSPECIFIED.);
#2849=B_SPLINE_CURVE_WITH_KNOTS('',3,(#13950,#13951,#13952,#13953,#13954),
 .UNSPECIFIED.,.F.,.F.,(4,1,4),(0.,0.0176042581597263,0.0343101654251283),
 .UNSPECIFIED.);
#2850=B_SPLINE_CURVE_WITH_KNOTS('',3,(#13967,#13968,#13969,#13970,#13971),
 .UNSPECIFIED.,.F.,.F.,(4,1,4),(0.,0.0159060313698907,0.0311362239089048),
 .UNSPECIFIED.);
#2851=B_SPLINE_CURVE_WITH_KNOTS('',3,(#13973,#13974,#13975,#13976,#13977),
 .UNSPECIFIED.,.F.,.F.,(4,1,4),(0.,0.0159060313698907,0.0311362239089048),
 .UNSPECIFIED.);
#2852=B_SPLINE_CURVE_WITH_KNOTS('',3,(#13990,#13991,#13992,#13993,#13994),
 .UNSPECIFIED.,.F.,.F.,(4,1,4),(0.,0.0296516356924795,0.0678154307524676),
 .UNSPECIFIED.);
#2853=B_SPLINE_CURVE_WITH_KNOTS('',3,(#13997,#13998,#13999,#14000,#14001),
 .UNSPECIFIED.,.F.,.F.,(4,1,4),(0.,0.0296516356924795,0.0678154307524676),
 .UNSPECIFIED.);
#2854=B_SPLINE_CURVE_WITH_KNOTS('',3,(#14013,#14014,#14015,#14016,#14017),
 .UNSPECIFIED.,.F.,.F.,(4,1,4),(0.,0.023345014113496,0.0480097369146752),
 .UNSPECIFIED.);
#2855=B_SPLINE_CURVE_WITH_KNOTS('',3,(#14020,#14021,#14022,#14023,#14024),
 .UNSPECIFIED.,.F.,.F.,(4,1,4),(0.,0.023345014113496,0.0480097369146752),
 .UNSPECIFIED.);
#2856=B_SPLINE_CURVE_WITH_KNOTS('',3,(#14036,#14037,#14038,#14039,#14040),
 .UNSPECIFIED.,.F.,.F.,(4,1,4),(0.,0.0240572689511338,0.0469692928739906),
 .UNSPECIFIED.);
#2857=B_SPLINE_CURVE_WITH_KNOTS('',3,(#14043,#14044,#14045,#14046,#14047),
 .UNSPECIFIED.,.F.,.F.,(4,1,4),(0.,0.0240572689511338,0.0469692928739906),
 .UNSPECIFIED.);
#2858=B_SPLINE_CURVE_WITH_KNOTS('',3,(#14058,#14059,#14060,#14061,#14062),
 .UNSPECIFIED.,.F.,.F.,(4,1,4),(0.,0.0367230504878277,0.0652535708699071),
 .UNSPECIFIED.);
#2859=B_SPLINE_CURVE_WITH_KNOTS('',3,(#14063,#14064,#14065,#14066,#14067),
 .UNSPECIFIED.,.F.,.F.,(4,1,4),(0.,0.0367230504878277,0.0652535708699071),
 .UNSPECIFIED.);
#2860=B_SPLINE_CURVE_WITH_KNOTS('',3,(#14085,#14086,#14087,#14088,#14089),
 .UNSPECIFIED.,.F.,.F.,(4,1,4),(0.,0.0264374142995997,0.0517499095518433),
 .UNSPECIFIED.);
#2861=B_SPLINE_CURVE_WITH_KNOTS('',3,(#14092,#14093,#14094,#14095,#14096),
 .UNSPECIFIED.,.F.,.F.,(4,1,4),(0.,0.0264374142995997,0.0517499095518433),
 .UNSPECIFIED.);
#2862=B_SPLINE_CURVE_WITH_KNOTS('',3,(#14108,#14109,#14110,#14111,#14112),
 .UNSPECIFIED.,.F.,.F.,(4,1,4),(0.,0.0176821327747749,0.0374899795695331),
 .UNSPECIFIED.);
#2863=B_SPLINE_CURVE_WITH_KNOTS('',3,(#14115,#14116,#14117,#14118,#14119),
 .UNSPECIFIED.,.F.,.F.,(4,1,4),(0.,0.0176821327747749,0.0374899795695331),
 .UNSPECIFIED.);
#2864=B_SPLINE_CURVE_WITH_KNOTS('',3,(#14131,#14132,#14133,#14134,#14135),
 .UNSPECIFIED.,.F.,.F.,(4,1,4),(0.,0.0192170963837849,0.0367261200675265),
 .UNSPECIFIED.);
#2865=B_SPLINE_CURVE_WITH_KNOTS('',3,(#14138,#14139,#14140,#14141,#14142),
 .UNSPECIFIED.,.F.,.F.,(4,1,4),(0.,0.0192170963837849,0.0367261200675265),
 .UNSPECIFIED.);
#2866=B_SPLINE_CURVE_WITH_KNOTS('',3,(#14177,#14178,#14179,#14180,#14181),
 .UNSPECIFIED.,.F.,.F.,(4,1,4),(0.,0.0389146584371583,0.0686612441638376),
 .UNSPECIFIED.);
#2867=B_SPLINE_CURVE_WITH_KNOTS('',3,(#14185,#14186,#14187,#14188,#14189),
 .UNSPECIFIED.,.F.,.F.,(4,1,4),(0.,0.0389146584371583,0.0686612441638376),
 .UNSPECIFIED.);
#2868=B_SPLINE_CURVE_WITH_KNOTS('',3,(#14202,#14203,#14204,#14205,#14206),
 .UNSPECIFIED.,.F.,.F.,(4,1,4),(0.,0.0247616011977997,0.0485170646511943),
 .UNSPECIFIED.);
#2869=B_SPLINE_CURVE_WITH_KNOTS('',3,(#14208,#14209,#14210,#14211,#14212),
 .UNSPECIFIED.,.F.,.F.,(4,1,4),(0.,0.0247616011977997,0.0485170646511943),
 .UNSPECIFIED.);
#2870=B_SPLINE_CURVE_WITH_KNOTS('',3,(#14225,#14226,#14227,#14228,#14229),
 .UNSPECIFIED.,.F.,.F.,(4,1,4),(0.,0.0231117891732538,0.047009655681053),
 .UNSPECIFIED.);
#2871=B_SPLINE_CURVE_WITH_KNOTS('',3,(#14231,#14232,#14233,#14234,#14235),
 .UNSPECIFIED.,.F.,.F.,(4,1,4),(0.,0.0231117891732538,0.047009655681053),
 .UNSPECIFIED.);
#2872=B_SPLINE_CURVE_WITH_KNOTS('',3,(#14248,#14249,#14250,#14251,#14252),
 .UNSPECIFIED.,.F.,.F.,(4,1,4),(0.,0.0286047892822884,0.0662257516241682),
 .UNSPECIFIED.);
#2873=B_SPLINE_CURVE_WITH_KNOTS('',3,(#14254,#14255,#14256,#14257,#14258),
 .UNSPECIFIED.,.F.,.F.,(4,1,4),(0.,0.0286047892822884,0.0662257516241682),
 .UNSPECIFIED.);
#2874=B_SPLINE_CURVE_WITH_KNOTS('',3,(#14272,#14273,#14274,#14275,#14276),
 .UNSPECIFIED.,.F.,.F.,(4,1,4),(0.,0.0252942766649134,0.0510657328240887),
 .UNSPECIFIED.);
#2875=B_SPLINE_CURVE_WITH_KNOTS('',3,(#14280,#14281,#14282,#14283,#14284),
 .UNSPECIFIED.,.F.,.F.,(4,1,4),(0.,0.0252942766649134,0.0510657328240887),
 .UNSPECIFIED.);
#2876=B_SPLINE_CURVE_WITH_KNOTS('',3,(#14297,#14298,#14299,#14300,#14301),
 .UNSPECIFIED.,.F.,.F.,(4,1,4),(0.,0.018689096600262,0.0362755807903836),
 .UNSPECIFIED.);
#2877=B_SPLINE_CURVE_WITH_KNOTS('',3,(#14303,#14304,#14305,#14306,#14307),
 .UNSPECIFIED.,.F.,.F.,(4,1,4),(0.,0.018689096600262,0.0362755807903836),
 .UNSPECIFIED.);
#2878=B_SPLINE_CURVE_WITH_KNOTS('',3,(#14320,#14321,#14322,#14323,#14324),
 .UNSPECIFIED.,.F.,.F.,(4,1,4),(0.,0.0168290305905567,0.0331586280610737),
 .UNSPECIFIED.);
#2879=B_SPLINE_CURVE_WITH_KNOTS('',3,(#14326,#14327,#14328,#14329,#14330),
 .UNSPECIFIED.,.F.,.F.,(4,1,4),(0.,0.0168290305905567,0.0331586280610737),
 .UNSPECIFIED.);
#2880=B_SPLINE_CURVE_WITH_KNOTS('',3,(#14367,#14368,#14369,#14370,#14371),
 .UNSPECIFIED.,.F.,.F.,(4,1,4),(0.,0.0280736357342223,0.0636790181043114),
 .UNSPECIFIED.);
#2881=B_SPLINE_CURVE_WITH_KNOTS('',3,(#14374,#14375,#14376,#14377,#14378),
 .UNSPECIFIED.,.F.,.F.,(4,1,4),(0.,0.0280736357342223,0.0636790181043114),
 .UNSPECIFIED.);
#2882=B_SPLINE_CURVE_WITH_KNOTS('',3,(#14390,#14391,#14392,#14393,#14394),
 .UNSPECIFIED.,.F.,.F.,(4,1,4),(0.,0.0228399002056452,0.0465859465782024),
 .UNSPECIFIED.);
#2883=B_SPLINE_CURVE_WITH_KNOTS('',3,(#14397,#14398,#14399,#14400,#14401),
 .UNSPECIFIED.,.F.,.F.,(4,1,4),(0.,0.0228399002056452,0.0465859465782024),
 .UNSPECIFIED.);
#2884=B_SPLINE_CURVE_WITH_KNOTS('',3,(#14413,#14414,#14415,#14416,#14417),
 .UNSPECIFIED.,.F.,.F.,(4,1,4),(0.,0.0246647228011791,0.0476108206172747),
 .UNSPECIFIED.);
#2885=B_SPLINE_CURVE_WITH_KNOTS('',3,(#14420,#14421,#14422,#14423,#14424),
 .UNSPECIFIED.,.F.,.F.,(4,1,4),(0.,0.0246647228011791,0.0476108206172747),
 .UNSPECIFIED.);
#2886=B_SPLINE_CURVE_WITH_KNOTS('',3,(#14435,#14436,#14437,#14438,#14439),
 .UNSPECIFIED.,.F.,.F.,(4,1,4),(0.,0.0367412391733018,0.065844356339461),
 .UNSPECIFIED.);
#2887=B_SPLINE_CURVE_WITH_KNOTS('',3,(#14440,#14441,#14442,#14443,#14444),
 .UNSPECIFIED.,.F.,.F.,(4,1,4),(0.,0.0367412391733018,0.065844356339461),
 .UNSPECIFIED.);
#2888=B_SPLINE_CURVE_WITH_KNOTS('',3,(#14456,#14457,#14458,#14459,#14460),
 .UNSPECIFIED.,.F.,.F.,(4,1,4),(0.,0.0271148679999051,0.0527565405892002),
 .UNSPECIFIED.);
#2889=B_SPLINE_CURVE_WITH_KNOTS('',3,(#14463,#14464,#14465,#14466,#14467),
 .UNSPECIFIED.,.F.,.F.,(4,1,4),(0.,0.0271148679999051,0.0527565405892002),
 .UNSPECIFIED.);
#2890=B_SPLINE_CURVE_WITH_KNOTS('',3,(#14479,#14480,#14481,#14482,#14483),
 .UNSPECIFIED.,.F.,.F.,(4,1,4),(0.,0.0311211005006545,0.06021452121502),
 .UNSPECIFIED.);
#2891=B_SPLINE_CURVE_WITH_KNOTS('',3,(#14486,#14487,#14488,#14489,#14490),
 .UNSPECIFIED.,.F.,.F.,(4,1,4),(0.,0.0311211005006545,0.06021452121502),
 .UNSPECIFIED.);
#2892=B_SPLINE_CURVE_WITH_KNOTS('',3,(#14502,#14503,#14504,#14505,#14506),
 .UNSPECIFIED.,.F.,.F.,(4,1,4),(0.,0.0290736416071569,0.0606763958113712),
 .UNSPECIFIED.);
#2893=B_SPLINE_CURVE_WITH_KNOTS('',3,(#14509,#14510,#14511,#14512,#14513),
 .UNSPECIFIED.,.F.,.F.,(4,1,4),(0.,0.0290736416071569,0.0606763958113712),
 .UNSPECIFIED.);
#2894=B_SPLINE_CURVE_WITH_KNOTS('',3,(#14525,#14526,#14527,#14528,#14529),
 .UNSPECIFIED.,.F.,.F.,(4,1,4),(0.,0.0258016814437193,0.0527814693123524),
 .UNSPECIFIED.);
#2895=B_SPLINE_CURVE_WITH_KNOTS('',3,(#14532,#14533,#14534,#14535,#14536),
 .UNSPECIFIED.,.F.,.F.,(4,1,4),(0.,0.0258016814437193,0.0527814693123524),
 .UNSPECIFIED.);
#2896=B_SPLINE_CURVE_WITH_KNOTS('',3,(#14548,#14549,#14550,#14551,#14552),
 .UNSPECIFIED.,.F.,.F.,(4,1,4),(0.,0.0252214200813241,0.0505339153335677),
 .UNSPECIFIED.);
#2897=B_SPLINE_CURVE_WITH_KNOTS('',3,(#14555,#14556,#14557,#14558,#14559),
 .UNSPECIFIED.,.F.,.F.,(4,1,4),(0.,0.0252214200813241,0.0505339153335677),
 .UNSPECIFIED.);
#2898=B_SPLINE_CURVE_WITH_KNOTS('',3,(#14571,#14572,#14573,#14574,#14575),
 .UNSPECIFIED.,.F.,.F.,(4,1,4),(0.,0.0352101789775276,0.071374113378552),
 .UNSPECIFIED.);
#2899=B_SPLINE_CURVE_WITH_KNOTS('',3,(#14578,#14579,#14580,#14581,#14582),
 .UNSPECIFIED.,.F.,.F.,(4,1,4),(0.,0.0352101789775276,0.071374113378552),
 .UNSPECIFIED.);
#2900=VERTEX_POINT('',#9022);
#2901=VERTEX_POINT('',#9023);
#2902=VERTEX_POINT('',#9029);
#2903=VERTEX_POINT('',#9031);
#2904=VERTEX_POINT('',#9048);
#2905=VERTEX_POINT('',#9054);
#2906=VERTEX_POINT('',#9071);
#2907=VERTEX_POINT('',#9077);
#2908=VERTEX_POINT('',#9094);
#2909=VERTEX_POINT('',#9100);
#2910=VERTEX_POINT('',#9108);
#2911=VERTEX_POINT('',#9110);
#2912=VERTEX_POINT('',#9123);
#2913=VERTEX_POINT('',#9124);
#2914=VERTEX_POINT('',#9130);
#2915=VERTEX_POINT('',#9132);
#2916=VERTEX_POINT('',#9149);
#2917=VERTEX_POINT('',#9155);
#2918=VERTEX_POINT('',#9163);
#2919=VERTEX_POINT('',#9165);
#2920=VERTEX_POINT('',#9178);
#2921=VERTEX_POINT('',#9184);
#2922=VERTEX_POINT('',#9201);
#2923=VERTEX_POINT('',#9207);
#2924=VERTEX_POINT('',#9224);
#2925=VERTEX_POINT('',#9230);
#2926=VERTEX_POINT('',#9247);
#2927=VERTEX_POINT('',#9253);
#2928=VERTEX_POINT('',#9270);
#2929=VERTEX_POINT('',#9276);
#2930=VERTEX_POINT('',#9293);
#2931=VERTEX_POINT('',#9299);
#2932=VERTEX_POINT('',#9316);
#2933=VERTEX_POINT('',#9322);
#2934=VERTEX_POINT('',#9330);
#2935=VERTEX_POINT('',#9332);
#2936=VERTEX_POINT('',#9345);
#2937=VERTEX_POINT('',#9351);
#2938=VERTEX_POINT('',#9368);
#2939=VERTEX_POINT('',#9374);
#2940=VERTEX_POINT('',#9391);
#2941=VERTEX_POINT('',#9397);
#2942=VERTEX_POINT('',#9414);
#2943=VERTEX_POINT('',#9420);
#2944=VERTEX_POINT('',#9437);
#2945=VERTEX_POINT('',#9443);
#2946=VERTEX_POINT('',#9460);
#2947=VERTEX_POINT('',#9466);
#2948=VERTEX_POINT('',#9494);
#2949=VERTEX_POINT('',#9496);
#2950=VERTEX_POINT('',#9509);
#2951=VERTEX_POINT('',#9515);
#2952=VERTEX_POINT('',#9532);
#2953=VERTEX_POINT('',#9538);
#2954=VERTEX_POINT('',#9555);
#2955=VERTEX_POINT('',#9561);
#2956=VERTEX_POINT('',#9578);
#2957=VERTEX_POINT('',#9584);
#2958=VERTEX_POINT('',#9601);
#2959=VERTEX_POINT('',#9607);
#2960=VERTEX_POINT('',#9624);
#2961=VERTEX_POINT('',#9630);
#2962=VERTEX_POINT('',#9647);
#2963=VERTEX_POINT('',#9653);
#2964=VERTEX_POINT('',#9670);
#2965=VERTEX_POINT('',#9676);
#2966=VERTEX_POINT('',#9693);
#2967=VERTEX_POINT('',#9699);
#2968=VERTEX_POINT('',#9716);
#2969=VERTEX_POINT('',#9722);
#2970=VERTEX_POINT('',#9739);
#2971=VERTEX_POINT('',#9745);
#2972=VERTEX_POINT('',#9762);
#2973=VERTEX_POINT('',#9768);
#2974=VERTEX_POINT('',#9806);
#2975=VERTEX_POINT('',#9807);
#2976=VERTEX_POINT('',#9813);
#2977=VERTEX_POINT('',#9815);
#2978=VERTEX_POINT('',#9832);
#2979=VERTEX_POINT('',#9838);
#2980=VERTEX_POINT('',#9855);
#2981=VERTEX_POINT('',#9861);
#2982=VERTEX_POINT('',#9878);
#2983=VERTEX_POINT('',#9884);
#2984=VERTEX_POINT('',#9901);
#2985=VERTEX_POINT('',#9902);
#2986=VERTEX_POINT('',#9908);
#2987=VERTEX_POINT('',#9910);
#2988=VERTEX_POINT('',#9927);
#2989=VERTEX_POINT('',#9933);
#2990=VERTEX_POINT('',#9950);
#2991=VERTEX_POINT('',#9956);
#2992=VERTEX_POINT('',#9973);
#2993=VERTEX_POINT('',#9979);
#2994=VERTEX_POINT('',#9996);
#2995=VERTEX_POINT('',#10002);
#2996=VERTEX_POINT('',#10019);
#2997=VERTEX_POINT('',#10025);
#2998=VERTEX_POINT('',#10042);
#2999=VERTEX_POINT('',#10048);
#3000=VERTEX_POINT('',#10085);
#3001=VERTEX_POINT('',#10091);
#3002=VERTEX_POINT('',#10108);
#3003=VERTEX_POINT('',#10114);
#3004=VERTEX_POINT('',#10131);
#3005=VERTEX_POINT('',#10137);
#3006=VERTEX_POINT('',#10154);
#3007=VERTEX_POINT('',#10160);
#3008=VERTEX_POINT('',#10198);
#3009=VERTEX_POINT('',#10199);
#3010=VERTEX_POINT('',#10205);
#3011=VERTEX_POINT('',#10207);
#3012=VERTEX_POINT('',#10224);
#3013=VERTEX_POINT('',#10230);
#3014=VERTEX_POINT('',#10238);
#3015=VERTEX_POINT('',#10240);
#3016=VERTEX_POINT('',#10253);
#3017=VERTEX_POINT('',#10259);
#3018=VERTEX_POINT('',#10276);
#3019=VERTEX_POINT('',#10282);
#3020=VERTEX_POINT('',#10299);
#3021=VERTEX_POINT('',#10305);
#3022=VERTEX_POINT('',#10322);
#3023=VERTEX_POINT('',#10328);
#3024=VERTEX_POINT('',#10345);
#3025=VERTEX_POINT('',#10351);
#3026=VERTEX_POINT('',#10368);
#3027=VERTEX_POINT('',#10374);
#3028=VERTEX_POINT('',#10391);
#3029=VERTEX_POINT('',#10397);
#3030=VERTEX_POINT('',#10414);
#3031=VERTEX_POINT('',#10420);
#3032=VERTEX_POINT('',#10437);
#3033=VERTEX_POINT('',#10443);
#3034=VERTEX_POINT('',#10460);
#3035=VERTEX_POINT('',#10466);
#3036=VERTEX_POINT('',#10483);
#3037=VERTEX_POINT('',#10489);
#3038=VERTEX_POINT('',#10506);
#3039=VERTEX_POINT('',#10512);
#3040=VERTEX_POINT('',#10529);
#3041=VERTEX_POINT('',#10535);
#3042=VERTEX_POINT('',#10552);
#3043=VERTEX_POINT('',#10558);
#3044=VERTEX_POINT('',#10566);
#3045=VERTEX_POINT('',#10568);
#3046=VERTEX_POINT('',#10593);
#3047=VERTEX_POINT('',#10594);
#3048=VERTEX_POINT('',#10596);
#3049=VERTEX_POINT('',#10598);
#3050=VERTEX_POINT('',#10602);
#3051=VERTEX_POINT('',#10604);
#3052=VERTEX_POINT('',#10608);
#3053=VERTEX_POINT('',#10610);
#3054=VERTEX_POINT('',#10618);
#3055=VERTEX_POINT('',#10619);
#3056=VERTEX_POINT('',#10621);
#3057=VERTEX_POINT('',#10623);
#3058=VERTEX_POINT('',#10627);
#3059=VERTEX_POINT('',#10629);
#3060=VERTEX_POINT('',#10633);
#3061=VERTEX_POINT('',#10635);
#3062=VERTEX_POINT('',#10639);
#3063=VERTEX_POINT('',#10641);
#3064=VERTEX_POINT('',#10645);
#3065=VERTEX_POINT('',#10647);
#3066=VERTEX_POINT('',#10664);
#3067=VERTEX_POINT('',#10665);
#3068=VERTEX_POINT('',#10671);
#3069=VERTEX_POINT('',#10673);
#3070=VERTEX_POINT('',#10690);
#3071=VERTEX_POINT('',#10696);
#3072=VERTEX_POINT('',#10713);
#3073=VERTEX_POINT('',#10719);
#3074=VERTEX_POINT('',#10736);
#3075=VERTEX_POINT('',#10742);
#3076=VERTEX_POINT('',#10759);
#3077=VERTEX_POINT('',#10765);
#3078=VERTEX_POINT('',#10782);
#3079=VERTEX_POINT('',#10788);
#3080=VERTEX_POINT('',#10796);
#3081=VERTEX_POINT('',#10798);
#3082=VERTEX_POINT('',#10802);
#3083=VERTEX_POINT('',#10804);
#3084=VERTEX_POINT('',#10808);
#3085=VERTEX_POINT('',#10810);
#3086=VERTEX_POINT('',#10814);
#3087=VERTEX_POINT('',#10816);
#3088=VERTEX_POINT('',#10820);
#3089=VERTEX_POINT('',#10822);
#3090=VERTEX_POINT('',#10826);
#3091=VERTEX_POINT('',#10828);
#3092=VERTEX_POINT('',#10832);
#3093=VERTEX_POINT('',#10834);
#3094=VERTEX_POINT('',#10847);
#3095=VERTEX_POINT('',#10853);
#3096=VERTEX_POINT('',#10870);
#3097=VERTEX_POINT('',#10876);
#3098=VERTEX_POINT('',#10893);
#3099=VERTEX_POINT('',#10899);
#3100=VERTEX_POINT('',#10916);
#3101=VERTEX_POINT('',#10922);
#3102=VERTEX_POINT('',#10939);
#3103=VERTEX_POINT('',#10945);
#3104=VERTEX_POINT('',#10966);
#3105=VERTEX_POINT('',#10967);
#3106=VERTEX_POINT('',#10973);
#3107=VERTEX_POINT('',#10975);
#3108=VERTEX_POINT('',#10983);
#3109=VERTEX_POINT('',#10985);
#3110=VERTEX_POINT('',#10998);
#3111=VERTEX_POINT('',#11004);
#3112=VERTEX_POINT('',#11021);
#3113=VERTEX_POINT('',#11027);
#3114=VERTEX_POINT('',#11044);
#3115=VERTEX_POINT('',#11050);
#3116=VERTEX_POINT('',#11067);
#3117=VERTEX_POINT('',#11073);
#3118=VERTEX_POINT('',#11090);
#3119=VERTEX_POINT('',#11096);
#3120=VERTEX_POINT('',#11113);
#3121=VERTEX_POINT('',#11119);
#3122=VERTEX_POINT('',#11136);
#3123=VERTEX_POINT('',#11142);
#3124=VERTEX_POINT('',#11159);
#3125=VERTEX_POINT('',#11165);
#3126=VERTEX_POINT('',#11182);
#3127=VERTEX_POINT('',#11188);
#3128=VERTEX_POINT('',#11205);
#3129=VERTEX_POINT('',#11211);
#3130=VERTEX_POINT('',#11228);
#3131=VERTEX_POINT('',#11234);
#3132=VERTEX_POINT('',#11251);
#3133=VERTEX_POINT('',#11257);
#3134=VERTEX_POINT('',#11274);
#3135=VERTEX_POINT('',#11280);
#3136=VERTEX_POINT('',#11297);
#3137=VERTEX_POINT('',#11303);
#3138=VERTEX_POINT('',#11320);
#3139=VERTEX_POINT('',#11326);
#3140=VERTEX_POINT('',#11343);
#3141=VERTEX_POINT('',#11349);
#3142=VERTEX_POINT('',#11366);
#3143=VERTEX_POINT('',#11372);
#3144=VERTEX_POINT('',#11389);
#3145=VERTEX_POINT('',#11395);
#3146=VERTEX_POINT('',#11412);
#3147=VERTEX_POINT('',#11418);
#3148=VERTEX_POINT('',#11435);
#3149=VERTEX_POINT('',#11441);
#3150=VERTEX_POINT('',#11458);
#3151=VERTEX_POINT('',#11464);
#3152=VERTEX_POINT('',#11481);
#3153=VERTEX_POINT('',#11487);
#3154=VERTEX_POINT('',#11504);
#3155=VERTEX_POINT('',#11510);
#3156=VERTEX_POINT('',#11527);
#3157=VERTEX_POINT('',#11533);
#3158=VERTEX_POINT('',#11550);
#3159=VERTEX_POINT('',#11556);
#3160=VERTEX_POINT('',#11573);
#3161=VERTEX_POINT('',#11579);
#3162=VERTEX_POINT('',#11596);
#3163=VERTEX_POINT('',#11602);
#3164=VERTEX_POINT('',#11619);
#3165=VERTEX_POINT('',#11625);
#3166=VERTEX_POINT('',#11642);
#3167=VERTEX_POINT('',#11648);
#3168=VERTEX_POINT('',#11665);
#3169=VERTEX_POINT('',#11671);
#3170=VERTEX_POINT('',#11683);
#3171=VERTEX_POINT('',#11684);
#3172=VERTEX_POINT('',#11686);
#3173=VERTEX_POINT('',#11688);
#3174=VERTEX_POINT('',#11692);
#3175=VERTEX_POINT('',#11694);
#3176=VERTEX_POINT('',#11698);
#3177=VERTEX_POINT('',#11700);
#3178=VERTEX_POINT('',#11704);
#3179=VERTEX_POINT('',#11706);
#3180=VERTEX_POINT('',#11710);
#3181=VERTEX_POINT('',#11712);
#3182=VERTEX_POINT('',#11716);
#3183=VERTEX_POINT('',#11718);
#3184=VERTEX_POINT('',#11722);
#3185=VERTEX_POINT('',#11724);
#3186=VERTEX_POINT('',#11728);
#3187=VERTEX_POINT('',#11730);
#3188=VERTEX_POINT('',#11734);
#3189=VERTEX_POINT('',#11736);
#3190=VERTEX_POINT('',#11740);
#3191=VERTEX_POINT('',#11742);
#3192=VERTEX_POINT('',#11746);
#3193=VERTEX_POINT('',#11748);
#3194=VERTEX_POINT('',#11756);
#3195=VERTEX_POINT('',#11757);
#3196=VERTEX_POINT('',#11759);
#3197=VERTEX_POINT('',#11761);
#3198=VERTEX_POINT('',#11774);
#3199=VERTEX_POINT('',#11780);
#3200=VERTEX_POINT('',#11797);
#3201=VERTEX_POINT('',#11803);
#3202=VERTEX_POINT('',#11820);
#3203=VERTEX_POINT('',#11826);
#3204=VERTEX_POINT('',#11843);
#3205=VERTEX_POINT('',#11849);
#3206=VERTEX_POINT('',#11866);
#3207=VERTEX_POINT('',#11872);
#3208=VERTEX_POINT('',#11889);
#3209=VERTEX_POINT('',#11895);
#3210=VERTEX_POINT('',#11903);
#3211=VERTEX_POINT('',#11905);
#3212=VERTEX_POINT('',#11909);
#3213=VERTEX_POINT('',#11911);
#3214=VERTEX_POINT('',#11915);
#3215=VERTEX_POINT('',#11917);
#3216=VERTEX_POINT('',#11921);
#3217=VERTEX_POINT('',#11923);
#3218=VERTEX_POINT('',#11927);
#3219=VERTEX_POINT('',#11929);
#3220=VERTEX_POINT('',#11942);
#3221=VERTEX_POINT('',#11948);
#3222=VERTEX_POINT('',#11965);
#3223=VERTEX_POINT('',#11971);
#3224=VERTEX_POINT('',#11988);
#3225=VERTEX_POINT('',#11994);
#3226=VERTEX_POINT('',#12011);
#3227=VERTEX_POINT('',#12017);
#3228=VERTEX_POINT('',#12034);
#3229=VERTEX_POINT('',#12040);
#3230=VERTEX_POINT('',#12048);
#3231=VERTEX_POINT('',#12050);
#3232=VERTEX_POINT('',#12058);
#3233=VERTEX_POINT('',#12059);
#3234=VERTEX_POINT('',#12061);
#3235=VERTEX_POINT('',#12063);
#3236=VERTEX_POINT('',#12067);
#3237=VERTEX_POINT('',#12069);
#3238=VERTEX_POINT('',#12073);
#3239=VERTEX_POINT('',#12075);
#3240=VERTEX_POINT('',#12088);
#3241=VERTEX_POINT('',#12094);
#3242=VERTEX_POINT('',#12111);
#3243=VERTEX_POINT('',#12117);
#3244=VERTEX_POINT('',#12134);
#3245=VERTEX_POINT('',#12140);
#3246=VERTEX_POINT('',#12157);
#3247=VERTEX_POINT('',#12163);
#3248=VERTEX_POINT('',#12180);
#3249=VERTEX_POINT('',#12186);
#3250=VERTEX_POINT('',#12194);
#3251=VERTEX_POINT('',#12196);
#3252=VERTEX_POINT('',#12209);
#3253=VERTEX_POINT('',#12215);
#3254=VERTEX_POINT('',#12232);
#3255=VERTEX_POINT('',#12238);
#3256=VERTEX_POINT('',#12255);
#3257=VERTEX_POINT('',#12261);
#3258=VERTEX_POINT('',#12278);
#3259=VERTEX_POINT('',#12284);
#3260=VERTEX_POINT('',#12292);
#3261=VERTEX_POINT('',#12294);
#3262=VERTEX_POINT('',#12298);
#3263=VERTEX_POINT('',#12300);
#3264=VERTEX_POINT('',#12304);
#3265=VERTEX_POINT('',#12306);
#3266=VERTEX_POINT('',#12323);
#3267=VERTEX_POINT('',#12324);
#3268=VERTEX_POINT('',#12330);
#3269=VERTEX_POINT('',#12332);
#3270=VERTEX_POINT('',#12340);
#3271=VERTEX_POINT('',#12342);
#3272=VERTEX_POINT('',#12355);
#3273=VERTEX_POINT('',#12361);
#3274=VERTEX_POINT('',#12378);
#3275=VERTEX_POINT('',#12384);
#3276=VERTEX_POINT('',#12401);
#3277=VERTEX_POINT('',#12407);
#3278=VERTEX_POINT('',#12424);
#3279=VERTEX_POINT('',#12430);
#3280=VERTEX_POINT('',#12447);
#3281=VERTEX_POINT('',#12453);
#3282=VERTEX_POINT('',#12470);
#3283=VERTEX_POINT('',#12476);
#3284=VERTEX_POINT('',#12493);
#3285=VERTEX_POINT('',#12499);
#3286=VERTEX_POINT('',#12516);
#3287=VERTEX_POINT('',#12522);
#3288=VERTEX_POINT('',#12539);
#3289=VERTEX_POINT('',#12545);
#3290=VERTEX_POINT('',#12562);
#3291=VERTEX_POINT('',#12568);
#3292=VERTEX_POINT('',#12585);
#3293=VERTEX_POINT('',#12591);
#3294=VERTEX_POINT('',#12608);
#3295=VERTEX_POINT('',#12614);
#3296=VERTEX_POINT('',#12631);
#3297=VERTEX_POINT('',#12637);
#3298=VERTEX_POINT('',#12654);
#3299=VERTEX_POINT('',#12660);
#3300=VERTEX_POINT('',#12677);
#3301=VERTEX_POINT('',#12683);
#3302=VERTEX_POINT('',#12700);
#3303=VERTEX_POINT('',#12706);
#3304=VERTEX_POINT('',#12723);
#3305=VERTEX_POINT('',#12729);
#3306=VERTEX_POINT('',#12746);
#3307=VERTEX_POINT('',#12752);
#3308=VERTEX_POINT('',#12769);
#3309=VERTEX_POINT('',#12775);
#3310=VERTEX_POINT('',#12792);
#3311=VERTEX_POINT('',#12798);
#3312=VERTEX_POINT('',#12815);
#3313=VERTEX_POINT('',#12821);
#3314=VERTEX_POINT('',#12838);
#3315=VERTEX_POINT('',#12844);
#3316=VERTEX_POINT('',#12861);
#3317=VERTEX_POINT('',#12867);
#3318=VERTEX_POINT('',#12884);
#3319=VERTEX_POINT('',#12890);
#3320=VERTEX_POINT('',#12907);
#3321=VERTEX_POINT('',#12913);
#3322=VERTEX_POINT('',#12930);
#3323=VERTEX_POINT('',#12936);
#3324=VERTEX_POINT('',#12953);
#3325=VERTEX_POINT('',#12959);
#3326=VERTEX_POINT('',#12976);
#3327=VERTEX_POINT('',#12982);
#3328=VERTEX_POINT('',#12999);
#3329=VERTEX_POINT('',#13005);
#3330=VERTEX_POINT('',#13022);
#3331=VERTEX_POINT('',#13028);
#3332=VERTEX_POINT('',#13049);
#3333=VERTEX_POINT('',#13050);
#3334=VERTEX_POINT('',#13056);
#3335=VERTEX_POINT('',#13058);
#3336=VERTEX_POINT('',#13075);
#3337=VERTEX_POINT('',#13081);
#3338=VERTEX_POINT('',#13098);
#3339=VERTEX_POINT('',#13104);
#3340=VERTEX_POINT('',#13121);
#3341=VERTEX_POINT('',#13127);
#3342=VERTEX_POINT('',#13144);
#3343=VERTEX_POINT('',#13150);
#3344=VERTEX_POINT('',#13158);
#3345=VERTEX_POINT('',#13160);
#3346=VERTEX_POINT('',#13164);
#3347=VERTEX_POINT('',#13166);
#3348=VERTEX_POINT('',#13170);
#3349=VERTEX_POINT('',#13172);
#3350=VERTEX_POINT('',#13185);
#3351=VERTEX_POINT('',#13191);
#3352=VERTEX_POINT('',#13208);
#3353=VERTEX_POINT('',#13214);
#3354=VERTEX_POINT('',#13231);
#3355=VERTEX_POINT('',#13237);
#3356=VERTEX_POINT('',#13254);
#3357=VERTEX_POINT('',#13260);
#3358=VERTEX_POINT('',#13277);
#3359=VERTEX_POINT('',#13283);
#3360=VERTEX_POINT('',#13291);
#3361=VERTEX_POINT('',#13293);
#3362=VERTEX_POINT('',#13297);
#3363=VERTEX_POINT('',#13299);
#3364=VERTEX_POINT('',#13303);
#3365=VERTEX_POINT('',#13305);
#3366=VERTEX_POINT('',#13309);
#3367=VERTEX_POINT('',#13311);
#3368=VERTEX_POINT('',#13324);
#3369=VERTEX_POINT('',#13330);
#3370=VERTEX_POINT('',#13347);
#3371=VERTEX_POINT('',#13353);
#3372=VERTEX_POINT('',#13370);
#3373=VERTEX_POINT('',#13376);
#3374=VERTEX_POINT('',#13393);
#3375=VERTEX_POINT('',#13399);
#3376=VERTEX_POINT('',#13416);
#3377=VERTEX_POINT('',#13422);
#3378=VERTEX_POINT('',#13439);
#3379=VERTEX_POINT('',#13445);
#3380=VERTEX_POINT('',#13462);
#3381=VERTEX_POINT('',#13468);
#3382=VERTEX_POINT('',#13476);
#3383=VERTEX_POINT('',#13478);
#3384=VERTEX_POINT('',#13482);
#3385=VERTEX_POINT('',#13484);
#3386=VERTEX_POINT('',#13488);
#3387=VERTEX_POINT('',#13490);
#3388=VERTEX_POINT('',#13498);
#3389=VERTEX_POINT('',#13499);
#3390=VERTEX_POINT('',#13501);
#3391=VERTEX_POINT('',#13503);
#3392=VERTEX_POINT('',#13507);
#3393=VERTEX_POINT('',#13509);
#3394=VERTEX_POINT('',#13513);
#3395=VERTEX_POINT('',#13515);
#3396=VERTEX_POINT('',#13532);
#3397=VERTEX_POINT('',#13533);
#3398=VERTEX_POINT('',#13539);
#3399=VERTEX_POINT('',#13541);
#3400=VERTEX_POINT('',#13549);
#3401=VERTEX_POINT('',#13551);
#3402=VERTEX_POINT('',#13564);
#3403=VERTEX_POINT('',#13570);
#3404=VERTEX_POINT('',#13587);
#3405=VERTEX_POINT('',#13593);
#3406=VERTEX_POINT('',#13610);
#3407=VERTEX_POINT('',#13616);
#3408=VERTEX_POINT('',#13633);
#3409=VERTEX_POINT('',#13639);
#3410=VERTEX_POINT('',#13647);
#3411=VERTEX_POINT('',#13649);
#3412=VERTEX_POINT('',#13662);
#3413=VERTEX_POINT('',#13668);
#3414=VERTEX_POINT('',#13685);
#3415=VERTEX_POINT('',#13691);
#3416=VERTEX_POINT('',#13699);
#3417=VERTEX_POINT('',#13701);
#3418=VERTEX_POINT('',#13705);
#3419=VERTEX_POINT('',#13707);
#3420=VERTEX_POINT('',#13711);
#3421=VERTEX_POINT('',#13713);
#3422=VERTEX_POINT('',#13730);
#3423=VERTEX_POINT('',#13731);
#3424=VERTEX_POINT('',#13737);
#3425=VERTEX_POINT('',#13739);
#3426=VERTEX_POINT('',#13756);
#3427=VERTEX_POINT('',#13762);
#3428=VERTEX_POINT('',#13779);
#3429=VERTEX_POINT('',#13785);
#3430=VERTEX_POINT('',#13802);
#3431=VERTEX_POINT('',#13808);
#3432=VERTEX_POINT('',#13825);
#3433=VERTEX_POINT('',#13826);
#3434=VERTEX_POINT('',#13832);
#3435=VERTEX_POINT('',#13834);
#3436=VERTEX_POINT('',#13851);
#3437=VERTEX_POINT('',#13857);
#3438=VERTEX_POINT('',#13874);
#3439=VERTEX_POINT('',#13880);
#3440=VERTEX_POINT('',#13897);
#3441=VERTEX_POINT('',#13903);
#3442=VERTEX_POINT('',#13920);
#3443=VERTEX_POINT('',#13926);
#3444=VERTEX_POINT('',#13943);
#3445=VERTEX_POINT('',#13949);
#3446=VERTEX_POINT('',#13966);
#3447=VERTEX_POINT('',#13972);
#3448=VERTEX_POINT('',#13989);
#3449=VERTEX_POINT('',#13995);
#3450=VERTEX_POINT('',#14012);
#3451=VERTEX_POINT('',#14018);
#3452=VERTEX_POINT('',#14035);
#3453=VERTEX_POINT('',#14041);
#3454=VERTEX_POINT('',#14069);
#3455=VERTEX_POINT('',#14071);
#3456=VERTEX_POINT('',#14084);
#3457=VERTEX_POINT('',#14090);
#3458=VERTEX_POINT('',#14107);
#3459=VERTEX_POINT('',#14113);
#3460=VERTEX_POINT('',#14130);
#3461=VERTEX_POINT('',#14136);
#3462=VERTEX_POINT('',#14144);
#3463=VERTEX_POINT('',#14146);
#3464=VERTEX_POINT('',#14150);
#3465=VERTEX_POINT('',#14152);
#3466=VERTEX_POINT('',#14156);
#3467=VERTEX_POINT('',#14158);
#3468=VERTEX_POINT('',#14175);
#3469=VERTEX_POINT('',#14176);
#3470=VERTEX_POINT('',#14182);
#3471=VERTEX_POINT('',#14184);
#3472=VERTEX_POINT('',#14201);
#3473=VERTEX_POINT('',#14207);
#3474=VERTEX_POINT('',#14224);
#3475=VERTEX_POINT('',#14230);
#3476=VERTEX_POINT('',#14247);
#3477=VERTEX_POINT('',#14253);
#3478=VERTEX_POINT('',#14270);
#3479=VERTEX_POINT('',#14271);
#3480=VERTEX_POINT('',#14277);
#3481=VERTEX_POINT('',#14279);
#3482=VERTEX_POINT('',#14296);
#3483=VERTEX_POINT('',#14302);
#3484=VERTEX_POINT('',#14319);
#3485=VERTEX_POINT('',#14325);
#3486=VERTEX_POINT('',#14333);
#3487=VERTEX_POINT('',#14335);
#3488=VERTEX_POINT('',#14339);
#3489=VERTEX_POINT('',#14341);
#3490=VERTEX_POINT('',#14345);
#3491=VERTEX_POINT('',#14347);
#3492=VERTEX_POINT('',#14351);
#3493=VERTEX_POINT('',#14353);
#3494=VERTEX_POINT('',#14366);
#3495=VERTEX_POINT('',#14372);
#3496=VERTEX_POINT('',#14389);
#3497=VERTEX_POINT('',#14395);
#3498=VERTEX_POINT('',#14412);
#3499=VERTEX_POINT('',#14418);
#3500=VERTEX_POINT('',#14455);
#3501=VERTEX_POINT('',#14461);
#3502=VERTEX_POINT('',#14478);
#3503=VERTEX_POINT('',#14484);
#3504=VERTEX_POINT('',#14501);
#3505=VERTEX_POINT('',#14507);
#3506=VERTEX_POINT('',#14524);
#3507=VERTEX_POINT('',#14530);
#3508=VERTEX_POINT('',#14547);
#3509=VERTEX_POINT('',#14553);
#3510=VERTEX_POINT('',#14570);
#3511=VERTEX_POINT('',#14576);
#3512=VERTEX_POINT('',#14588);
#3513=VERTEX_POINT('',#14589);
#3514=VERTEX_POINT('',#14591);
#3515=VERTEX_POINT('',#14593);
#3516=VERTEX_POINT('',#14595);
#3517=VERTEX_POINT('',#14597);
#3518=VERTEX_POINT('',#14599);
#3519=VERTEX_POINT('',#14601);
#3520=VERTEX_POINT('',#14604);
#3521=VERTEX_POINT('',#14606);
#3522=VERTEX_POINT('',#14608);
#3523=VERTEX_POINT('',#14610);
#3524=VERTEX_POINT('',#14611);
#3525=VERTEX_POINT('',#14613);
#3526=VERTEX_POINT('',#14615);
#3527=VERTEX_POINT('',#14617);
#3528=VERTEX_POINT('',#14619);
#3529=VERTEX_POINT('',#14622);
#3530=VERTEX_POINT('',#14628);
#3531=VERTEX_POINT('',#14629);
#3532=VERTEX_POINT('',#14634);
#3533=VERTEX_POINT('',#14638);
#3534=VERTEX_POINT('',#14640);
#3535=VERTEX_POINT('',#14642);
#3536=VERTEX_POINT('',#14644);
#3537=VERTEX_POINT('',#14646);
#3538=VERTEX_POINT('',#14648);
#3539=VERTEX_POINT('',#14650);
#3540=VERTEX_POINT('',#14652);
#3541=VERTEX_POINT('',#14654);
#3542=VERTEX_POINT('',#14656);
#3543=VERTEX_POINT('',#14658);
#3544=VERTEX_POINT('',#14660);
#3545=VERTEX_POINT('',#14662);
#3546=VERTEX_POINT('',#14665);
#3547=VERTEX_POINT('',#14667);
#3548=VERTEX_POINT('',#14669);
#3549=VERTEX_POINT('',#14671);
#3550=VERTEX_POINT('',#14676);
#3551=VERTEX_POINT('',#14678);
#3552=VERTEX_POINT('',#14690);
#3553=VERTEX_POINT('',#14694);
#3554=VERTEX_POINT('',#14700);
#3555=VERTEX_POINT('',#14702);
#3556=VERTEX_POINT('',#14706);
#3557=VERTEX_POINT('',#14710);
#3558=VERTEX_POINT('',#14717);
#3559=VERTEX_POINT('',#14721);
#3560=VERTEX_POINT('',#14725);
#3561=VERTEX_POINT('',#14729);
#3562=VERTEX_POINT('',#14739);
#3563=VERTEX_POINT('',#14744);
#3564=VERTEX_POINT('',#14749);
#3565=VERTEX_POINT('',#14754);
#3566=VERTEX_POINT('',#14760);
#3567=VERTEX_POINT('',#14761);
#3568=VERTEX_POINT('',#14763);
#3569=VERTEX_POINT('',#14765);
#3570=VERTEX_POINT('',#14769);
#3571=VERTEX_POINT('',#14771);
#3572=VERTEX_POINT('',#14775);
#3573=VERTEX_POINT('',#14777);
#3574=VERTEX_POINT('',#14779);
#3575=VERTEX_POINT('',#14781);
#3576=VERTEX_POINT('',#14783);
#3577=VERTEX_POINT('',#14786);
#3578=VERTEX_POINT('',#14787);
#3579=VERTEX_POINT('',#14789);
#3580=VERTEX_POINT('',#14791);
#3581=VERTEX_POINT('',#14794);
#3582=VERTEX_POINT('',#14796);
#3583=VERTEX_POINT('',#14798);
#3584=VERTEX_POINT('',#14799);
#3585=VERTEX_POINT('',#14801);
#3586=VERTEX_POINT('',#14803);
#3587=VERTEX_POINT('',#14806);
#3588=VERTEX_POINT('',#14807);
#3589=VERTEX_POINT('',#14809);
#3590=VERTEX_POINT('',#14811);
#3591=VERTEX_POINT('',#14814);
#3592=VERTEX_POINT('',#14815);
#3593=VERTEX_POINT('',#14817);
#3594=VERTEX_POINT('',#14819);
#3595=VERTEX_POINT('',#14822);
#3596=VERTEX_POINT('',#14823);
#3597=VERTEX_POINT('',#14825);
#3598=VERTEX_POINT('',#14827);
#3599=VERTEX_POINT('',#14830);
#3600=VERTEX_POINT('',#14831);
#3601=VERTEX_POINT('',#14833);
#3602=VERTEX_POINT('',#14835);
#3603=VERTEX_POINT('',#14838);
#3604=VERTEX_POINT('',#14839);
#3605=VERTEX_POINT('',#14841);
#3606=VERTEX_POINT('',#14843);
#3607=VERTEX_POINT('',#14846);
#3608=VERTEX_POINT('',#14848);
#3609=VERTEX_POINT('',#14850);
#3610=VERTEX_POINT('',#14852);
#3611=VERTEX_POINT('',#14855);
#3612=VERTEX_POINT('',#14857);
#3613=VERTEX_POINT('',#14861);
#3614=VERTEX_POINT('',#14867);
#3615=VERTEX_POINT('',#14869);
#3616=VERTEX_POINT('',#14875);
#3617=VERTEX_POINT('',#14876);
#3618=VERTEX_POINT('',#14881);
#3619=VERTEX_POINT('',#14885);
#3620=VERTEX_POINT('',#14891);
#3621=VERTEX_POINT('',#14895);
#3622=VERTEX_POINT('',#14899);
#3623=VERTEX_POINT('',#14900);
#3624=VERTEX_POINT('',#14905);
#3625=VERTEX_POINT('',#14909);
#3626=VERTEX_POINT('',#14915);
#3627=VERTEX_POINT('',#14916);
#3628=VERTEX_POINT('',#14921);
#3629=VERTEX_POINT('',#14925);
#3630=VERTEX_POINT('',#14931);
#3631=VERTEX_POINT('',#14932);
#3632=VERTEX_POINT('',#14937);
#3633=VERTEX_POINT('',#14941);
#3634=VERTEX_POINT('',#14947);
#3635=VERTEX_POINT('',#14948);
#3636=VERTEX_POINT('',#14953);
#3637=VERTEX_POINT('',#14957);
#3638=VERTEX_POINT('',#14963);
#3639=VERTEX_POINT('',#14964);
#3640=VERTEX_POINT('',#14969);
#3641=VERTEX_POINT('',#14973);
#3642=VERTEX_POINT('',#14979);
#3643=VERTEX_POINT('',#14980);
#3644=VERTEX_POINT('',#14985);
#3645=VERTEX_POINT('',#14989);
#3646=VERTEX_POINT('',#14995);
#3647=VERTEX_POINT('',#14999);
#3648=VERTEX_POINT('',#15003);
#3649=VERTEX_POINT('',#15007);
#3650=EDGE_CURVE('',#2900,#2901,#2462,.T.);
#3651=EDGE_CURVE('',#2900,#2902,#1176,.T.);
#3652=EDGE_CURVE('',#2902,#2903,#2463,.T.);
#3653=EDGE_CURVE('',#2901,#2903,#1177,.T.);
#3654=EDGE_CURVE('',#2901,#2904,#2464,.T.);
#3655=EDGE_CURVE('',#2903,#2905,#2465,.T.);
#3656=EDGE_CURVE('',#2904,#2905,#1178,.T.);
#3657=EDGE_CURVE('',#2904,#2906,#2466,.T.);
#3658=EDGE_CURVE('',#2905,#2907,#2467,.T.);
#3659=EDGE_CURVE('',#2906,#2907,#1179,.T.);
#3660=EDGE_CURVE('',#2906,#2908,#2468,.T.);
#3661=EDGE_CURVE('',#2907,#2909,#2469,.T.);
#3662=EDGE_CURVE('',#2908,#2909,#1180,.T.);
#3663=EDGE_CURVE('',#2908,#2910,#1181,.T.);
#3664=EDGE_CURVE('',#2909,#2911,#1182,.T.);
#3665=EDGE_CURVE('',#2910,#2911,#1183,.T.);
#3666=EDGE_CURVE('',#2912,#2913,#2470,.T.);
#3667=EDGE_CURVE('',#2912,#2914,#1184,.T.);
#3668=EDGE_CURVE('',#2914,#2915,#2471,.T.);
#3669=EDGE_CURVE('',#2913,#2915,#1185,.T.);
#3670=EDGE_CURVE('',#2913,#2916,#2472,.T.);
#3671=EDGE_CURVE('',#2915,#2917,#2473,.T.);
#3672=EDGE_CURVE('',#2916,#2917,#1186,.T.);
#3673=EDGE_CURVE('',#2916,#2918,#1187,.T.);
#3674=EDGE_CURVE('',#2917,#2919,#1188,.T.);
#3675=EDGE_CURVE('',#2918,#2919,#1189,.T.);
#3676=EDGE_CURVE('',#2918,#2920,#2474,.T.);
#3677=EDGE_CURVE('',#2919,#2921,#2475,.T.);
#3678=EDGE_CURVE('',#2920,#2921,#1190,.T.);
#3679=EDGE_CURVE('',#2920,#2922,#2476,.T.);
#3680=EDGE_CURVE('',#2921,#2923,#2477,.T.);
#3681=EDGE_CURVE('',#2922,#2923,#1191,.T.);
#3682=EDGE_CURVE('',#2922,#2924,#2478,.T.);
#3683=EDGE_CURVE('',#2923,#2925,#2479,.T.);
#3684=EDGE_CURVE('',#2924,#2925,#1192,.T.);
#3685=EDGE_CURVE('',#2924,#2926,#2480,.T.);
#3686=EDGE_CURVE('',#2925,#2927,#2481,.T.);
#3687=EDGE_CURVE('',#2926,#2927,#1193,.T.);
#3688=EDGE_CURVE('',#2926,#2928,#2482,.T.);
#3689=EDGE_CURVE('',#2927,#2929,#2483,.T.);
#3690=EDGE_CURVE('',#2928,#2929,#1194,.T.);
#3691=EDGE_CURVE('',#2928,#2930,#2484,.T.);
#3692=EDGE_CURVE('',#2929,#2931,#2485,.T.);
#3693=EDGE_CURVE('',#2930,#2931,#1195,.T.);
#3694=EDGE_CURVE('',#2930,#2932,#2486,.T.);
#3695=EDGE_CURVE('',#2931,#2933,#2487,.T.);
#3696=EDGE_CURVE('',#2932,#2933,#1196,.T.);
#3697=EDGE_CURVE('',#2932,#2934,#1197,.T.);
#3698=EDGE_CURVE('',#2933,#2935,#1198,.T.);
#3699=EDGE_CURVE('',#2934,#2935,#1199,.T.);
#3700=EDGE_CURVE('',#2934,#2936,#2488,.T.);
#3701=EDGE_CURVE('',#2935,#2937,#2489,.T.);
#3702=EDGE_CURVE('',#2936,#2937,#1200,.T.);
#3703=EDGE_CURVE('',#2936,#2938,#2490,.T.);
#3704=EDGE_CURVE('',#2937,#2939,#2491,.T.);
#3705=EDGE_CURVE('',#2938,#2939,#1201,.T.);
#3706=EDGE_CURVE('',#2940,#2900,#2492,.T.);
#3707=EDGE_CURVE('',#2940,#2941,#1202,.T.);
#3708=EDGE_CURVE('',#2941,#2902,#2493,.T.);
#3709=EDGE_CURVE('',#2942,#2940,#2494,.T.);
#3710=EDGE_CURVE('',#2942,#2943,#1203,.T.);
#3711=EDGE_CURVE('',#2943,#2941,#2495,.T.);
#3712=EDGE_CURVE('',#2944,#2942,#2496,.T.);
#3713=EDGE_CURVE('',#2944,#2945,#1204,.T.);
#3714=EDGE_CURVE('',#2945,#2943,#2497,.T.);
#3715=EDGE_CURVE('',#2946,#2944,#2498,.T.);
#3716=EDGE_CURVE('',#2946,#2947,#1205,.T.);
#3717=EDGE_CURVE('',#2947,#2945,#2499,.T.);
#3718=EDGE_CURVE('',#2910,#2946,#2500,.T.);
#3719=EDGE_CURVE('',#2911,#2947,#2501,.T.);
#3720=EDGE_CURVE('',#2938,#2948,#1206,.T.);
#3721=EDGE_CURVE('',#2939,#2949,#1207,.T.);
#3722=EDGE_CURVE('',#2948,#2949,#1208,.T.);
#3723=EDGE_CURVE('',#2950,#2912,#2502,.T.);
#3724=EDGE_CURVE('',#2950,#2951,#1209,.T.);
#3725=EDGE_CURVE('',#2951,#2914,#2503,.T.);
#3726=EDGE_CURVE('',#2952,#2950,#2504,.T.);
#3727=EDGE_CURVE('',#2952,#2953,#1210,.T.);
#3728=EDGE_CURVE('',#2953,#2951,#2505,.T.);
#3729=EDGE_CURVE('',#2954,#2952,#2506,.T.);
#3730=EDGE_CURVE('',#2954,#2955,#1211,.T.);
#3731=EDGE_CURVE('',#2955,#2953,#2507,.T.);
#3732=EDGE_CURVE('',#2956,#2954,#2508,.T.);
#3733=EDGE_CURVE('',#2956,#2957,#1212,.T.);
#3734=EDGE_CURVE('',#2957,#2955,#2509,.T.);
#3735=EDGE_CURVE('',#2958,#2956,#2510,.T.);
#3736=EDGE_CURVE('',#2958,#2959,#1213,.T.);
#3737=EDGE_CURVE('',#2959,#2957,#2511,.T.);
#3738=EDGE_CURVE('',#2960,#2958,#2512,.T.);
#3739=EDGE_CURVE('',#2960,#2961,#1214,.T.);
#3740=EDGE_CURVE('',#2961,#2959,#2513,.T.);
#3741=EDGE_CURVE('',#2962,#2960,#2514,.T.);
#3742=EDGE_CURVE('',#2962,#2963,#1215,.T.);
#3743=EDGE_CURVE('',#2963,#2961,#2515,.T.);
#3744=EDGE_CURVE('',#2964,#2962,#2516,.T.);
#3745=EDGE_CURVE('',#2964,#2965,#1216,.T.);
#3746=EDGE_CURVE('',#2965,#2963,#2517,.T.);
#3747=EDGE_CURVE('',#2966,#2964,#2518,.T.);
#3748=EDGE_CURVE('',#2966,#2967,#1217,.T.);
#3749=EDGE_CURVE('',#2967,#2965,#2519,.T.);
#3750=EDGE_CURVE('',#2968,#2966,#2520,.T.);
#3751=EDGE_CURVE('',#2968,#2969,#1218,.T.);
#3752=EDGE_CURVE('',#2969,#2967,#2521,.T.);
#3753=EDGE_CURVE('',#2970,#2968,#2522,.T.);
#3754=EDGE_CURVE('',#2970,#2971,#1219,.T.);
#3755=EDGE_CURVE('',#2971,#2969,#2523,.T.);
#3756=EDGE_CURVE('',#2972,#2970,#2524,.T.);
#3757=EDGE_CURVE('',#2972,#2973,#1220,.T.);
#3758=EDGE_CURVE('',#2973,#2971,#2525,.T.);
#3759=EDGE_CURVE('',#2948,#2972,#2526,.T.);
#3760=EDGE_CURVE('',#2949,#2973,#2527,.T.);
#3761=EDGE_CURVE('',#2974,#2975,#2528,.T.);
#3762=EDGE_CURVE('',#2974,#2976,#1221,.T.);
#3763=EDGE_CURVE('',#2976,#2977,#2529,.T.);
#3764=EDGE_CURVE('',#2975,#2977,#1222,.T.);
#3765=EDGE_CURVE('',#2975,#2978,#2530,.T.);
#3766=EDGE_CURVE('',#2977,#2979,#2531,.T.);
#3767=EDGE_CURVE('',#2978,#2979,#1223,.T.);
#3768=EDGE_CURVE('',#2978,#2980,#2532,.T.);
#3769=EDGE_CURVE('',#2979,#2981,#2533,.T.);
#3770=EDGE_CURVE('',#2980,#2981,#1224,.T.);
#3771=EDGE_CURVE('',#2980,#2982,#2534,.T.);
#3772=EDGE_CURVE('',#2981,#2983,#2535,.T.);
#3773=EDGE_CURVE('',#2982,#2983,#1225,.T.);
#3774=EDGE_CURVE('',#2984,#2985,#2536,.T.);
#3775=EDGE_CURVE('',#2984,#2986,#1226,.T.);
#3776=EDGE_CURVE('',#2986,#2987,#2537,.T.);
#3777=EDGE_CURVE('',#2985,#2987,#1227,.T.);
#3778=EDGE_CURVE('',#2985,#2988,#2538,.T.);
#3779=EDGE_CURVE('',#2987,#2989,#2539,.T.);
#3780=EDGE_CURVE('',#2988,#2989,#1228,.T.);
#3781=EDGE_CURVE('',#2988,#2990,#2540,.T.);
#3782=EDGE_CURVE('',#2989,#2991,#2541,.T.);
#3783=EDGE_CURVE('',#2990,#2991,#1229,.T.);
#3784=EDGE_CURVE('',#2990,#2992,#2542,.T.);
#3785=EDGE_CURVE('',#2991,#2993,#2543,.T.);
#3786=EDGE_CURVE('',#2992,#2993,#1230,.T.);
#3787=EDGE_CURVE('',#2994,#2974,#2544,.T.);
#3788=EDGE_CURVE('',#2994,#2995,#1231,.T.);
#3789=EDGE_CURVE('',#2995,#2976,#2545,.T.);
#3790=EDGE_CURVE('',#2996,#2994,#2546,.T.);
#3791=EDGE_CURVE('',#2996,#2997,#1232,.T.);
#3792=EDGE_CURVE('',#2997,#2995,#2547,.T.);
#3793=EDGE_CURVE('',#2998,#2996,#2548,.T.);
#3794=EDGE_CURVE('',#2998,#2999,#1233,.T.);
#3795=EDGE_CURVE('',#2999,#2997,#2549,.T.);
#3796=EDGE_CURVE('',#2982,#2998,#2550,.T.);
#3797=EDGE_CURVE('',#2983,#2999,#2551,.T.);
#3798=EDGE_CURVE('',#2992,#3000,#2552,.T.);
#3799=EDGE_CURVE('',#2993,#3001,#2553,.T.);
#3800=EDGE_CURVE('',#3000,#3001,#1234,.T.);
#3801=EDGE_CURVE('',#3002,#2984,#2554,.T.);
#3802=EDGE_CURVE('',#3002,#3003,#1235,.T.);
#3803=EDGE_CURVE('',#3003,#2986,#2555,.T.);
#3804=EDGE_CURVE('',#3004,#3002,#2556,.T.);
#3805=EDGE_CURVE('',#3004,#3005,#1236,.T.);
#3806=EDGE_CURVE('',#3005,#3003,#2557,.T.);
#3807=EDGE_CURVE('',#3006,#3004,#2558,.T.);
#3808=EDGE_CURVE('',#3006,#3007,#1237,.T.);
#3809=EDGE_CURVE('',#3007,#3005,#2559,.T.);
#3810=EDGE_CURVE('',#3000,#3006,#2560,.T.);
#3811=EDGE_CURVE('',#3001,#3007,#2561,.T.);
#3812=EDGE_CURVE('',#3008,#3009,#2562,.T.);
#3813=EDGE_CURVE('',#3008,#3010,#1238,.T.);
#3814=EDGE_CURVE('',#3010,#3011,#2563,.T.);
#3815=EDGE_CURVE('',#3009,#3011,#1239,.T.);
#3816=EDGE_CURVE('',#3009,#3012,#2564,.T.);
#3817=EDGE_CURVE('',#3011,#3013,#2565,.T.);
#3818=EDGE_CURVE('',#3012,#3013,#1240,.T.);
#3819=EDGE_CURVE('',#3012,#3014,#1241,.T.);
#3820=EDGE_CURVE('',#3013,#3015,#1242,.T.);
#3821=EDGE_CURVE('',#3014,#3015,#1243,.T.);
#3822=EDGE_CURVE('',#3014,#3016,#2566,.T.);
#3823=EDGE_CURVE('',#3015,#3017,#2567,.T.);
#3824=EDGE_CURVE('',#3016,#3017,#1244,.T.);
#3825=EDGE_CURVE('',#3016,#3018,#2568,.T.);
#3826=EDGE_CURVE('',#3017,#3019,#2569,.T.);
#3827=EDGE_CURVE('',#3018,#3019,#1245,.T.);
#3828=EDGE_CURVE('',#3018,#3020,#2570,.T.);
#3829=EDGE_CURVE('',#3019,#3021,#2571,.T.);
#3830=EDGE_CURVE('',#3020,#3021,#1246,.T.);
#3831=EDGE_CURVE('',#3020,#3022,#2572,.T.);
#3832=EDGE_CURVE('',#3021,#3023,#2573,.T.);
#3833=EDGE_CURVE('',#3022,#3023,#1247,.T.);
#3834=EDGE_CURVE('',#3022,#3024,#2574,.T.);
#3835=EDGE_CURVE('',#3023,#3025,#2575,.T.);
#3836=EDGE_CURVE('',#3024,#3025,#1248,.T.);
#3837=EDGE_CURVE('',#3024,#3026,#2576,.T.);
#3838=EDGE_CURVE('',#3025,#3027,#2577,.T.);
#3839=EDGE_CURVE('',#3026,#3027,#1249,.T.);
#3840=EDGE_CURVE('',#3026,#3028,#2578,.T.);
#3841=EDGE_CURVE('',#3027,#3029,#2579,.T.);
#3842=EDGE_CURVE('',#3028,#3029,#1250,.T.);
#3843=EDGE_CURVE('',#3030,#3008,#2580,.T.);
#3844=EDGE_CURVE('',#3030,#3031,#1251,.T.);
#3845=EDGE_CURVE('',#3031,#3010,#2581,.T.);
#3846=EDGE_CURVE('',#3032,#3030,#2582,.T.);
#3847=EDGE_CURVE('',#3032,#3033,#1252,.T.);
#3848=EDGE_CURVE('',#3033,#3031,#2583,.T.);
#3849=EDGE_CURVE('',#3034,#3032,#2584,.T.);
#3850=EDGE_CURVE('',#3034,#3035,#1253,.T.);
#3851=EDGE_CURVE('',#3035,#3033,#2585,.T.);
#3852=EDGE_CURVE('',#3036,#3034,#2586,.T.);
#3853=EDGE_CURVE('',#3036,#3037,#1254,.T.);
#3854=EDGE_CURVE('',#3037,#3035,#2587,.T.);
#3855=EDGE_CURVE('',#3038,#3036,#2588,.T.);
#3856=EDGE_CURVE('',#3038,#3039,#1255,.T.);
#3857=EDGE_CURVE('',#3039,#3037,#2589,.T.);
#3858=EDGE_CURVE('',#3040,#3038,#2590,.T.);
#3859=EDGE_CURVE('',#3040,#3041,#1256,.T.);
#3860=EDGE_CURVE('',#3041,#3039,#2591,.T.);
#3861=EDGE_CURVE('',#3042,#3040,#2592,.T.);
#3862=EDGE_CURVE('',#3042,#3043,#1257,.T.);
#3863=EDGE_CURVE('',#3043,#3041,#2593,.T.);
#3864=EDGE_CURVE('',#3044,#3042,#1258,.T.);
#3865=EDGE_CURVE('',#3044,#3045,#1259,.T.);
#3866=EDGE_CURVE('',#3045,#3043,#1260,.T.);
#3867=EDGE_CURVE('',#3028,#3044,#2594,.T.);
#3868=EDGE_CURVE('',#3029,#3045,#2595,.T.);
#3869=EDGE_CURVE('',#3046,#3047,#1261,.T.);
#3870=EDGE_CURVE('',#3046,#3048,#1262,.T.);
#3871=EDGE_CURVE('',#3048,#3049,#1263,.T.);
#3872=EDGE_CURVE('',#3047,#3049,#1264,.T.);
#3873=EDGE_CURVE('',#3047,#3050,#1265,.T.);
#3874=EDGE_CURVE('',#3049,#3051,#1266,.T.);
#3875=EDGE_CURVE('',#3050,#3051,#1267,.T.);
#3876=EDGE_CURVE('',#3052,#3046,#1268,.T.);
#3877=EDGE_CURVE('',#3052,#3053,#1269,.T.);
#3878=EDGE_CURVE('',#3053,#3048,#1270,.T.);
#3879=EDGE_CURVE('',#3050,#3052,#1271,.T.);
#3880=EDGE_CURVE('',#3051,#3053,#1272,.T.);
#3881=EDGE_CURVE('',#3054,#3055,#1273,.T.);
#3882=EDGE_CURVE('',#3054,#3056,#1274,.T.);
#3883=EDGE_CURVE('',#3056,#3057,#1275,.T.);
#3884=EDGE_CURVE('',#3055,#3057,#1276,.T.);
#3885=EDGE_CURVE('',#3055,#3058,#1277,.T.);
#3886=EDGE_CURVE('',#3057,#3059,#1278,.T.);
#3887=EDGE_CURVE('',#3058,#3059,#1279,.T.);
#3888=EDGE_CURVE('',#3058,#3060,#1280,.T.);
#3889=EDGE_CURVE('',#3059,#3061,#1281,.T.);
#3890=EDGE_CURVE('',#3060,#3061,#1282,.T.);
#3891=EDGE_CURVE('',#3062,#3054,#1283,.T.);
#3892=EDGE_CURVE('',#3062,#3063,#1284,.T.);
#3893=EDGE_CURVE('',#3063,#3056,#1285,.T.);
#3894=EDGE_CURVE('',#3064,#3062,#1286,.T.);
#3895=EDGE_CURVE('',#3064,#3065,#1287,.T.);
#3896=EDGE_CURVE('',#3065,#3063,#1288,.T.);
#3897=EDGE_CURVE('',#3060,#3064,#1289,.T.);
#3898=EDGE_CURVE('',#3061,#3065,#1290,.T.);
#3899=EDGE_CURVE('',#3066,#3067,#2596,.T.);
#3900=EDGE_CURVE('',#3066,#3068,#1291,.T.);
#3901=EDGE_CURVE('',#3068,#3069,#2597,.T.);
#3902=EDGE_CURVE('',#3067,#3069,#1292,.T.);
#3903=EDGE_CURVE('',#3067,#3070,#2598,.T.);
#3904=EDGE_CURVE('',#3069,#3071,#2599,.T.);
#3905=EDGE_CURVE('',#3070,#3071,#1293,.T.);
#3906=EDGE_CURVE('',#3070,#3072,#2600,.T.);
#3907=EDGE_CURVE('',#3071,#3073,#2601,.T.);
#3908=EDGE_CURVE('',#3072,#3073,#1294,.T.);
#3909=EDGE_CURVE('',#3072,#3074,#2602,.T.);
#3910=EDGE_CURVE('',#3073,#3075,#2603,.T.);
#3911=EDGE_CURVE('',#3074,#3075,#1295,.T.);
#3912=EDGE_CURVE('',#3074,#3076,#2604,.T.);
#3913=EDGE_CURVE('',#3075,#3077,#2605,.T.);
#3914=EDGE_CURVE('',#3076,#3077,#1296,.T.);
#3915=EDGE_CURVE('',#3076,#3078,#2606,.T.);
#3916=EDGE_CURVE('',#3077,#3079,#2607,.T.);
#3917=EDGE_CURVE('',#3078,#3079,#1297,.T.);
#3918=EDGE_CURVE('',#3078,#3080,#1298,.T.);
#3919=EDGE_CURVE('',#3079,#3081,#1299,.T.);
#3920=EDGE_CURVE('',#3080,#3081,#1300,.T.);
#3921=EDGE_CURVE('',#3080,#3082,#1301,.T.);
#3922=EDGE_CURVE('',#3081,#3083,#1302,.T.);
#3923=EDGE_CURVE('',#3082,#3083,#1303,.T.);
#3924=EDGE_CURVE('',#3082,#3084,#1304,.T.);
#3925=EDGE_CURVE('',#3083,#3085,#1305,.T.);
#3926=EDGE_CURVE('',#3084,#3085,#1306,.T.);
#3927=EDGE_CURVE('',#3084,#3086,#1307,.T.);
#3928=EDGE_CURVE('',#3085,#3087,#1308,.T.);
#3929=EDGE_CURVE('',#3086,#3087,#1309,.T.);
#3930=EDGE_CURVE('',#3088,#3066,#1310,.T.);
#3931=EDGE_CURVE('',#3088,#3089,#1311,.T.);
#3932=EDGE_CURVE('',#3089,#3068,#1312,.T.);
#3933=EDGE_CURVE('',#3090,#3088,#1313,.T.);
#3934=EDGE_CURVE('',#3090,#3091,#1314,.T.);
#3935=EDGE_CURVE('',#3091,#3089,#1315,.T.);
#3936=EDGE_CURVE('',#3092,#3090,#1316,.T.);
#3937=EDGE_CURVE('',#3092,#3093,#1317,.T.);
#3938=EDGE_CURVE('',#3093,#3091,#1318,.T.);
#3939=EDGE_CURVE('',#3094,#3092,#2608,.T.);
#3940=EDGE_CURVE('',#3094,#3095,#1319,.T.);
#3941=EDGE_CURVE('',#3095,#3093,#2609,.T.);
#3942=EDGE_CURVE('',#3096,#3094,#2610,.T.);
#3943=EDGE_CURVE('',#3096,#3097,#1320,.T.);
#3944=EDGE_CURVE('',#3097,#3095,#2611,.T.);
#3945=EDGE_CURVE('',#3098,#3096,#2612,.T.);
#3946=EDGE_CURVE('',#3098,#3099,#1321,.T.);
#3947=EDGE_CURVE('',#3099,#3097,#2613,.T.);
#3948=EDGE_CURVE('',#3100,#3098,#2614,.T.);
#3949=EDGE_CURVE('',#3100,#3101,#1322,.T.);
#3950=EDGE_CURVE('',#3101,#3099,#2615,.T.);
#3951=EDGE_CURVE('',#3102,#3100,#2616,.T.);
#3952=EDGE_CURVE('',#3102,#3103,#1323,.T.);
#3953=EDGE_CURVE('',#3103,#3101,#2617,.T.);
#3954=EDGE_CURVE('',#3086,#3102,#1324,.T.);
#3955=EDGE_CURVE('',#3087,#3103,#1325,.T.);
#3956=EDGE_CURVE('',#3104,#3105,#2618,.T.);
#3957=EDGE_CURVE('',#3104,#3106,#1326,.T.);
#3958=EDGE_CURVE('',#3106,#3107,#2619,.T.);
#3959=EDGE_CURVE('',#3105,#3107,#1327,.T.);
#3960=EDGE_CURVE('',#3105,#3108,#1328,.T.);
#3961=EDGE_CURVE('',#3107,#3109,#1329,.T.);
#3962=EDGE_CURVE('',#3108,#3109,#1330,.T.);
#3963=EDGE_CURVE('',#3108,#3110,#2620,.T.);
#3964=EDGE_CURVE('',#3109,#3111,#2621,.T.);
#3965=EDGE_CURVE('',#3110,#3111,#1331,.T.);
#3966=EDGE_CURVE('',#3110,#3112,#2622,.T.);
#3967=EDGE_CURVE('',#3111,#3113,#2623,.T.);
#3968=EDGE_CURVE('',#3112,#3113,#1332,.T.);
#3969=EDGE_CURVE('',#3112,#3114,#2624,.T.);
#3970=EDGE_CURVE('',#3113,#3115,#2625,.T.);
#3971=EDGE_CURVE('',#3114,#3115,#1333,.T.);
#3972=EDGE_CURVE('',#3114,#3116,#2626,.T.);
#3973=EDGE_CURVE('',#3115,#3117,#2627,.T.);
#3974=EDGE_CURVE('',#3116,#3117,#1334,.T.);
#3975=EDGE_CURVE('',#3116,#3118,#2628,.T.);
#3976=EDGE_CURVE('',#3117,#3119,#2629,.T.);
#3977=EDGE_CURVE('',#3118,#3119,#1335,.T.);
#3978=EDGE_CURVE('',#3118,#3120,#2630,.T.);
#3979=EDGE_CURVE('',#3119,#3121,#2631,.T.);
#3980=EDGE_CURVE('',#3120,#3121,#1336,.T.);
#3981=EDGE_CURVE('',#3120,#3122,#2632,.T.);
#3982=EDGE_CURVE('',#3121,#3123,#2633,.T.);
#3983=EDGE_CURVE('',#3122,#3123,#1337,.T.);
#3984=EDGE_CURVE('',#3122,#3124,#2634,.T.);
#3985=EDGE_CURVE('',#3123,#3125,#2635,.T.);
#3986=EDGE_CURVE('',#3124,#3125,#1338,.T.);
#3987=EDGE_CURVE('',#3124,#3126,#2636,.T.);
#3988=EDGE_CURVE('',#3125,#3127,#2637,.T.);
#3989=EDGE_CURVE('',#3126,#3127,#1339,.T.);
#3990=EDGE_CURVE('',#3126,#3128,#2638,.T.);
#3991=EDGE_CURVE('',#3127,#3129,#2639,.T.);
#3992=EDGE_CURVE('',#3128,#3129,#1340,.T.);
#3993=EDGE_CURVE('',#3128,#3130,#2640,.T.);
#3994=EDGE_CURVE('',#3129,#3131,#2641,.T.);
#3995=EDGE_CURVE('',#3130,#3131,#1341,.T.);
#3996=EDGE_CURVE('',#3130,#3132,#2642,.T.);
#3997=EDGE_CURVE('',#3131,#3133,#2643,.T.);
#3998=EDGE_CURVE('',#3132,#3133,#1342,.T.);
#3999=EDGE_CURVE('',#3132,#3134,#2644,.T.);
#4000=EDGE_CURVE('',#3133,#3135,#2645,.T.);
#4001=EDGE_CURVE('',#3134,#3135,#1343,.T.);
#4002=EDGE_CURVE('',#3134,#3136,#2646,.T.);
#4003=EDGE_CURVE('',#3135,#3137,#2647,.T.);
#4004=EDGE_CURVE('',#3136,#3137,#1344,.T.);
#4005=EDGE_CURVE('',#3136,#3138,#2648,.T.);
#4006=EDGE_CURVE('',#3137,#3139,#2649,.T.);
#4007=EDGE_CURVE('',#3138,#3139,#1345,.T.);
#4008=EDGE_CURVE('',#3140,#3104,#2650,.T.);
#4009=EDGE_CURVE('',#3140,#3141,#1346,.T.);
#4010=EDGE_CURVE('',#3141,#3106,#2651,.T.);
#4011=EDGE_CURVE('',#3142,#3140,#2652,.T.);
#4012=EDGE_CURVE('',#3142,#3143,#1347,.T.);
#4013=EDGE_CURVE('',#3143,#3141,#2653,.T.);
#4014=EDGE_CURVE('',#3144,#3142,#2654,.T.);
#4015=EDGE_CURVE('',#3144,#3145,#1348,.T.);
#4016=EDGE_CURVE('',#3145,#3143,#2655,.T.);
#4017=EDGE_CURVE('',#3146,#3144,#2656,.T.);
#4018=EDGE_CURVE('',#3146,#3147,#1349,.T.);
#4019=EDGE_CURVE('',#3147,#3145,#2657,.T.);
#4020=EDGE_CURVE('',#3148,#3146,#2658,.T.);
#4021=EDGE_CURVE('',#3148,#3149,#1350,.T.);
#4022=EDGE_CURVE('',#3149,#3147,#2659,.T.);
#4023=EDGE_CURVE('',#3150,#3148,#2660,.T.);
#4024=EDGE_CURVE('',#3150,#3151,#1351,.T.);
#4025=EDGE_CURVE('',#3151,#3149,#2661,.T.);
#4026=EDGE_CURVE('',#3152,#3150,#2662,.T.);
#4027=EDGE_CURVE('',#3152,#3153,#1352,.T.);
#4028=EDGE_CURVE('',#3153,#3151,#2663,.T.);
#4029=EDGE_CURVE('',#3154,#3152,#2664,.T.);
#4030=EDGE_CURVE('',#3154,#3155,#1353,.T.);
#4031=EDGE_CURVE('',#3155,#3153,#2665,.T.);
#4032=EDGE_CURVE('',#3156,#3154,#2666,.T.);
#4033=EDGE_CURVE('',#3156,#3157,#1354,.T.);
#4034=EDGE_CURVE('',#3157,#3155,#2667,.T.);
#4035=EDGE_CURVE('',#3158,#3156,#2668,.T.);
#4036=EDGE_CURVE('',#3158,#3159,#1355,.T.);
#4037=EDGE_CURVE('',#3159,#3157,#2669,.T.);
#4038=EDGE_CURVE('',#3160,#3158,#2670,.T.);
#4039=EDGE_CURVE('',#3160,#3161,#1356,.T.);
#4040=EDGE_CURVE('',#3161,#3159,#2671,.T.);
#4041=EDGE_CURVE('',#3162,#3160,#2672,.T.);
#4042=EDGE_CURVE('',#3162,#3163,#1357,.T.);
#4043=EDGE_CURVE('',#3163,#3161,#2673,.T.);
#4044=EDGE_CURVE('',#3164,#3162,#2674,.T.);
#4045=EDGE_CURVE('',#3164,#3165,#1358,.T.);
#4046=EDGE_CURVE('',#3165,#3163,#2675,.T.);
#4047=EDGE_CURVE('',#3166,#3164,#2676,.T.);
#4048=EDGE_CURVE('',#3166,#3167,#1359,.T.);
#4049=EDGE_CURVE('',#3167,#3165,#2677,.T.);
#4050=EDGE_CURVE('',#3168,#3166,#2678,.T.);
#4051=EDGE_CURVE('',#3168,#3169,#1360,.T.);
#4052=EDGE_CURVE('',#3169,#3167,#2679,.T.);
#4053=EDGE_CURVE('',#3138,#3168,#1361,.T.);
#4054=EDGE_CURVE('',#3139,#3169,#1362,.T.);
#4055=EDGE_CURVE('',#3170,#3171,#1363,.T.);
#4056=EDGE_CURVE('',#3170,#3172,#1364,.T.);
#4057=EDGE_CURVE('',#3172,#3173,#1365,.T.);
#4058=EDGE_CURVE('',#3171,#3173,#1366,.T.);
#4059=EDGE_CURVE('',#3171,#3174,#1367,.T.);
#4060=EDGE_CURVE('',#3173,#3175,#1368,.T.);
#4061=EDGE_CURVE('',#3174,#3175,#1369,.T.);
#4062=EDGE_CURVE('',#3174,#3176,#1370,.T.);
#4063=EDGE_CURVE('',#3175,#3177,#1371,.T.);
#4064=EDGE_CURVE('',#3176,#3177,#1372,.T.);
#4065=EDGE_CURVE('',#3176,#3178,#1373,.T.);
#4066=EDGE_CURVE('',#3177,#3179,#1374,.T.);
#4067=EDGE_CURVE('',#3178,#3179,#1375,.T.);
#4068=EDGE_CURVE('',#3178,#3180,#1376,.T.);
#4069=EDGE_CURVE('',#3179,#3181,#1377,.T.);
#4070=EDGE_CURVE('',#3180,#3181,#1378,.T.);
#4071=EDGE_CURVE('',#3180,#3182,#1379,.T.);
#4072=EDGE_CURVE('',#3181,#3183,#1380,.T.);
#4073=EDGE_CURVE('',#3182,#3183,#1381,.T.);
#4074=EDGE_CURVE('',#3184,#3170,#1382,.T.);
#4075=EDGE_CURVE('',#3184,#3185,#1383,.T.);
#4076=EDGE_CURVE('',#3185,#3172,#1384,.T.);
#4077=EDGE_CURVE('',#3186,#3184,#1385,.T.);
#4078=EDGE_CURVE('',#3186,#3187,#1386,.T.);
#4079=EDGE_CURVE('',#3187,#3185,#1387,.T.);
#4080=EDGE_CURVE('',#3188,#3186,#1388,.T.);
#4081=EDGE_CURVE('',#3188,#3189,#1389,.T.);
#4082=EDGE_CURVE('',#3189,#3187,#1390,.T.);
#4083=EDGE_CURVE('',#3190,#3188,#1391,.T.);
#4084=EDGE_CURVE('',#3190,#3191,#1392,.T.);
#4085=EDGE_CURVE('',#3191,#3189,#1393,.T.);
#4086=EDGE_CURVE('',#3192,#3190,#1394,.T.);
#4087=EDGE_CURVE('',#3192,#3193,#1395,.T.);
#4088=EDGE_CURVE('',#3193,#3191,#1396,.T.);
#4089=EDGE_CURVE('',#3182,#3192,#1397,.T.);
#4090=EDGE_CURVE('',#3183,#3193,#1398,.T.);
#4091=EDGE_CURVE('',#3194,#3195,#1399,.T.);
#4092=EDGE_CURVE('',#3194,#3196,#1400,.T.);
#4093=EDGE_CURVE('',#3196,#3197,#1401,.T.);
#4094=EDGE_CURVE('',#3195,#3197,#1402,.T.);
#4095=EDGE_CURVE('',#3195,#3198,#2680,.T.);
#4096=EDGE_CURVE('',#3197,#3199,#2681,.T.);
#4097=EDGE_CURVE('',#3198,#3199,#1403,.T.);
#4098=EDGE_CURVE('',#3198,#3200,#2682,.T.);
#4099=EDGE_CURVE('',#3199,#3201,#2683,.T.);
#4100=EDGE_CURVE('',#3200,#3201,#1404,.T.);
#4101=EDGE_CURVE('',#3200,#3202,#2684,.T.);
#4102=EDGE_CURVE('',#3201,#3203,#2685,.T.);
#4103=EDGE_CURVE('',#3202,#3203,#1405,.T.);
#4104=EDGE_CURVE('',#3202,#3204,#2686,.T.);
#4105=EDGE_CURVE('',#3203,#3205,#2687,.T.);
#4106=EDGE_CURVE('',#3204,#3205,#1406,.T.);
#4107=EDGE_CURVE('',#3204,#3206,#2688,.T.);
#4108=EDGE_CURVE('',#3205,#3207,#2689,.T.);
#4109=EDGE_CURVE('',#3206,#3207,#1407,.T.);
#4110=EDGE_CURVE('',#3206,#3208,#2690,.T.);
#4111=EDGE_CURVE('',#3207,#3209,#2691,.T.);
#4112=EDGE_CURVE('',#3208,#3209,#1408,.T.);
#4113=EDGE_CURVE('',#3208,#3210,#1409,.T.);
#4114=EDGE_CURVE('',#3209,#3211,#1410,.T.);
#4115=EDGE_CURVE('',#3210,#3211,#1411,.T.);
#4116=EDGE_CURVE('',#3210,#3212,#1412,.T.);
#4117=EDGE_CURVE('',#3211,#3213,#1413,.T.);
#4118=EDGE_CURVE('',#3212,#3213,#1414,.T.);
#4119=EDGE_CURVE('',#3212,#3214,#1415,.T.);
#4120=EDGE_CURVE('',#3213,#3215,#1416,.T.);
#4121=EDGE_CURVE('',#3214,#3215,#1417,.T.);
#4122=EDGE_CURVE('',#3216,#3194,#1418,.T.);
#4123=EDGE_CURVE('',#3216,#3217,#1419,.T.);
#4124=EDGE_CURVE('',#3217,#3196,#1420,.T.);
#4125=EDGE_CURVE('',#3218,#3216,#1421,.T.);
#4126=EDGE_CURVE('',#3218,#3219,#1422,.T.);
#4127=EDGE_CURVE('',#3219,#3217,#1423,.T.);
#4128=EDGE_CURVE('',#3220,#3218,#2692,.T.);
#4129=EDGE_CURVE('',#3220,#3221,#1424,.T.);
#4130=EDGE_CURVE('',#3221,#3219,#2693,.T.);
#4131=EDGE_CURVE('',#3222,#3220,#2694,.T.);
#4132=EDGE_CURVE('',#3222,#3223,#1425,.T.);
#4133=EDGE_CURVE('',#3223,#3221,#2695,.T.);
#4134=EDGE_CURVE('',#3224,#3222,#2696,.T.);
#4135=EDGE_CURVE('',#3224,#3225,#1426,.T.);
#4136=EDGE_CURVE('',#3225,#3223,#2697,.T.);
#4137=EDGE_CURVE('',#3226,#3224,#2698,.T.);
#4138=EDGE_CURVE('',#3226,#3227,#1427,.T.);
#4139=EDGE_CURVE('',#3227,#3225,#2699,.T.);
#4140=EDGE_CURVE('',#3228,#3226,#2700,.T.);
#4141=EDGE_CURVE('',#3228,#3229,#1428,.T.);
#4142=EDGE_CURVE('',#3229,#3227,#2701,.T.);
#4143=EDGE_CURVE('',#3230,#3228,#1429,.T.);
#4144=EDGE_CURVE('',#3230,#3231,#1430,.T.);
#4145=EDGE_CURVE('',#3231,#3229,#1431,.T.);
#4146=EDGE_CURVE('',#3214,#3230,#1432,.T.);
#4147=EDGE_CURVE('',#3215,#3231,#1433,.T.);
#4148=EDGE_CURVE('',#3232,#3233,#1434,.T.);
#4149=EDGE_CURVE('',#3232,#3234,#1435,.T.);
#4150=EDGE_CURVE('',#3234,#3235,#1436,.T.);
#4151=EDGE_CURVE('',#3233,#3235,#1437,.T.);
#4152=EDGE_CURVE('',#3233,#3236,#1438,.T.);
#4153=EDGE_CURVE('',#3235,#3237,#1439,.T.);
#4154=EDGE_CURVE('',#3236,#3237,#1440,.T.);
#4155=EDGE_CURVE('',#3236,#3238,#1441,.T.);
#4156=EDGE_CURVE('',#3237,#3239,#1442,.T.);
#4157=EDGE_CURVE('',#3238,#3239,#1443,.T.);
#4158=EDGE_CURVE('',#3238,#3240,#2702,.T.);
#4159=EDGE_CURVE('',#3239,#3241,#2703,.T.);
#4160=EDGE_CURVE('',#3240,#3241,#1444,.T.);
#4161=EDGE_CURVE('',#3240,#3242,#2704,.T.);
#4162=EDGE_CURVE('',#3241,#3243,#2705,.T.);
#4163=EDGE_CURVE('',#3242,#3243,#1445,.T.);
#4164=EDGE_CURVE('',#3242,#3244,#2706,.T.);
#4165=EDGE_CURVE('',#3243,#3245,#2707,.T.);
#4166=EDGE_CURVE('',#3244,#3245,#1446,.T.);
#4167=EDGE_CURVE('',#3244,#3246,#2708,.T.);
#4168=EDGE_CURVE('',#3245,#3247,#2709,.T.);
#4169=EDGE_CURVE('',#3246,#3247,#1447,.T.);
#4170=EDGE_CURVE('',#3246,#3248,#2710,.T.);
#4171=EDGE_CURVE('',#3247,#3249,#2711,.T.);
#4172=EDGE_CURVE('',#3248,#3249,#1448,.T.);
#4173=EDGE_CURVE('',#3248,#3250,#1449,.T.);
#4174=EDGE_CURVE('',#3249,#3251,#1450,.T.);
#4175=EDGE_CURVE('',#3250,#3251,#1451,.T.);
#4176=EDGE_CURVE('',#3252,#3232,#2712,.T.);
#4177=EDGE_CURVE('',#3252,#3253,#1452,.T.);
#4178=EDGE_CURVE('',#3253,#3234,#2713,.T.);
#4179=EDGE_CURVE('',#3254,#3252,#2714,.T.);
#4180=EDGE_CURVE('',#3254,#3255,#1453,.T.);
#4181=EDGE_CURVE('',#3255,#3253,#2715,.T.);
#4182=EDGE_CURVE('',#3256,#3254,#2716,.T.);
#4183=EDGE_CURVE('',#3256,#3257,#1454,.T.);
#4184=EDGE_CURVE('',#3257,#3255,#2717,.T.);
#4185=EDGE_CURVE('',#3258,#3256,#2718,.T.);
#4186=EDGE_CURVE('',#3258,#3259,#1455,.T.);
#4187=EDGE_CURVE('',#3259,#3257,#2719,.T.);
#4188=EDGE_CURVE('',#3260,#3258,#1456,.T.);
#4189=EDGE_CURVE('',#3260,#3261,#1457,.T.);
#4190=EDGE_CURVE('',#3261,#3259,#1458,.T.);
#4191=EDGE_CURVE('',#3262,#3260,#1459,.T.);
#4192=EDGE_CURVE('',#3262,#3263,#1460,.T.);
#4193=EDGE_CURVE('',#3263,#3261,#1461,.T.);
#4194=EDGE_CURVE('',#3264,#3262,#1462,.T.);
#4195=EDGE_CURVE('',#3264,#3265,#1463,.T.);
#4196=EDGE_CURVE('',#3265,#3263,#1464,.T.);
#4197=EDGE_CURVE('',#3250,#3264,#1465,.T.);
#4198=EDGE_CURVE('',#3251,#3265,#1466,.T.);
#4199=EDGE_CURVE('',#3266,#3267,#2720,.T.);
#4200=EDGE_CURVE('',#3266,#3268,#1467,.T.);
#4201=EDGE_CURVE('',#3268,#3269,#2721,.T.);
#4202=EDGE_CURVE('',#3267,#3269,#1468,.T.);
#4203=EDGE_CURVE('',#3267,#3270,#1469,.T.);
#4204=EDGE_CURVE('',#3269,#3271,#1470,.T.);
#4205=EDGE_CURVE('',#3270,#3271,#1471,.T.);
#4206=EDGE_CURVE('',#3270,#3272,#2722,.T.);
#4207=EDGE_CURVE('',#3271,#3273,#2723,.T.);
#4208=EDGE_CURVE('',#3272,#3273,#1472,.T.);
#4209=EDGE_CURVE('',#3272,#3274,#2724,.T.);
#4210=EDGE_CURVE('',#3273,#3275,#2725,.T.);
#4211=EDGE_CURVE('',#3274,#3275,#1473,.T.);
#4212=EDGE_CURVE('',#3274,#3276,#2726,.T.);
#4213=EDGE_CURVE('',#3275,#3277,#2727,.T.);
#4214=EDGE_CURVE('',#3276,#3277,#1474,.T.);
#4215=EDGE_CURVE('',#3276,#3278,#2728,.T.);
#4216=EDGE_CURVE('',#3277,#3279,#2729,.T.);
#4217=EDGE_CURVE('',#3278,#3279,#1475,.T.);
#4218=EDGE_CURVE('',#3278,#3280,#2730,.T.);
#4219=EDGE_CURVE('',#3279,#3281,#2731,.T.);
#4220=EDGE_CURVE('',#3280,#3281,#1476,.T.);
#4221=EDGE_CURVE('',#3280,#3282,#2732,.T.);
#4222=EDGE_CURVE('',#3281,#3283,#2733,.T.);
#4223=EDGE_CURVE('',#3282,#3283,#1477,.T.);
#4224=EDGE_CURVE('',#3282,#3284,#2734,.T.);
#4225=EDGE_CURVE('',#3283,#3285,#2735,.T.);
#4226=EDGE_CURVE('',#3284,#3285,#1478,.T.);
#4227=EDGE_CURVE('',#3284,#3286,#2736,.T.);
#4228=EDGE_CURVE('',#3285,#3287,#2737,.T.);
#4229=EDGE_CURVE('',#3286,#3287,#1479,.T.);
#4230=EDGE_CURVE('',#3286,#3288,#2738,.T.);
#4231=EDGE_CURVE('',#3287,#3289,#2739,.T.);
#4232=EDGE_CURVE('',#3288,#3289,#1480,.T.);
#4233=EDGE_CURVE('',#3288,#3290,#2740,.T.);
#4234=EDGE_CURVE('',#3289,#3291,#2741,.T.);
#4235=EDGE_CURVE('',#3290,#3291,#1481,.T.);
#4236=EDGE_CURVE('',#3290,#3292,#2742,.T.);
#4237=EDGE_CURVE('',#3291,#3293,#2743,.T.);
#4238=EDGE_CURVE('',#3292,#3293,#1482,.T.);
#4239=EDGE_CURVE('',#3292,#3294,#2744,.T.);
#4240=EDGE_CURVE('',#3293,#3295,#2745,.T.);
#4241=EDGE_CURVE('',#3294,#3295,#1483,.T.);
#4242=EDGE_CURVE('',#3294,#3296,#2746,.T.);
#4243=EDGE_CURVE('',#3295,#3297,#2747,.T.);
#4244=EDGE_CURVE('',#3296,#3297,#1484,.T.);
#4245=EDGE_CURVE('',#3296,#3298,#2748,.T.);
#4246=EDGE_CURVE('',#3297,#3299,#2749,.T.);
#4247=EDGE_CURVE('',#3298,#3299,#1485,.T.);
#4248=EDGE_CURVE('',#3298,#3300,#2750,.T.);
#4249=EDGE_CURVE('',#3299,#3301,#2751,.T.);
#4250=EDGE_CURVE('',#3300,#3301,#1486,.T.);
#4251=EDGE_CURVE('',#3302,#3266,#2752,.T.);
#4252=EDGE_CURVE('',#3302,#3303,#1487,.T.);
#4253=EDGE_CURVE('',#3303,#3268,#2753,.T.);
#4254=EDGE_CURVE('',#3304,#3302,#2754,.T.);
#4255=EDGE_CURVE('',#3304,#3305,#1488,.T.);
#4256=EDGE_CURVE('',#3305,#3303,#2755,.T.);
#4257=EDGE_CURVE('',#3306,#3304,#2756,.T.);
#4258=EDGE_CURVE('',#3306,#3307,#1489,.T.);
#4259=EDGE_CURVE('',#3307,#3305,#2757,.T.);
#4260=EDGE_CURVE('',#3308,#3306,#2758,.T.);
#4261=EDGE_CURVE('',#3308,#3309,#1490,.T.);
#4262=EDGE_CURVE('',#3309,#3307,#2759,.T.);
#4263=EDGE_CURVE('',#3310,#3308,#2760,.T.);
#4264=EDGE_CURVE('',#3310,#3311,#1491,.T.);
#4265=EDGE_CURVE('',#3311,#3309,#2761,.T.);
#4266=EDGE_CURVE('',#3312,#3310,#2762,.T.);
#4267=EDGE_CURVE('',#3312,#3313,#1492,.T.);
#4268=EDGE_CURVE('',#3313,#3311,#2763,.T.);
#4269=EDGE_CURVE('',#3314,#3312,#2764,.T.);
#4270=EDGE_CURVE('',#3314,#3315,#1493,.T.);
#4271=EDGE_CURVE('',#3315,#3313,#2765,.T.);
#4272=EDGE_CURVE('',#3316,#3314,#2766,.T.);
#4273=EDGE_CURVE('',#3316,#3317,#1494,.T.);
#4274=EDGE_CURVE('',#3317,#3315,#2767,.T.);
#4275=EDGE_CURVE('',#3318,#3316,#2768,.T.);
#4276=EDGE_CURVE('',#3318,#3319,#1495,.T.);
#4277=EDGE_CURVE('',#3319,#3317,#2769,.T.);
#4278=EDGE_CURVE('',#3320,#3318,#2770,.T.);
#4279=EDGE_CURVE('',#3320,#3321,#1496,.T.);
#4280=EDGE_CURVE('',#3321,#3319,#2771,.T.);
#4281=EDGE_CURVE('',#3322,#3320,#2772,.T.);
#4282=EDGE_CURVE('',#3322,#3323,#1497,.T.);
#4283=EDGE_CURVE('',#3323,#3321,#2773,.T.);
#4284=EDGE_CURVE('',#3324,#3322,#2774,.T.);
#4285=EDGE_CURVE('',#3324,#3325,#1498,.T.);
#4286=EDGE_CURVE('',#3325,#3323,#2775,.T.);
#4287=EDGE_CURVE('',#3326,#3324,#2776,.T.);
#4288=EDGE_CURVE('',#3326,#3327,#1499,.T.);
#4289=EDGE_CURVE('',#3327,#3325,#2777,.T.);
#4290=EDGE_CURVE('',#3328,#3326,#2778,.T.);
#4291=EDGE_CURVE('',#3328,#3329,#1500,.T.);
#4292=EDGE_CURVE('',#3329,#3327,#2779,.T.);
#4293=EDGE_CURVE('',#3330,#3328,#2780,.T.);
#4294=EDGE_CURVE('',#3330,#3331,#1501,.T.);
#4295=EDGE_CURVE('',#3331,#3329,#2781,.T.);
#4296=EDGE_CURVE('',#3300,#3330,#1502,.T.);
#4297=EDGE_CURVE('',#3301,#3331,#1503,.T.);
#4298=EDGE_CURVE('',#3332,#3333,#2782,.T.);
#4299=EDGE_CURVE('',#3332,#3334,#1504,.T.);
#4300=EDGE_CURVE('',#3334,#3335,#2783,.T.);
#4301=EDGE_CURVE('',#3333,#3335,#1505,.T.);
#4302=EDGE_CURVE('',#3333,#3336,#2784,.T.);
#4303=EDGE_CURVE('',#3335,#3337,#2785,.T.);
#4304=EDGE_CURVE('',#3336,#3337,#1506,.T.);
#4305=EDGE_CURVE('',#3336,#3338,#2786,.T.);
#4306=EDGE_CURVE('',#3337,#3339,#2787,.T.);
#4307=EDGE_CURVE('',#3338,#3339,#1507,.T.);
#4308=EDGE_CURVE('',#3338,#3340,#2788,.T.);
#4309=EDGE_CURVE('',#3339,#3341,#2789,.T.);
#4310=EDGE_CURVE('',#3340,#3341,#1508,.T.);
#4311=EDGE_CURVE('',#3340,#3342,#2790,.T.);
#4312=EDGE_CURVE('',#3341,#3343,#2791,.T.);
#4313=EDGE_CURVE('',#3342,#3343,#1509,.T.);
#4314=EDGE_CURVE('',#3342,#3344,#1510,.T.);
#4315=EDGE_CURVE('',#3343,#3345,#1511,.T.);
#4316=EDGE_CURVE('',#3344,#3345,#1512,.T.);
#4317=EDGE_CURVE('',#3344,#3346,#1513,.T.);
#4318=EDGE_CURVE('',#3345,#3347,#1514,.T.);
#4319=EDGE_CURVE('',#3346,#3347,#1515,.T.);
#4320=EDGE_CURVE('',#3346,#3348,#1516,.T.);
#4321=EDGE_CURVE('',#3347,#3349,#1517,.T.);
#4322=EDGE_CURVE('',#3348,#3349,#1518,.T.);
#4323=EDGE_CURVE('',#3348,#3350,#2792,.T.);
#4324=EDGE_CURVE('',#3349,#3351,#2793,.T.);
#4325=EDGE_CURVE('',#3350,#3351,#1519,.T.);
#4326=EDGE_CURVE('',#3350,#3352,#2794,.T.);
#4327=EDGE_CURVE('',#3351,#3353,#2795,.T.);
#4328=EDGE_CURVE('',#3352,#3353,#1520,.T.);
#4329=EDGE_CURVE('',#3352,#3354,#2796,.T.);
#4330=EDGE_CURVE('',#3353,#3355,#2797,.T.);
#4331=EDGE_CURVE('',#3354,#3355,#1521,.T.);
#4332=EDGE_CURVE('',#3354,#3356,#2798,.T.);
#4333=EDGE_CURVE('',#3355,#3357,#2799,.T.);
#4334=EDGE_CURVE('',#3356,#3357,#1522,.T.);
#4335=EDGE_CURVE('',#3356,#3358,#2800,.T.);
#4336=EDGE_CURVE('',#3357,#3359,#2801,.T.);
#4337=EDGE_CURVE('',#3358,#3359,#1523,.T.);
#4338=EDGE_CURVE('',#3358,#3360,#1524,.T.);
#4339=EDGE_CURVE('',#3359,#3361,#1525,.T.);
#4340=EDGE_CURVE('',#3360,#3361,#1526,.T.);
#4341=EDGE_CURVE('',#3362,#3332,#1527,.T.);
#4342=EDGE_CURVE('',#3362,#3363,#1528,.T.);
#4343=EDGE_CURVE('',#3363,#3334,#1529,.T.);
#4344=EDGE_CURVE('',#3364,#3362,#1530,.T.);
#4345=EDGE_CURVE('',#3364,#3365,#1531,.T.);
#4346=EDGE_CURVE('',#3365,#3363,#1532,.T.);
#4347=EDGE_CURVE('',#3366,#3364,#1533,.T.);
#4348=EDGE_CURVE('',#3366,#3367,#1534,.T.);
#4349=EDGE_CURVE('',#3367,#3365,#1535,.T.);
#4350=EDGE_CURVE('',#3368,#3366,#2802,.T.);
#4351=EDGE_CURVE('',#3368,#3369,#1536,.T.);
#4352=EDGE_CURVE('',#3369,#3367,#2803,.T.);
#4353=EDGE_CURVE('',#3370,#3368,#2804,.T.);
#4354=EDGE_CURVE('',#3370,#3371,#1537,.T.);
#4355=EDGE_CURVE('',#3371,#3369,#2805,.T.);
#4356=EDGE_CURVE('',#3372,#3370,#2806,.T.);
#4357=EDGE_CURVE('',#3372,#3373,#1538,.T.);
#4358=EDGE_CURVE('',#3373,#3371,#2807,.T.);
#4359=EDGE_CURVE('',#3374,#3372,#2808,.T.);
#4360=EDGE_CURVE('',#3374,#3375,#1539,.T.);
#4361=EDGE_CURVE('',#3375,#3373,#2809,.T.);
#4362=EDGE_CURVE('',#3376,#3374,#2810,.T.);
#4363=EDGE_CURVE('',#3376,#3377,#1540,.T.);
#4364=EDGE_CURVE('',#3377,#3375,#2811,.T.);
#4365=EDGE_CURVE('',#3378,#3376,#2812,.T.);
#4366=EDGE_CURVE('',#3378,#3379,#1541,.T.);
#4367=EDGE_CURVE('',#3379,#3377,#2813,.T.);
#4368=EDGE_CURVE('',#3380,#3378,#2814,.T.);
#4369=EDGE_CURVE('',#3380,#3381,#1542,.T.);
#4370=EDGE_CURVE('',#3381,#3379,#2815,.T.);
#4371=EDGE_CURVE('',#3382,#3380,#1543,.T.);
#4372=EDGE_CURVE('',#3382,#3383,#1544,.T.);
#4373=EDGE_CURVE('',#3383,#3381,#1545,.T.);
#4374=EDGE_CURVE('',#3384,#3382,#1546,.T.);
#4375=EDGE_CURVE('',#3384,#3385,#1547,.T.);
#4376=EDGE_CURVE('',#3385,#3383,#1548,.T.);
#4377=EDGE_CURVE('',#3386,#3384,#1549,.T.);
#4378=EDGE_CURVE('',#3386,#3387,#1550,.T.);
#4379=EDGE_CURVE('',#3387,#3385,#1551,.T.);
#4380=EDGE_CURVE('',#3360,#3386,#1552,.T.);
#4381=EDGE_CURVE('',#3361,#3387,#1553,.T.);
#4382=EDGE_CURVE('',#3388,#3389,#1554,.T.);
#4383=EDGE_CURVE('',#3388,#3390,#1555,.T.);
#4384=EDGE_CURVE('',#3390,#3391,#1556,.T.);
#4385=EDGE_CURVE('',#3389,#3391,#1557,.T.);
#4386=EDGE_CURVE('',#3389,#3392,#1558,.T.);
#4387=EDGE_CURVE('',#3391,#3393,#1559,.T.);
#4388=EDGE_CURVE('',#3392,#3393,#1560,.T.);
#4389=EDGE_CURVE('',#3394,#3388,#1561,.T.);
#4390=EDGE_CURVE('',#3394,#3395,#1562,.T.);
#4391=EDGE_CURVE('',#3395,#3390,#1563,.T.);
#4392=EDGE_CURVE('',#3392,#3394,#1564,.T.);
#4393=EDGE_CURVE('',#3393,#3395,#1565,.T.);
#4394=EDGE_CURVE('',#3396,#3397,#2816,.T.);
#4395=EDGE_CURVE('',#3396,#3398,#1566,.T.);
#4396=EDGE_CURVE('',#3398,#3399,#2817,.T.);
#4397=EDGE_CURVE('',#3397,#3399,#1567,.T.);
#4398=EDGE_CURVE('',#3397,#3400,#1568,.T.);
#4399=EDGE_CURVE('',#3399,#3401,#1569,.T.);
#4400=EDGE_CURVE('',#3400,#3401,#1570,.T.);
#4401=EDGE_CURVE('',#3400,#3402,#2818,.T.);
#4402=EDGE_CURVE('',#3401,#3403,#2819,.T.);
#4403=EDGE_CURVE('',#3402,#3403,#1571,.T.);
#4404=EDGE_CURVE('',#3402,#3404,#2820,.T.);
#4405=EDGE_CURVE('',#3403,#3405,#2821,.T.);
#4406=EDGE_CURVE('',#3404,#3405,#1572,.T.);
#4407=EDGE_CURVE('',#3404,#3406,#2822,.T.);
#4408=EDGE_CURVE('',#3405,#3407,#2823,.T.);
#4409=EDGE_CURVE('',#3406,#3407,#1573,.T.);
#4410=EDGE_CURVE('',#3406,#3408,#2824,.T.);
#4411=EDGE_CURVE('',#3407,#3409,#2825,.T.);
#4412=EDGE_CURVE('',#3408,#3409,#1574,.T.);
#4413=EDGE_CURVE('',#3408,#3410,#1575,.T.);
#4414=EDGE_CURVE('',#3409,#3411,#1576,.T.);
#4415=EDGE_CURVE('',#3410,#3411,#1577,.T.);
#4416=EDGE_CURVE('',#3412,#3396,#2826,.T.);
#4417=EDGE_CURVE('',#3412,#3413,#1578,.T.);
#4418=EDGE_CURVE('',#3413,#3398,#2827,.T.);
#4419=EDGE_CURVE('',#3414,#3412,#2828,.T.);
#4420=EDGE_CURVE('',#3414,#3415,#1579,.T.);
#4421=EDGE_CURVE('',#3415,#3413,#2829,.T.);
#4422=EDGE_CURVE('',#3416,#3414,#1580,.T.);
#4423=EDGE_CURVE('',#3416,#3417,#1581,.T.);
#4424=EDGE_CURVE('',#3417,#3415,#1582,.T.);
#4425=EDGE_CURVE('',#3418,#3416,#1583,.T.);
#4426=EDGE_CURVE('',#3418,#3419,#1584,.T.);
#4427=EDGE_CURVE('',#3419,#3417,#1585,.T.);
#4428=EDGE_CURVE('',#3420,#3418,#1586,.T.);
#4429=EDGE_CURVE('',#3420,#3421,#1587,.T.);
#4430=EDGE_CURVE('',#3421,#3419,#1588,.T.);
#4431=EDGE_CURVE('',#3410,#3420,#1589,.T.);
#4432=EDGE_CURVE('',#3411,#3421,#1590,.T.);
#4433=EDGE_CURVE('',#3422,#3423,#2830,.T.);
#4434=EDGE_CURVE('',#3422,#3424,#1591,.T.);
#4435=EDGE_CURVE('',#3424,#3425,#2831,.T.);
#4436=EDGE_CURVE('',#3423,#3425,#1592,.T.);
#4437=EDGE_CURVE('',#3423,#3426,#2832,.T.);
#4438=EDGE_CURVE('',#3425,#3427,#2833,.T.);
#4439=EDGE_CURVE('',#3426,#3427,#1593,.T.);
#4440=EDGE_CURVE('',#3426,#3428,#2834,.T.);
#4441=EDGE_CURVE('',#3427,#3429,#2835,.T.);
#4442=EDGE_CURVE('',#3428,#3429,#1594,.T.);
#4443=EDGE_CURVE('',#3428,#3430,#2836,.T.);
#4444=EDGE_CURVE('',#3429,#3431,#2837,.T.);
#4445=EDGE_CURVE('',#3430,#3431,#1595,.T.);
#4446=EDGE_CURVE('',#3432,#3433,#2838,.T.);
#4447=EDGE_CURVE('',#3432,#3434,#1596,.T.);
#4448=EDGE_CURVE('',#3434,#3435,#2839,.T.);
#4449=EDGE_CURVE('',#3433,#3435,#1597,.T.);
#4450=EDGE_CURVE('',#3433,#3436,#2840,.T.);
#4451=EDGE_CURVE('',#3435,#3437,#2841,.T.);
#4452=EDGE_CURVE('',#3436,#3437,#1598,.T.);
#4453=EDGE_CURVE('',#3436,#3438,#2842,.T.);
#4454=EDGE_CURVE('',#3437,#3439,#2843,.T.);
#4455=EDGE_CURVE('',#3438,#3439,#1599,.T.);
#4456=EDGE_CURVE('',#3438,#3440,#2844,.T.);
#4457=EDGE_CURVE('',#3439,#3441,#2845,.T.);
#4458=EDGE_CURVE('',#3440,#3441,#1600,.T.);
#4459=EDGE_CURVE('',#3440,#3442,#2846,.T.);
#4460=EDGE_CURVE('',#3441,#3443,#2847,.T.);
#4461=EDGE_CURVE('',#3442,#3443,#1601,.T.);
#4462=EDGE_CURVE('',#3442,#3444,#2848,.T.);
#4463=EDGE_CURVE('',#3443,#3445,#2849,.T.);
#4464=EDGE_CURVE('',#3444,#3445,#1602,.T.);
#4465=EDGE_CURVE('',#3444,#3446,#2850,.T.);
#4466=EDGE_CURVE('',#3445,#3447,#2851,.T.);
#4467=EDGE_CURVE('',#3446,#3447,#1603,.T.);
#4468=EDGE_CURVE('',#3448,#3422,#2852,.T.);
#4469=EDGE_CURVE('',#3448,#3449,#1604,.T.);
#4470=EDGE_CURVE('',#3449,#3424,#2853,.T.);
#4471=EDGE_CURVE('',#3450,#3448,#2854,.T.);
#4472=EDGE_CURVE('',#3450,#3451,#1605,.T.);
#4473=EDGE_CURVE('',#3451,#3449,#2855,.T.);
#4474=EDGE_CURVE('',#3452,#3450,#2856,.T.);
#4475=EDGE_CURVE('',#3452,#3453,#1606,.T.);
#4476=EDGE_CURVE('',#3453,#3451,#2857,.T.);
#4477=EDGE_CURVE('',#3430,#3452,#2858,.T.);
#4478=EDGE_CURVE('',#3431,#3453,#2859,.T.);
#4479=EDGE_CURVE('',#3446,#3454,#1607,.T.);
#4480=EDGE_CURVE('',#3447,#3455,#1608,.T.);
#4481=EDGE_CURVE('',#3454,#3455,#1609,.T.);
#4482=EDGE_CURVE('',#3456,#3432,#2860,.T.);
#4483=EDGE_CURVE('',#3456,#3457,#1610,.T.);
#4484=EDGE_CURVE('',#3457,#3434,#2861,.T.);
#4485=EDGE_CURVE('',#3458,#3456,#2862,.T.);
#4486=EDGE_CURVE('',#3458,#3459,#1611,.T.);
#4487=EDGE_CURVE('',#3459,#3457,#2863,.T.);
#4488=EDGE_CURVE('',#3460,#3458,#2864,.T.);
#4489=EDGE_CURVE('',#3460,#3461,#1612,.T.);
#4490=EDGE_CURVE('',#3461,#3459,#2865,.T.);
#4491=EDGE_CURVE('',#3462,#3460,#1613,.T.);
#4492=EDGE_CURVE('',#3462,#3463,#1614,.T.);
#4493=EDGE_CURVE('',#3463,#3461,#1615,.T.);
#4494=EDGE_CURVE('',#3464,#3462,#1616,.T.);
#4495=EDGE_CURVE('',#3464,#3465,#1617,.T.);
#4496=EDGE_CURVE('',#3465,#3463,#1618,.T.);
#4497=EDGE_CURVE('',#3466,#3464,#1619,.T.);
#4498=EDGE_CURVE('',#3466,#3467,#1620,.T.);
#4499=EDGE_CURVE('',#3467,#3465,#1621,.T.);
#4500=EDGE_CURVE('',#3454,#3466,#1622,.T.);
#4501=EDGE_CURVE('',#3455,#3467,#1623,.T.);
#4502=EDGE_CURVE('',#3468,#3469,#2866,.T.);
#4503=EDGE_CURVE('',#3468,#3470,#1624,.T.);
#4504=EDGE_CURVE('',#3470,#3471,#2867,.T.);
#4505=EDGE_CURVE('',#3469,#3471,#1625,.T.);
#4506=EDGE_CURVE('',#3469,#3472,#2868,.T.);
#4507=EDGE_CURVE('',#3471,#3473,#2869,.T.);
#4508=EDGE_CURVE('',#3472,#3473,#1626,.T.);
#4509=EDGE_CURVE('',#3472,#3474,#2870,.T.);
#4510=EDGE_CURVE('',#3473,#3475,#2871,.T.);
#4511=EDGE_CURVE('',#3474,#3475,#1627,.T.);
#4512=EDGE_CURVE('',#3474,#3476,#2872,.T.);
#4513=EDGE_CURVE('',#3475,#3477,#2873,.T.);
#4514=EDGE_CURVE('',#3476,#3477,#1628,.T.);
#4515=EDGE_CURVE('',#3478,#3479,#2874,.T.);
#4516=EDGE_CURVE('',#3478,#3480,#1629,.T.);
#4517=EDGE_CURVE('',#3480,#3481,#2875,.T.);
#4518=EDGE_CURVE('',#3479,#3481,#1630,.T.);
#4519=EDGE_CURVE('',#3479,#3482,#2876,.T.);
#4520=EDGE_CURVE('',#3481,#3483,#2877,.T.);
#4521=EDGE_CURVE('',#3482,#3483,#1631,.T.);
#4522=EDGE_CURVE('',#3482,#3484,#2878,.T.);
#4523=EDGE_CURVE('',#3483,#3485,#2879,.T.);
#4524=EDGE_CURVE('',#3484,#3485,#1632,.T.);
#4525=EDGE_CURVE('',#3484,#3486,#1633,.T.);
#4526=EDGE_CURVE('',#3485,#3487,#1634,.T.);
#4527=EDGE_CURVE('',#3486,#3487,#1635,.T.);
#4528=EDGE_CURVE('',#3486,#3488,#1636,.T.);
#4529=EDGE_CURVE('',#3487,#3489,#1637,.T.);
#4530=EDGE_CURVE('',#3488,#3489,#1638,.T.);
#4531=EDGE_CURVE('',#3488,#3490,#1639,.T.);
#4532=EDGE_CURVE('',#3489,#3491,#1640,.T.);
#4533=EDGE_CURVE('',#3490,#3491,#1641,.T.);
#4534=EDGE_CURVE('',#3490,#3492,#1642,.T.);
#4535=EDGE_CURVE('',#3491,#3493,#1643,.T.);
#4536=EDGE_CURVE('',#3492,#3493,#1644,.T.);
#4537=EDGE_CURVE('',#3494,#3468,#2880,.T.);
#4538=EDGE_CURVE('',#3494,#3495,#1645,.T.);
#4539=EDGE_CURVE('',#3495,#3470,#2881,.T.);
#4540=EDGE_CURVE('',#3496,#3494,#2882,.T.);
#4541=EDGE_CURVE('',#3496,#3497,#1646,.T.);
#4542=EDGE_CURVE('',#3497,#3495,#2883,.T.);
#4543=EDGE_CURVE('',#3498,#3496,#2884,.T.);
#4544=EDGE_CURVE('',#3498,#3499,#1647,.T.);
#4545=EDGE_CURVE('',#3499,#3497,#2885,.T.);
#4546=EDGE_CURVE('',#3476,#3498,#2886,.T.);
#4547=EDGE_CURVE('',#3477,#3499,#2887,.T.);
#4548=EDGE_CURVE('',#3500,#3478,#2888,.T.);
#4549=EDGE_CURVE('',#3500,#3501,#1648,.T.);
#4550=EDGE_CURVE('',#3501,#3480,#2889,.T.);
#4551=EDGE_CURVE('',#3502,#3500,#2890,.T.);
#4552=EDGE_CURVE('',#3502,#3503,#1649,.T.);
#4553=EDGE_CURVE('',#3503,#3501,#2891,.T.);
#4554=EDGE_CURVE('',#3504,#3502,#2892,.T.);
#4555=EDGE_CURVE('',#3504,#3505,#1650,.T.);
#4556=EDGE_CURVE('',#3505,#3503,#2893,.T.);
#4557=EDGE_CURVE('',#3506,#3504,#2894,.T.);
#4558=EDGE_CURVE('',#3506,#3507,#1651,.T.);
#4559=EDGE_CURVE('',#3507,#3505,#2895,.T.);
#4560=EDGE_CURVE('',#3508,#3506,#2896,.T.);
#4561=EDGE_CURVE('',#3508,#3509,#1652,.T.);
#4562=EDGE_CURVE('',#3509,#3507,#2897,.T.);
#4563=EDGE_CURVE('',#3510,#3508,#2898,.T.);
#4564=EDGE_CURVE('',#3510,#3511,#1653,.T.);
#4565=EDGE_CURVE('',#3511,#3509,#2899,.T.);
#4566=EDGE_CURVE('',#3492,#3510,#1654,.T.);
#4567=EDGE_CURVE('',#3493,#3511,#1655,.T.);
#4568=EDGE_CURVE('',#3512,#3513,#49,.T.);
#4569=EDGE_CURVE('',#3514,#3512,#1656,.T.);
#4570=EDGE_CURVE('',#3515,#3514,#50,.T.);
#4571=EDGE_CURVE('',#3516,#3515,#1657,.T.);
#4572=EDGE_CURVE('',#3517,#3516,#51,.T.);
#4573=EDGE_CURVE('',#3518,#3517,#1658,.T.);
#4574=EDGE_CURVE('',#3519,#3518,#52,.T.);
#4575=EDGE_CURVE('',#3513,#3519,#1659,.T.);
#4576=EDGE_CURVE('',#3520,#3520,#53,.T.);
#4577=EDGE_CURVE('',#3521,#3521,#54,.T.);
#4578=EDGE_CURVE('',#3522,#3522,#55,.T.);
#4579=EDGE_CURVE('',#3523,#3524,#1660,.T.);
#4580=EDGE_CURVE('',#3525,#3523,#1661,.T.);
#4581=EDGE_CURVE('',#3525,#3526,#1662,.T.);
#4582=EDGE_CURVE('',#3526,#3527,#1663,.T.);
#4583=EDGE_CURVE('',#3528,#3527,#1664,.T.);
#4584=EDGE_CURVE('',#3524,#3528,#1665,.T.);
#4585=EDGE_CURVE('',#3529,#3529,#56,.T.);
#4586=EDGE_CURVE('',#3530,#3531,#57,.T.);
#4587=EDGE_CURVE('',#3531,#3512,#1666,.T.);
#4588=EDGE_CURVE('',#3513,#3530,#1667,.T.);
#4589=EDGE_CURVE('',#3532,#3531,#1668,.T.);
#4590=EDGE_CURVE('',#3514,#3532,#1669,.T.);
#4591=EDGE_CURVE('',#3530,#3533,#1670,.T.);
#4592=EDGE_CURVE('',#3534,#3533,#58,.T.);
#4593=EDGE_CURVE('',#3534,#3535,#1671,.T.);
#4594=EDGE_CURVE('',#3536,#3535,#59,.T.);
#4595=EDGE_CURVE('',#3536,#3537,#1672,.T.);
#4596=EDGE_CURVE('',#3537,#3538,#1673,.T.);
#4597=EDGE_CURVE('',#3538,#3539,#1674,.T.);
#4598=EDGE_CURVE('',#3539,#3540,#1675,.T.);
#4599=EDGE_CURVE('',#3540,#3541,#1676,.T.);
#4600=EDGE_CURVE('',#3541,#3542,#1677,.T.);
#4601=EDGE_CURVE('',#3542,#3543,#1678,.T.);
#4602=EDGE_CURVE('',#3543,#3544,#1679,.T.);
#4603=EDGE_CURVE('',#3544,#3545,#1680,.T.);
#4604=EDGE_CURVE('',#3532,#3545,#60,.T.);
#4605=EDGE_CURVE('',#3546,#3546,#61,.T.);
#4606=EDGE_CURVE('',#3547,#3547,#62,.T.);
#4607=EDGE_CURVE('',#3548,#3548,#63,.T.);
#4608=EDGE_CURVE('',#3549,#3549,#64,.T.);
#4609=EDGE_CURVE('',#3545,#3515,#1681,.T.);
#4610=EDGE_CURVE('',#3544,#3550,#1682,.T.);
#4611=EDGE_CURVE('',#3550,#3551,#1683,.T.);
#4612=EDGE_CURVE('',#3551,#3537,#1684,.T.);
#4613=EDGE_CURVE('',#3516,#3536,#1685,.T.);
#4614=EDGE_CURVE('',#3535,#3517,#1686,.T.);
#4615=EDGE_CURVE('',#3518,#3534,#1687,.T.);
#4616=EDGE_CURVE('',#3533,#3519,#1688,.T.);
#4617=EDGE_CURVE('',#3551,#3552,#1689,.T.);
#4618=EDGE_CURVE('',#3538,#3552,#1690,.T.);
#4619=EDGE_CURVE('',#3553,#3543,#1691,.T.);
#4620=EDGE_CURVE('',#3553,#3550,#1692,.T.);
#4621=EDGE_CURVE('',#3552,#3553,#1693,.T.);
#4622=EDGE_CURVE('',#3554,#3525,#1694,.T.);
#4623=EDGE_CURVE('',#3555,#3554,#1695,.T.);
#4624=EDGE_CURVE('',#3526,#3555,#1696,.T.);
#4625=EDGE_CURVE('',#3556,#3555,#1697,.T.);
#4626=EDGE_CURVE('',#3527,#3556,#1698,.T.);
#4627=EDGE_CURVE('',#3557,#3554,#1699,.T.);
#4628=EDGE_CURVE('',#3556,#3557,#1700,.T.);
#4629=EDGE_CURVE('',#3557,#3540,#1701,.T.);
#4630=EDGE_CURVE('',#3528,#3539,#1702,.T.);
#4631=EDGE_CURVE('',#3558,#3558,#65,.T.);
#4632=EDGE_CURVE('',#3558,#3520,#1703,.T.);
#4633=EDGE_CURVE('',#3559,#3559,#66,.T.);
#4634=EDGE_CURVE('',#3559,#3522,#1704,.T.);
#4635=EDGE_CURVE('',#3560,#3560,#67,.T.);
#4636=EDGE_CURVE('',#3560,#3521,#1705,.T.);
#4637=EDGE_CURVE('',#3561,#3561,#68,.T.);
#4638=EDGE_CURVE('',#3561,#3529,#1706,.T.);
#4639=EDGE_CURVE('',#3523,#3541,#1707,.T.);
#4640=EDGE_CURVE('',#3524,#3542,#1708,.T.);
#4641=EDGE_CURVE('',#3548,#3562,#1709,.T.);
#4642=EDGE_CURVE('',#3562,#3562,#69,.T.);
#4643=EDGE_CURVE('',#3547,#3563,#1710,.T.);
#4644=EDGE_CURVE('',#3563,#3563,#70,.T.);
#4645=EDGE_CURVE('',#3549,#3564,#1711,.T.);
#4646=EDGE_CURVE('',#3564,#3564,#71,.T.);
#4647=EDGE_CURVE('',#3546,#3565,#1712,.T.);
#4648=EDGE_CURVE('',#3565,#3565,#72,.T.);
#4649=EDGE_CURVE('',#3566,#3567,#73,.T.);
#4650=EDGE_CURVE('',#3567,#3568,#1713,.T.);
#4651=EDGE_CURVE('',#3568,#3569,#74,.T.);
#4652=EDGE_CURVE('',#3569,#3566,#1714,.T.);
#4653=EDGE_CURVE('',#3570,#3567,#1715,.T.);
#4654=EDGE_CURVE('',#3571,#3570,#1716,.T.);
#4655=EDGE_CURVE('',#3568,#3571,#1717,.T.);
#4656=EDGE_CURVE('',#3566,#3572,#1718,.T.);
#4657=EDGE_CURVE('',#3573,#3572,#75,.T.);
#4658=EDGE_CURVE('',#3573,#3574,#1719,.T.);
#4659=EDGE_CURVE('',#3575,#3574,#76,.T.);
#4660=EDGE_CURVE('',#3575,#3576,#1720,.T.);
#4661=EDGE_CURVE('',#3570,#3576,#77,.T.);
#4662=EDGE_CURVE('',#3577,#3578,#1721,.T.);
#4663=EDGE_CURVE('',#3578,#3579,#1722,.T.);
#4664=EDGE_CURVE('',#3579,#3580,#1723,.T.);
#4665=EDGE_CURVE('',#3580,#3577,#1724,.T.);
#4666=EDGE_CURVE('',#3581,#3581,#78,.T.);
#4667=EDGE_CURVE('',#3582,#3582,#79,.T.);
#4668=EDGE_CURVE('',#3583,#3584,#1725,.T.);
#4669=EDGE_CURVE('',#3584,#3585,#1726,.T.);
#4670=EDGE_CURVE('',#3585,#3586,#1727,.T.);
#4671=EDGE_CURVE('',#3586,#3583,#1728,.T.);
#4672=EDGE_CURVE('',#3587,#3588,#1729,.T.);
#4673=EDGE_CURVE('',#3588,#3589,#1730,.T.);
#4674=EDGE_CURVE('',#3589,#3590,#1731,.T.);
#4675=EDGE_CURVE('',#3590,#3587,#1732,.T.);
#4676=EDGE_CURVE('',#3591,#3592,#1733,.T.);
#4677=EDGE_CURVE('',#3592,#3593,#1734,.T.);
#4678=EDGE_CURVE('',#3593,#3594,#1735,.T.);
#4679=EDGE_CURVE('',#3594,#3591,#1736,.T.);
#4680=EDGE_CURVE('',#3595,#3596,#1737,.T.);
#4681=EDGE_CURVE('',#3596,#3597,#1738,.T.);
#4682=EDGE_CURVE('',#3597,#3598,#1739,.T.);
#4683=EDGE_CURVE('',#3598,#3595,#1740,.T.);
#4684=EDGE_CURVE('',#3599,#3600,#1741,.T.);
#4685=EDGE_CURVE('',#3600,#3601,#1742,.T.);
#4686=EDGE_CURVE('',#3601,#3602,#1743,.T.);
#4687=EDGE_CURVE('',#3602,#3599,#1744,.T.);
#4688=EDGE_CURVE('',#3603,#3604,#1745,.T.);
#4689=EDGE_CURVE('',#3604,#3605,#1746,.T.);
#4690=EDGE_CURVE('',#3605,#3606,#1747,.T.);
#4691=EDGE_CURVE('',#3606,#3603,#1748,.T.);
#4692=EDGE_CURVE('',#3607,#3607,#80,.T.);
#4693=EDGE_CURVE('',#3608,#3608,#81,.T.);
#4694=EDGE_CURVE('',#3609,#3609,#82,.T.);
#4695=EDGE_CURVE('',#3610,#3610,#83,.T.);
#4696=EDGE_CURVE('',#3574,#3611,#1749,.T.);
#4697=EDGE_CURVE('',#3611,#3612,#84,.T.);
#4698=EDGE_CURVE('',#3612,#3575,#1750,.T.);
#4699=EDGE_CURVE('',#3613,#3612,#1751,.T.);
#4700=EDGE_CURVE('',#3576,#3613,#1752,.T.);
#4701=EDGE_CURVE('',#3613,#3571,#85,.T.);
#4702=EDGE_CURVE('',#3572,#3614,#1753,.T.);
#4703=EDGE_CURVE('',#3614,#3615,#86,.T.);
#4704=EDGE_CURVE('',#3615,#3573,#1754,.T.);
#4705=EDGE_CURVE('',#3611,#3615,#1755,.T.);
#4706=EDGE_CURVE('',#3616,#3617,#1756,.T.);
#4707=EDGE_CURVE('',#3580,#3616,#1757,.T.);
#4708=EDGE_CURVE('',#3579,#3617,#1758,.T.);
#4709=EDGE_CURVE('',#3617,#3618,#1759,.T.);
#4710=EDGE_CURVE('',#3578,#3618,#1760,.T.);
#4711=EDGE_CURVE('',#3618,#3619,#1761,.T.);
#4712=EDGE_CURVE('',#3577,#3619,#1762,.T.);
#4713=EDGE_CURVE('',#3619,#3616,#1763,.T.);
#4714=EDGE_CURVE('',#3581,#3620,#1764,.T.);
#4715=EDGE_CURVE('',#3620,#3620,#87,.T.);
#4716=EDGE_CURVE('',#3582,#3621,#1765,.T.);
#4717=EDGE_CURVE('',#3621,#3621,#88,.T.);
#4718=EDGE_CURVE('',#3622,#3623,#1766,.T.);
#4719=EDGE_CURVE('',#3586,#3622,#1767,.T.);
#4720=EDGE_CURVE('',#3585,#3623,#1768,.T.);
#4721=EDGE_CURVE('',#3623,#3624,#1769,.T.);
#4722=EDGE_CURVE('',#3584,#3624,#1770,.T.);
#4723=EDGE_CURVE('',#3624,#3625,#1771,.T.);
#4724=EDGE_CURVE('',#3583,#3625,#1772,.T.);
#4725=EDGE_CURVE('',#3625,#3622,#1773,.T.);
#4726=EDGE_CURVE('',#3626,#3627,#1774,.T.);
#4727=EDGE_CURVE('',#3590,#3626,#1775,.T.);
#4728=EDGE_CURVE('',#3589,#3627,#1776,.T.);
#4729=EDGE_CURVE('',#3627,#3628,#1777,.T.);
#4730=EDGE_CURVE('',#3588,#3628,#1778,.T.);
#4731=EDGE_CURVE('',#3628,#3629,#1779,.T.);
#4732=EDGE_CURVE('',#3587,#3629,#1780,.T.);
#4733=EDGE_CURVE('',#3629,#3626,#1781,.T.);
#4734=EDGE_CURVE('',#3630,#3631,#1782,.T.);
#4735=EDGE_CURVE('',#3594,#3630,#1783,.T.);
#4736=EDGE_CURVE('',#3593,#3631,#1784,.T.);
#4737=EDGE_CURVE('',#3631,#3632,#1785,.T.);
#4738=EDGE_CURVE('',#3592,#3632,#1786,.T.);
#4739=EDGE_CURVE('',#3632,#3633,#1787,.T.);
#4740=EDGE_CURVE('',#3591,#3633,#1788,.T.);
#4741=EDGE_CURVE('',#3633,#3630,#1789,.T.);
#4742=EDGE_CURVE('',#3634,#3635,#1790,.T.);
#4743=EDGE_CURVE('',#3598,#3634,#1791,.T.);
#4744=EDGE_CURVE('',#3597,#3635,#1792,.T.);
#4745=EDGE_CURVE('',#3635,#3636,#1793,.T.);
#4746=EDGE_CURVE('',#3596,#3636,#1794,.T.);
#4747=EDGE_CURVE('',#3636,#3637,#1795,.T.);
#4748=EDGE_CURVE('',#3595,#3637,#1796,.T.);
#4749=EDGE_CURVE('',#3637,#3634,#1797,.T.);
#4750=EDGE_CURVE('',#3638,#3639,#1798,.T.);
#4751=EDGE_CURVE('',#3602,#3638,#1799,.T.);
#4752=EDGE_CURVE('',#3601,#3639,#1800,.T.);
#4753=EDGE_CURVE('',#3639,#3640,#1801,.T.);
#4754=EDGE_CURVE('',#3600,#3640,#1802,.T.);
#4755=EDGE_CURVE('',#3640,#3641,#1803,.T.);
#4756=EDGE_CURVE('',#3599,#3641,#1804,.T.);
#4757=EDGE_CURVE('',#3641,#3638,#1805,.T.);
#4758=EDGE_CURVE('',#3642,#3643,#1806,.T.);
#4759=EDGE_CURVE('',#3606,#3642,#1807,.T.);
#4760=EDGE_CURVE('',#3605,#3643,#1808,.T.);
#4761=EDGE_CURVE('',#3643,#3644,#1809,.T.);
#4762=EDGE_CURVE('',#3604,#3644,#1810,.T.);
#4763=EDGE_CURVE('',#3644,#3645,#1811,.T.);
#4764=EDGE_CURVE('',#3603,#3645,#1812,.T.);
#4765=EDGE_CURVE('',#3645,#3642,#1813,.T.);
#4766=EDGE_CURVE('',#3607,#3646,#1814,.T.);
#4767=EDGE_CURVE('',#3646,#3646,#89,.T.);
#4768=EDGE_CURVE('',#3608,#3647,#1815,.T.);
#4769=EDGE_CURVE('',#3647,#3647,#90,.T.);
#4770=EDGE_CURVE('',#3609,#3648,#1816,.T.);
#4771=EDGE_CURVE('',#3648,#3648,#91,.T.);
#4772=EDGE_CURVE('',#3610,#3649,#1817,.T.);
#4773=EDGE_CURVE('',#3649,#3649,#92,.T.);
#4774=EDGE_CURVE('',#3614,#3569,#1818,.T.);
#4775=ORIENTED_EDGE('',*,*,#3650,.F.);
#4776=ORIENTED_EDGE('',*,*,#3651,.T.);
#4777=ORIENTED_EDGE('',*,*,#3652,.T.);
#4778=ORIENTED_EDGE('',*,*,#3653,.F.);
#4779=ORIENTED_EDGE('',*,*,#3654,.F.);
#4780=ORIENTED_EDGE('',*,*,#3653,.T.);
#4781=ORIENTED_EDGE('',*,*,#3655,.T.);
#4782=ORIENTED_EDGE('',*,*,#3656,.F.);
#4783=ORIENTED_EDGE('',*,*,#3657,.F.);
#4784=ORIENTED_EDGE('',*,*,#3656,.T.);
#4785=ORIENTED_EDGE('',*,*,#3658,.T.);
#4786=ORIENTED_EDGE('',*,*,#3659,.F.);
#4787=ORIENTED_EDGE('',*,*,#3660,.F.);
#4788=ORIENTED_EDGE('',*,*,#3659,.T.);
#4789=ORIENTED_EDGE('',*,*,#3661,.T.);
#4790=ORIENTED_EDGE('',*,*,#3662,.F.);
#4791=ORIENTED_EDGE('',*,*,#3663,.F.);
#4792=ORIENTED_EDGE('',*,*,#3662,.T.);
#4793=ORIENTED_EDGE('',*,*,#3664,.T.);
#4794=ORIENTED_EDGE('',*,*,#3665,.F.);
#4795=ORIENTED_EDGE('',*,*,#3666,.F.);
#4796=ORIENTED_EDGE('',*,*,#3667,.T.);
#4797=ORIENTED_EDGE('',*,*,#3668,.T.);
#4798=ORIENTED_EDGE('',*,*,#3669,.F.);
#4799=ORIENTED_EDGE('',*,*,#3670,.F.);
#4800=ORIENTED_EDGE('',*,*,#3669,.T.);
#4801=ORIENTED_EDGE('',*,*,#3671,.T.);
#4802=ORIENTED_EDGE('',*,*,#3672,.F.);
#4803=ORIENTED_EDGE('',*,*,#3673,.F.);
#4804=ORIENTED_EDGE('',*,*,#3672,.T.);
#4805=ORIENTED_EDGE('',*,*,#3674,.T.);
#4806=ORIENTED_EDGE('',*,*,#3675,.F.);
#4807=ORIENTED_EDGE('',*,*,#3676,.F.);
#4808=ORIENTED_EDGE('',*,*,#3675,.T.);
#4809=ORIENTED_EDGE('',*,*,#3677,.T.);
#4810=ORIENTED_EDGE('',*,*,#3678,.F.);
#4811=ORIENTED_EDGE('',*,*,#3679,.F.);
#4812=ORIENTED_EDGE('',*,*,#3678,.T.);
#4813=ORIENTED_EDGE('',*,*,#3680,.T.);
#4814=ORIENTED_EDGE('',*,*,#3681,.F.);
#4815=ORIENTED_EDGE('',*,*,#3682,.F.);
#4816=ORIENTED_EDGE('',*,*,#3681,.T.);
#4817=ORIENTED_EDGE('',*,*,#3683,.T.);
#4818=ORIENTED_EDGE('',*,*,#3684,.F.);
#4819=ORIENTED_EDGE('',*,*,#3685,.F.);
#4820=ORIENTED_EDGE('',*,*,#3684,.T.);
#4821=ORIENTED_EDGE('',*,*,#3686,.T.);
#4822=ORIENTED_EDGE('',*,*,#3687,.F.);
#4823=ORIENTED_EDGE('',*,*,#3688,.F.);
#4824=ORIENTED_EDGE('',*,*,#3687,.T.);
#4825=ORIENTED_EDGE('',*,*,#3689,.T.);
#4826=ORIENTED_EDGE('',*,*,#3690,.F.);
#4827=ORIENTED_EDGE('',*,*,#3691,.F.);
#4828=ORIENTED_EDGE('',*,*,#3690,.T.);
#4829=ORIENTED_EDGE('',*,*,#3692,.T.);
#4830=ORIENTED_EDGE('',*,*,#3693,.F.);
#4831=ORIENTED_EDGE('',*,*,#3694,.F.);
#4832=ORIENTED_EDGE('',*,*,#3693,.T.);
#4833=ORIENTED_EDGE('',*,*,#3695,.T.);
#4834=ORIENTED_EDGE('',*,*,#3696,.F.);
#4835=ORIENTED_EDGE('',*,*,#3697,.F.);
#4836=ORIENTED_EDGE('',*,*,#3696,.T.);
#4837=ORIENTED_EDGE('',*,*,#3698,.T.);
#4838=ORIENTED_EDGE('',*,*,#3699,.F.);
#4839=ORIENTED_EDGE('',*,*,#3700,.F.);
#4840=ORIENTED_EDGE('',*,*,#3699,.T.);
#4841=ORIENTED_EDGE('',*,*,#3701,.T.);
#4842=ORIENTED_EDGE('',*,*,#3702,.F.);
#4843=ORIENTED_EDGE('',*,*,#3703,.F.);
#4844=ORIENTED_EDGE('',*,*,#3702,.T.);
#4845=ORIENTED_EDGE('',*,*,#3704,.T.);
#4846=ORIENTED_EDGE('',*,*,#3705,.F.);
#4847=ORIENTED_EDGE('',*,*,#3706,.F.);
#4848=ORIENTED_EDGE('',*,*,#3707,.T.);
#4849=ORIENTED_EDGE('',*,*,#3708,.T.);
#4850=ORIENTED_EDGE('',*,*,#3651,.F.);
#4851=ORIENTED_EDGE('',*,*,#3709,.F.);
#4852=ORIENTED_EDGE('',*,*,#3710,.T.);
#4853=ORIENTED_EDGE('',*,*,#3711,.T.);
#4854=ORIENTED_EDGE('',*,*,#3707,.F.);
#4855=ORIENTED_EDGE('',*,*,#3712,.F.);
#4856=ORIENTED_EDGE('',*,*,#3713,.T.);
#4857=ORIENTED_EDGE('',*,*,#3714,.T.);
#4858=ORIENTED_EDGE('',*,*,#3710,.F.);
#4859=ORIENTED_EDGE('',*,*,#3715,.F.);
#4860=ORIENTED_EDGE('',*,*,#3716,.T.);
#4861=ORIENTED_EDGE('',*,*,#3717,.T.);
#4862=ORIENTED_EDGE('',*,*,#3713,.F.);
#4863=ORIENTED_EDGE('',*,*,#3718,.F.);
#4864=ORIENTED_EDGE('',*,*,#3665,.T.);
#4865=ORIENTED_EDGE('',*,*,#3719,.T.);
#4866=ORIENTED_EDGE('',*,*,#3716,.F.);
#4867=ORIENTED_EDGE('',*,*,#3720,.F.);
#4868=ORIENTED_EDGE('',*,*,#3705,.T.);
#4869=ORIENTED_EDGE('',*,*,#3721,.T.);
#4870=ORIENTED_EDGE('',*,*,#3722,.F.);
#4871=ORIENTED_EDGE('',*,*,#3723,.F.);
#4872=ORIENTED_EDGE('',*,*,#3724,.T.);
#4873=ORIENTED_EDGE('',*,*,#3725,.T.);
#4874=ORIENTED_EDGE('',*,*,#3667,.F.);
#4875=ORIENTED_EDGE('',*,*,#3726,.F.);
#4876=ORIENTED_EDGE('',*,*,#3727,.T.);
#4877=ORIENTED_EDGE('',*,*,#3728,.T.);
#4878=ORIENTED_EDGE('',*,*,#3724,.F.);
#4879=ORIENTED_EDGE('',*,*,#3729,.F.);
#4880=ORIENTED_EDGE('',*,*,#3730,.T.);
#4881=ORIENTED_EDGE('',*,*,#3731,.T.);
#4882=ORIENTED_EDGE('',*,*,#3727,.F.);
#4883=ORIENTED_EDGE('',*,*,#3732,.F.);
#4884=ORIENTED_EDGE('',*,*,#3733,.T.);
#4885=ORIENTED_EDGE('',*,*,#3734,.T.);
#4886=ORIENTED_EDGE('',*,*,#3730,.F.);
#4887=ORIENTED_EDGE('',*,*,#3735,.F.);
#4888=ORIENTED_EDGE('',*,*,#3736,.T.);
#4889=ORIENTED_EDGE('',*,*,#3737,.T.);
#4890=ORIENTED_EDGE('',*,*,#3733,.F.);
#4891=ORIENTED_EDGE('',*,*,#3738,.F.);
#4892=ORIENTED_EDGE('',*,*,#3739,.T.);
#4893=ORIENTED_EDGE('',*,*,#3740,.T.);
#4894=ORIENTED_EDGE('',*,*,#3736,.F.);
#4895=ORIENTED_EDGE('',*,*,#3741,.F.);
#4896=ORIENTED_EDGE('',*,*,#3742,.T.);
#4897=ORIENTED_EDGE('',*,*,#3743,.T.);
#4898=ORIENTED_EDGE('',*,*,#3739,.F.);
#4899=ORIENTED_EDGE('',*,*,#3744,.F.);
#4900=ORIENTED_EDGE('',*,*,#3745,.T.);
#4901=ORIENTED_EDGE('',*,*,#3746,.T.);
#4902=ORIENTED_EDGE('',*,*,#3742,.F.);
#4903=ORIENTED_EDGE('',*,*,#3747,.F.);
#4904=ORIENTED_EDGE('',*,*,#3748,.T.);
#4905=ORIENTED_EDGE('',*,*,#3749,.T.);
#4906=ORIENTED_EDGE('',*,*,#3745,.F.);
#4907=ORIENTED_EDGE('',*,*,#3750,.F.);
#4908=ORIENTED_EDGE('',*,*,#3751,.T.);
#4909=ORIENTED_EDGE('',*,*,#3752,.T.);
#4910=ORIENTED_EDGE('',*,*,#3748,.F.);
#4911=ORIENTED_EDGE('',*,*,#3753,.F.);
#4912=ORIENTED_EDGE('',*,*,#3754,.T.);
#4913=ORIENTED_EDGE('',*,*,#3755,.T.);
#4914=ORIENTED_EDGE('',*,*,#3751,.F.);
#4915=ORIENTED_EDGE('',*,*,#3756,.F.);
#4916=ORIENTED_EDGE('',*,*,#3757,.T.);
#4917=ORIENTED_EDGE('',*,*,#3758,.T.);
#4918=ORIENTED_EDGE('',*,*,#3754,.F.);
#4919=ORIENTED_EDGE('',*,*,#3759,.F.);
#4920=ORIENTED_EDGE('',*,*,#3722,.T.);
#4921=ORIENTED_EDGE('',*,*,#3760,.T.);
#4922=ORIENTED_EDGE('',*,*,#3757,.F.);
#4923=ORIENTED_EDGE('',*,*,#3760,.F.);
#4924=ORIENTED_EDGE('',*,*,#3721,.F.);
#4925=ORIENTED_EDGE('',*,*,#3704,.F.);
#4926=ORIENTED_EDGE('',*,*,#3701,.F.);
#4927=ORIENTED_EDGE('',*,*,#3698,.F.);
#4928=ORIENTED_EDGE('',*,*,#3695,.F.);
#4929=ORIENTED_EDGE('',*,*,#3692,.F.);
#4930=ORIENTED_EDGE('',*,*,#3689,.F.);
#4931=ORIENTED_EDGE('',*,*,#3686,.F.);
#4932=ORIENTED_EDGE('',*,*,#3683,.F.);
#4933=ORIENTED_EDGE('',*,*,#3680,.F.);
#4934=ORIENTED_EDGE('',*,*,#3677,.F.);
#4935=ORIENTED_EDGE('',*,*,#3674,.F.);
#4936=ORIENTED_EDGE('',*,*,#3671,.F.);
#4937=ORIENTED_EDGE('',*,*,#3668,.F.);
#4938=ORIENTED_EDGE('',*,*,#3725,.F.);
#4939=ORIENTED_EDGE('',*,*,#3728,.F.);
#4940=ORIENTED_EDGE('',*,*,#3731,.F.);
#4941=ORIENTED_EDGE('',*,*,#3734,.F.);
#4942=ORIENTED_EDGE('',*,*,#3737,.F.);
#4943=ORIENTED_EDGE('',*,*,#3740,.F.);
#4944=ORIENTED_EDGE('',*,*,#3743,.F.);
#4945=ORIENTED_EDGE('',*,*,#3746,.F.);
#4946=ORIENTED_EDGE('',*,*,#3749,.F.);
#4947=ORIENTED_EDGE('',*,*,#3752,.F.);
#4948=ORIENTED_EDGE('',*,*,#3755,.F.);
#4949=ORIENTED_EDGE('',*,*,#3758,.F.);
#4950=ORIENTED_EDGE('',*,*,#3664,.F.);
#4951=ORIENTED_EDGE('',*,*,#3661,.F.);
#4952=ORIENTED_EDGE('',*,*,#3658,.F.);
#4953=ORIENTED_EDGE('',*,*,#3655,.F.);
#4954=ORIENTED_EDGE('',*,*,#3652,.F.);
#4955=ORIENTED_EDGE('',*,*,#3708,.F.);
#4956=ORIENTED_EDGE('',*,*,#3711,.F.);
#4957=ORIENTED_EDGE('',*,*,#3714,.F.);
#4958=ORIENTED_EDGE('',*,*,#3717,.F.);
#4959=ORIENTED_EDGE('',*,*,#3719,.F.);
#4960=ORIENTED_EDGE('',*,*,#3761,.F.);
#4961=ORIENTED_EDGE('',*,*,#3762,.T.);
#4962=ORIENTED_EDGE('',*,*,#3763,.T.);
#4963=ORIENTED_EDGE('',*,*,#3764,.F.);
#4964=ORIENTED_EDGE('',*,*,#3765,.F.);
#4965=ORIENTED_EDGE('',*,*,#3764,.T.);
#4966=ORIENTED_EDGE('',*,*,#3766,.T.);
#4967=ORIENTED_EDGE('',*,*,#3767,.F.);
#4968=ORIENTED_EDGE('',*,*,#3768,.F.);
#4969=ORIENTED_EDGE('',*,*,#3767,.T.);
#4970=ORIENTED_EDGE('',*,*,#3769,.T.);
#4971=ORIENTED_EDGE('',*,*,#3770,.F.);
#4972=ORIENTED_EDGE('',*,*,#3771,.F.);
#4973=ORIENTED_EDGE('',*,*,#3770,.T.);
#4974=ORIENTED_EDGE('',*,*,#3772,.T.);
#4975=ORIENTED_EDGE('',*,*,#3773,.F.);
#4976=ORIENTED_EDGE('',*,*,#3774,.F.);
#4977=ORIENTED_EDGE('',*,*,#3775,.T.);
#4978=ORIENTED_EDGE('',*,*,#3776,.T.);
#4979=ORIENTED_EDGE('',*,*,#3777,.F.);
#4980=ORIENTED_EDGE('',*,*,#3778,.F.);
#4981=ORIENTED_EDGE('',*,*,#3777,.T.);
#4982=ORIENTED_EDGE('',*,*,#3779,.T.);
#4983=ORIENTED_EDGE('',*,*,#3780,.F.);
#4984=ORIENTED_EDGE('',*,*,#3781,.F.);
#4985=ORIENTED_EDGE('',*,*,#3780,.T.);
#4986=ORIENTED_EDGE('',*,*,#3782,.T.);
#4987=ORIENTED_EDGE('',*,*,#3783,.F.);
#4988=ORIENTED_EDGE('',*,*,#3784,.F.);
#4989=ORIENTED_EDGE('',*,*,#3783,.T.);
#4990=ORIENTED_EDGE('',*,*,#3785,.T.);
#4991=ORIENTED_EDGE('',*,*,#3786,.F.);
#4992=ORIENTED_EDGE('',*,*,#3787,.F.);
#4993=ORIENTED_EDGE('',*,*,#3788,.T.);
#4994=ORIENTED_EDGE('',*,*,#3789,.T.);
#4995=ORIENTED_EDGE('',*,*,#3762,.F.);
#4996=ORIENTED_EDGE('',*,*,#3790,.F.);
#4997=ORIENTED_EDGE('',*,*,#3791,.T.);
#4998=ORIENTED_EDGE('',*,*,#3792,.T.);
#4999=ORIENTED_EDGE('',*,*,#3788,.F.);
#5000=ORIENTED_EDGE('',*,*,#3793,.F.);
#5001=ORIENTED_EDGE('',*,*,#3794,.T.);
#5002=ORIENTED_EDGE('',*,*,#3795,.T.);
#5003=ORIENTED_EDGE('',*,*,#3791,.F.);
#5004=ORIENTED_EDGE('',*,*,#3796,.F.);
#5005=ORIENTED_EDGE('',*,*,#3773,.T.);
#5006=ORIENTED_EDGE('',*,*,#3797,.T.);
#5007=ORIENTED_EDGE('',*,*,#3794,.F.);
#5008=ORIENTED_EDGE('',*,*,#3798,.F.);
#5009=ORIENTED_EDGE('',*,*,#3786,.T.);
#5010=ORIENTED_EDGE('',*,*,#3799,.T.);
#5011=ORIENTED_EDGE('',*,*,#3800,.F.);
#5012=ORIENTED_EDGE('',*,*,#3801,.F.);
#5013=ORIENTED_EDGE('',*,*,#3802,.T.);
#5014=ORIENTED_EDGE('',*,*,#3803,.T.);
#5015=ORIENTED_EDGE('',*,*,#3775,.F.);
#5016=ORIENTED_EDGE('',*,*,#3804,.F.);
#5017=ORIENTED_EDGE('',*,*,#3805,.T.);
#5018=ORIENTED_EDGE('',*,*,#3806,.T.);
#5019=ORIENTED_EDGE('',*,*,#3802,.F.);
#5020=ORIENTED_EDGE('',*,*,#3807,.F.);
#5021=ORIENTED_EDGE('',*,*,#3808,.T.);
#5022=ORIENTED_EDGE('',*,*,#3809,.T.);
#5023=ORIENTED_EDGE('',*,*,#3805,.F.);
#5024=ORIENTED_EDGE('',*,*,#3810,.F.);
#5025=ORIENTED_EDGE('',*,*,#3800,.T.);
#5026=ORIENTED_EDGE('',*,*,#3811,.T.);
#5027=ORIENTED_EDGE('',*,*,#3808,.F.);
#5028=ORIENTED_EDGE('',*,*,#3811,.F.);
#5029=ORIENTED_EDGE('',*,*,#3799,.F.);
#5030=ORIENTED_EDGE('',*,*,#3785,.F.);
#5031=ORIENTED_EDGE('',*,*,#3782,.F.);
#5032=ORIENTED_EDGE('',*,*,#3779,.F.);
#5033=ORIENTED_EDGE('',*,*,#3776,.F.);
#5034=ORIENTED_EDGE('',*,*,#3803,.F.);
#5035=ORIENTED_EDGE('',*,*,#3806,.F.);
#5036=ORIENTED_EDGE('',*,*,#3809,.F.);
#5037=ORIENTED_EDGE('',*,*,#3772,.F.);
#5038=ORIENTED_EDGE('',*,*,#3769,.F.);
#5039=ORIENTED_EDGE('',*,*,#3766,.F.);
#5040=ORIENTED_EDGE('',*,*,#3763,.F.);
#5041=ORIENTED_EDGE('',*,*,#3789,.F.);
#5042=ORIENTED_EDGE('',*,*,#3792,.F.);
#5043=ORIENTED_EDGE('',*,*,#3795,.F.);
#5044=ORIENTED_EDGE('',*,*,#3797,.F.);
#5045=ORIENTED_EDGE('',*,*,#3812,.F.);
#5046=ORIENTED_EDGE('',*,*,#3813,.T.);
#5047=ORIENTED_EDGE('',*,*,#3814,.T.);
#5048=ORIENTED_EDGE('',*,*,#3815,.F.);
#5049=ORIENTED_EDGE('',*,*,#3816,.F.);
#5050=ORIENTED_EDGE('',*,*,#3815,.T.);
#5051=ORIENTED_EDGE('',*,*,#3817,.T.);
#5052=ORIENTED_EDGE('',*,*,#3818,.F.);
#5053=ORIENTED_EDGE('',*,*,#3819,.F.);
#5054=ORIENTED_EDGE('',*,*,#3818,.T.);
#5055=ORIENTED_EDGE('',*,*,#3820,.T.);
#5056=ORIENTED_EDGE('',*,*,#3821,.F.);
#5057=ORIENTED_EDGE('',*,*,#3822,.F.);
#5058=ORIENTED_EDGE('',*,*,#3821,.T.);
#5059=ORIENTED_EDGE('',*,*,#3823,.T.);
#5060=ORIENTED_EDGE('',*,*,#3824,.F.);
#5061=ORIENTED_EDGE('',*,*,#3825,.F.);
#5062=ORIENTED_EDGE('',*,*,#3824,.T.);
#5063=ORIENTED_EDGE('',*,*,#3826,.T.);
#5064=ORIENTED_EDGE('',*,*,#3827,.F.);
#5065=ORIENTED_EDGE('',*,*,#3828,.F.);
#5066=ORIENTED_EDGE('',*,*,#3827,.T.);
#5067=ORIENTED_EDGE('',*,*,#3829,.T.);
#5068=ORIENTED_EDGE('',*,*,#3830,.F.);
#5069=ORIENTED_EDGE('',*,*,#3831,.F.);
#5070=ORIENTED_EDGE('',*,*,#3830,.T.);
#5071=ORIENTED_EDGE('',*,*,#3832,.T.);
#5072=ORIENTED_EDGE('',*,*,#3833,.F.);
#5073=ORIENTED_EDGE('',*,*,#3834,.F.);
#5074=ORIENTED_EDGE('',*,*,#3833,.T.);
#5075=ORIENTED_EDGE('',*,*,#3835,.T.);
#5076=ORIENTED_EDGE('',*,*,#3836,.F.);
#5077=ORIENTED_EDGE('',*,*,#3837,.F.);
#5078=ORIENTED_EDGE('',*,*,#3836,.T.);
#5079=ORIENTED_EDGE('',*,*,#3838,.T.);
#5080=ORIENTED_EDGE('',*,*,#3839,.F.);
#5081=ORIENTED_EDGE('',*,*,#3840,.F.);
#5082=ORIENTED_EDGE('',*,*,#3839,.T.);
#5083=ORIENTED_EDGE('',*,*,#3841,.T.);
#5084=ORIENTED_EDGE('',*,*,#3842,.F.);
#5085=ORIENTED_EDGE('',*,*,#3843,.F.);
#5086=ORIENTED_EDGE('',*,*,#3844,.T.);
#5087=ORIENTED_EDGE('',*,*,#3845,.T.);
#5088=ORIENTED_EDGE('',*,*,#3813,.F.);
#5089=ORIENTED_EDGE('',*,*,#3846,.F.);
#5090=ORIENTED_EDGE('',*,*,#3847,.T.);
#5091=ORIENTED_EDGE('',*,*,#3848,.T.);
#5092=ORIENTED_EDGE('',*,*,#3844,.F.);
#5093=ORIENTED_EDGE('',*,*,#3849,.F.);
#5094=ORIENTED_EDGE('',*,*,#3850,.T.);
#5095=ORIENTED_EDGE('',*,*,#3851,.T.);
#5096=ORIENTED_EDGE('',*,*,#3847,.F.);
#5097=ORIENTED_EDGE('',*,*,#3852,.F.);
#5098=ORIENTED_EDGE('',*,*,#3853,.T.);
#5099=ORIENTED_EDGE('',*,*,#3854,.T.);
#5100=ORIENTED_EDGE('',*,*,#3850,.F.);
#5101=ORIENTED_EDGE('',*,*,#3855,.F.);
#5102=ORIENTED_EDGE('',*,*,#3856,.T.);
#5103=ORIENTED_EDGE('',*,*,#3857,.T.);
#5104=ORIENTED_EDGE('',*,*,#3853,.F.);
#5105=ORIENTED_EDGE('',*,*,#3858,.F.);
#5106=ORIENTED_EDGE('',*,*,#3859,.T.);
#5107=ORIENTED_EDGE('',*,*,#3860,.T.);
#5108=ORIENTED_EDGE('',*,*,#3856,.F.);
#5109=ORIENTED_EDGE('',*,*,#3861,.F.);
#5110=ORIENTED_EDGE('',*,*,#3862,.T.);
#5111=ORIENTED_EDGE('',*,*,#3863,.T.);
#5112=ORIENTED_EDGE('',*,*,#3859,.F.);
#5113=ORIENTED_EDGE('',*,*,#3864,.F.);
#5114=ORIENTED_EDGE('',*,*,#3865,.T.);
#5115=ORIENTED_EDGE('',*,*,#3866,.T.);
#5116=ORIENTED_EDGE('',*,*,#3862,.F.);
#5117=ORIENTED_EDGE('',*,*,#3867,.F.);
#5118=ORIENTED_EDGE('',*,*,#3842,.T.);
#5119=ORIENTED_EDGE('',*,*,#3868,.T.);
#5120=ORIENTED_EDGE('',*,*,#3865,.F.);
#5121=ORIENTED_EDGE('',*,*,#3868,.F.);
#5122=ORIENTED_EDGE('',*,*,#3841,.F.);
#5123=ORIENTED_EDGE('',*,*,#3838,.F.);
#5124=ORIENTED_EDGE('',*,*,#3835,.F.);
#5125=ORIENTED_EDGE('',*,*,#3832,.F.);
#5126=ORIENTED_EDGE('',*,*,#3829,.F.);
#5127=ORIENTED_EDGE('',*,*,#3826,.F.);
#5128=ORIENTED_EDGE('',*,*,#3823,.F.);
#5129=ORIENTED_EDGE('',*,*,#3820,.F.);
#5130=ORIENTED_EDGE('',*,*,#3817,.F.);
#5131=ORIENTED_EDGE('',*,*,#3814,.F.);
#5132=ORIENTED_EDGE('',*,*,#3845,.F.);
#5133=ORIENTED_EDGE('',*,*,#3848,.F.);
#5134=ORIENTED_EDGE('',*,*,#3851,.F.);
#5135=ORIENTED_EDGE('',*,*,#3854,.F.);
#5136=ORIENTED_EDGE('',*,*,#3857,.F.);
#5137=ORIENTED_EDGE('',*,*,#3860,.F.);
#5138=ORIENTED_EDGE('',*,*,#3863,.F.);
#5139=ORIENTED_EDGE('',*,*,#3866,.F.);
#5140=ORIENTED_EDGE('',*,*,#3869,.F.);
#5141=ORIENTED_EDGE('',*,*,#3870,.T.);
#5142=ORIENTED_EDGE('',*,*,#3871,.T.);
#5143=ORIENTED_EDGE('',*,*,#3872,.F.);
#5144=ORIENTED_EDGE('',*,*,#3873,.F.);
#5145=ORIENTED_EDGE('',*,*,#3872,.T.);
#5146=ORIENTED_EDGE('',*,*,#3874,.T.);
#5147=ORIENTED_EDGE('',*,*,#3875,.F.);
#5148=ORIENTED_EDGE('',*,*,#3876,.F.);
#5149=ORIENTED_EDGE('',*,*,#3877,.T.);
#5150=ORIENTED_EDGE('',*,*,#3878,.T.);
#5151=ORIENTED_EDGE('',*,*,#3870,.F.);
#5152=ORIENTED_EDGE('',*,*,#3879,.F.);
#5153=ORIENTED_EDGE('',*,*,#3875,.T.);
#5154=ORIENTED_EDGE('',*,*,#3880,.T.);
#5155=ORIENTED_EDGE('',*,*,#3877,.F.);
#5156=ORIENTED_EDGE('',*,*,#3880,.F.);
#5157=ORIENTED_EDGE('',*,*,#3874,.F.);
#5158=ORIENTED_EDGE('',*,*,#3871,.F.);
#5159=ORIENTED_EDGE('',*,*,#3878,.F.);
#5160=ORIENTED_EDGE('',*,*,#3881,.F.);
#5161=ORIENTED_EDGE('',*,*,#3882,.T.);
#5162=ORIENTED_EDGE('',*,*,#3883,.T.);
#5163=ORIENTED_EDGE('',*,*,#3884,.F.);
#5164=ORIENTED_EDGE('',*,*,#3885,.F.);
#5165=ORIENTED_EDGE('',*,*,#3884,.T.);
#5166=ORIENTED_EDGE('',*,*,#3886,.T.);
#5167=ORIENTED_EDGE('',*,*,#3887,.F.);
#5168=ORIENTED_EDGE('',*,*,#3888,.F.);
#5169=ORIENTED_EDGE('',*,*,#3887,.T.);
#5170=ORIENTED_EDGE('',*,*,#3889,.T.);
#5171=ORIENTED_EDGE('',*,*,#3890,.F.);
#5172=ORIENTED_EDGE('',*,*,#3891,.F.);
#5173=ORIENTED_EDGE('',*,*,#3892,.T.);
#5174=ORIENTED_EDGE('',*,*,#3893,.T.);
#5175=ORIENTED_EDGE('',*,*,#3882,.F.);
#5176=ORIENTED_EDGE('',*,*,#3894,.F.);
#5177=ORIENTED_EDGE('',*,*,#3895,.T.);
#5178=ORIENTED_EDGE('',*,*,#3896,.T.);
#5179=ORIENTED_EDGE('',*,*,#3892,.F.);
#5180=ORIENTED_EDGE('',*,*,#3897,.F.);
#5181=ORIENTED_EDGE('',*,*,#3890,.T.);
#5182=ORIENTED_EDGE('',*,*,#3898,.T.);
#5183=ORIENTED_EDGE('',*,*,#3895,.F.);
#5184=ORIENTED_EDGE('',*,*,#3898,.F.);
#5185=ORIENTED_EDGE('',*,*,#3889,.F.);
#5186=ORIENTED_EDGE('',*,*,#3886,.F.);
#5187=ORIENTED_EDGE('',*,*,#3883,.F.);
#5188=ORIENTED_EDGE('',*,*,#3893,.F.);
#5189=ORIENTED_EDGE('',*,*,#3896,.F.);
#5190=ORIENTED_EDGE('',*,*,#3899,.F.);
#5191=ORIENTED_EDGE('',*,*,#3900,.T.);
#5192=ORIENTED_EDGE('',*,*,#3901,.T.);
#5193=ORIENTED_EDGE('',*,*,#3902,.F.);
#5194=ORIENTED_EDGE('',*,*,#3903,.F.);
#5195=ORIENTED_EDGE('',*,*,#3902,.T.);
#5196=ORIENTED_EDGE('',*,*,#3904,.T.);
#5197=ORIENTED_EDGE('',*,*,#3905,.F.);
#5198=ORIENTED_EDGE('',*,*,#3906,.F.);
#5199=ORIENTED_EDGE('',*,*,#3905,.T.);
#5200=ORIENTED_EDGE('',*,*,#3907,.T.);
#5201=ORIENTED_EDGE('',*,*,#3908,.F.);
#5202=ORIENTED_EDGE('',*,*,#3909,.F.);
#5203=ORIENTED_EDGE('',*,*,#3908,.T.);
#5204=ORIENTED_EDGE('',*,*,#3910,.T.);
#5205=ORIENTED_EDGE('',*,*,#3911,.F.);
#5206=ORIENTED_EDGE('',*,*,#3912,.F.);
#5207=ORIENTED_EDGE('',*,*,#3911,.T.);
#5208=ORIENTED_EDGE('',*,*,#3913,.T.);
#5209=ORIENTED_EDGE('',*,*,#3914,.F.);
#5210=ORIENTED_EDGE('',*,*,#3915,.F.);
#5211=ORIENTED_EDGE('',*,*,#3914,.T.);
#5212=ORIENTED_EDGE('',*,*,#3916,.T.);
#5213=ORIENTED_EDGE('',*,*,#3917,.F.);
#5214=ORIENTED_EDGE('',*,*,#3918,.F.);
#5215=ORIENTED_EDGE('',*,*,#3917,.T.);
#5216=ORIENTED_EDGE('',*,*,#3919,.T.);
#5217=ORIENTED_EDGE('',*,*,#3920,.F.);
#5218=ORIENTED_EDGE('',*,*,#3921,.F.);
#5219=ORIENTED_EDGE('',*,*,#3920,.T.);
#5220=ORIENTED_EDGE('',*,*,#3922,.T.);
#5221=ORIENTED_EDGE('',*,*,#3923,.F.);
#5222=ORIENTED_EDGE('',*,*,#3924,.F.);
#5223=ORIENTED_EDGE('',*,*,#3923,.T.);
#5224=ORIENTED_EDGE('',*,*,#3925,.T.);
#5225=ORIENTED_EDGE('',*,*,#3926,.F.);
#5226=ORIENTED_EDGE('',*,*,#3927,.F.);
#5227=ORIENTED_EDGE('',*,*,#3926,.T.);
#5228=ORIENTED_EDGE('',*,*,#3928,.T.);
#5229=ORIENTED_EDGE('',*,*,#3929,.F.);
#5230=ORIENTED_EDGE('',*,*,#3930,.F.);
#5231=ORIENTED_EDGE('',*,*,#3931,.T.);
#5232=ORIENTED_EDGE('',*,*,#3932,.T.);
#5233=ORIENTED_EDGE('',*,*,#3900,.F.);
#5234=ORIENTED_EDGE('',*,*,#3933,.F.);
#5235=ORIENTED_EDGE('',*,*,#3934,.T.);
#5236=ORIENTED_EDGE('',*,*,#3935,.T.);
#5237=ORIENTED_EDGE('',*,*,#3931,.F.);
#5238=ORIENTED_EDGE('',*,*,#3936,.F.);
#5239=ORIENTED_EDGE('',*,*,#3937,.T.);
#5240=ORIENTED_EDGE('',*,*,#3938,.T.);
#5241=ORIENTED_EDGE('',*,*,#3934,.F.);
#5242=ORIENTED_EDGE('',*,*,#3939,.F.);
#5243=ORIENTED_EDGE('',*,*,#3940,.T.);
#5244=ORIENTED_EDGE('',*,*,#3941,.T.);
#5245=ORIENTED_EDGE('',*,*,#3937,.F.);
#5246=ORIENTED_EDGE('',*,*,#3942,.F.);
#5247=ORIENTED_EDGE('',*,*,#3943,.T.);
#5248=ORIENTED_EDGE('',*,*,#3944,.T.);
#5249=ORIENTED_EDGE('',*,*,#3940,.F.);
#5250=ORIENTED_EDGE('',*,*,#3945,.F.);
#5251=ORIENTED_EDGE('',*,*,#3946,.T.);
#5252=ORIENTED_EDGE('',*,*,#3947,.T.);
#5253=ORIENTED_EDGE('',*,*,#3943,.F.);
#5254=ORIENTED_EDGE('',*,*,#3948,.F.);
#5255=ORIENTED_EDGE('',*,*,#3949,.T.);
#5256=ORIENTED_EDGE('',*,*,#3950,.T.);
#5257=ORIENTED_EDGE('',*,*,#3946,.F.);
#5258=ORIENTED_EDGE('',*,*,#3951,.F.);
#5259=ORIENTED_EDGE('',*,*,#3952,.T.);
#5260=ORIENTED_EDGE('',*,*,#3953,.T.);
#5261=ORIENTED_EDGE('',*,*,#3949,.F.);
#5262=ORIENTED_EDGE('',*,*,#3954,.F.);
#5263=ORIENTED_EDGE('',*,*,#3929,.T.);
#5264=ORIENTED_EDGE('',*,*,#3955,.T.);
#5265=ORIENTED_EDGE('',*,*,#3952,.F.);
#5266=ORIENTED_EDGE('',*,*,#3928,.F.);
#5267=ORIENTED_EDGE('',*,*,#3925,.F.);
#5268=ORIENTED_EDGE('',*,*,#3922,.F.);
#5269=ORIENTED_EDGE('',*,*,#3919,.F.);
#5270=ORIENTED_EDGE('',*,*,#3916,.F.);
#5271=ORIENTED_EDGE('',*,*,#3913,.F.);
#5272=ORIENTED_EDGE('',*,*,#3910,.F.);
#5273=ORIENTED_EDGE('',*,*,#3907,.F.);
#5274=ORIENTED_EDGE('',*,*,#3904,.F.);
#5275=ORIENTED_EDGE('',*,*,#3901,.F.);
#5276=ORIENTED_EDGE('',*,*,#3932,.F.);
#5277=ORIENTED_EDGE('',*,*,#3935,.F.);
#5278=ORIENTED_EDGE('',*,*,#3938,.F.);
#5279=ORIENTED_EDGE('',*,*,#3941,.F.);
#5280=ORIENTED_EDGE('',*,*,#3944,.F.);
#5281=ORIENTED_EDGE('',*,*,#3947,.F.);
#5282=ORIENTED_EDGE('',*,*,#3950,.F.);
#5283=ORIENTED_EDGE('',*,*,#3953,.F.);
#5284=ORIENTED_EDGE('',*,*,#3955,.F.);
#5285=ORIENTED_EDGE('',*,*,#3956,.F.);
#5286=ORIENTED_EDGE('',*,*,#3957,.T.);
#5287=ORIENTED_EDGE('',*,*,#3958,.T.);
#5288=ORIENTED_EDGE('',*,*,#3959,.F.);
#5289=ORIENTED_EDGE('',*,*,#3960,.F.);
#5290=ORIENTED_EDGE('',*,*,#3959,.T.);
#5291=ORIENTED_EDGE('',*,*,#3961,.T.);
#5292=ORIENTED_EDGE('',*,*,#3962,.F.);
#5293=ORIENTED_EDGE('',*,*,#3963,.F.);
#5294=ORIENTED_EDGE('',*,*,#3962,.T.);
#5295=ORIENTED_EDGE('',*,*,#3964,.T.);
#5296=ORIENTED_EDGE('',*,*,#3965,.F.);
#5297=ORIENTED_EDGE('',*,*,#3966,.F.);
#5298=ORIENTED_EDGE('',*,*,#3965,.T.);
#5299=ORIENTED_EDGE('',*,*,#3967,.T.);
#5300=ORIENTED_EDGE('',*,*,#3968,.F.);
#5301=ORIENTED_EDGE('',*,*,#3969,.F.);
#5302=ORIENTED_EDGE('',*,*,#3968,.T.);
#5303=ORIENTED_EDGE('',*,*,#3970,.T.);
#5304=ORIENTED_EDGE('',*,*,#3971,.F.);
#5305=ORIENTED_EDGE('',*,*,#3972,.F.);
#5306=ORIENTED_EDGE('',*,*,#3971,.T.);
#5307=ORIENTED_EDGE('',*,*,#3973,.T.);
#5308=ORIENTED_EDGE('',*,*,#3974,.F.);
#5309=ORIENTED_EDGE('',*,*,#3975,.F.);
#5310=ORIENTED_EDGE('',*,*,#3974,.T.);
#5311=ORIENTED_EDGE('',*,*,#3976,.T.);
#5312=ORIENTED_EDGE('',*,*,#3977,.F.);
#5313=ORIENTED_EDGE('',*,*,#3978,.F.);
#5314=ORIENTED_EDGE('',*,*,#3977,.T.);
#5315=ORIENTED_EDGE('',*,*,#3979,.T.);
#5316=ORIENTED_EDGE('',*,*,#3980,.F.);
#5317=ORIENTED_EDGE('',*,*,#3981,.F.);
#5318=ORIENTED_EDGE('',*,*,#3980,.T.);
#5319=ORIENTED_EDGE('',*,*,#3982,.T.);
#5320=ORIENTED_EDGE('',*,*,#3983,.F.);
#5321=ORIENTED_EDGE('',*,*,#3984,.F.);
#5322=ORIENTED_EDGE('',*,*,#3983,.T.);
#5323=ORIENTED_EDGE('',*,*,#3985,.T.);
#5324=ORIENTED_EDGE('',*,*,#3986,.F.);
#5325=ORIENTED_EDGE('',*,*,#3987,.F.);
#5326=ORIENTED_EDGE('',*,*,#3986,.T.);
#5327=ORIENTED_EDGE('',*,*,#3988,.T.);
#5328=ORIENTED_EDGE('',*,*,#3989,.F.);
#5329=ORIENTED_EDGE('',*,*,#3990,.F.);
#5330=ORIENTED_EDGE('',*,*,#3989,.T.);
#5331=ORIENTED_EDGE('',*,*,#3991,.T.);
#5332=ORIENTED_EDGE('',*,*,#3992,.F.);
#5333=ORIENTED_EDGE('',*,*,#3993,.F.);
#5334=ORIENTED_EDGE('',*,*,#3992,.T.);
#5335=ORIENTED_EDGE('',*,*,#3994,.T.);
#5336=ORIENTED_EDGE('',*,*,#3995,.F.);
#5337=ORIENTED_EDGE('',*,*,#3996,.F.);
#5338=ORIENTED_EDGE('',*,*,#3995,.T.);
#5339=ORIENTED_EDGE('',*,*,#3997,.T.);
#5340=ORIENTED_EDGE('',*,*,#3998,.F.);
#5341=ORIENTED_EDGE('',*,*,#3999,.F.);
#5342=ORIENTED_EDGE('',*,*,#3998,.T.);
#5343=ORIENTED_EDGE('',*,*,#4000,.T.);
#5344=ORIENTED_EDGE('',*,*,#4001,.F.);
#5345=ORIENTED_EDGE('',*,*,#4002,.F.);
#5346=ORIENTED_EDGE('',*,*,#4001,.T.);
#5347=ORIENTED_EDGE('',*,*,#4003,.T.);
#5348=ORIENTED_EDGE('',*,*,#4004,.F.);
#5349=ORIENTED_EDGE('',*,*,#4005,.F.);
#5350=ORIENTED_EDGE('',*,*,#4004,.T.);
#5351=ORIENTED_EDGE('',*,*,#4006,.T.);
#5352=ORIENTED_EDGE('',*,*,#4007,.F.);
#5353=ORIENTED_EDGE('',*,*,#4008,.F.);
#5354=ORIENTED_EDGE('',*,*,#4009,.T.);
#5355=ORIENTED_EDGE('',*,*,#4010,.T.);
#5356=ORIENTED_EDGE('',*,*,#3957,.F.);
#5357=ORIENTED_EDGE('',*,*,#4011,.F.);
#5358=ORIENTED_EDGE('',*,*,#4012,.T.);
#5359=ORIENTED_EDGE('',*,*,#4013,.T.);
#5360=ORIENTED_EDGE('',*,*,#4009,.F.);
#5361=ORIENTED_EDGE('',*,*,#4014,.F.);
#5362=ORIENTED_EDGE('',*,*,#4015,.T.);
#5363=ORIENTED_EDGE('',*,*,#4016,.T.);
#5364=ORIENTED_EDGE('',*,*,#4012,.F.);
#5365=ORIENTED_EDGE('',*,*,#4017,.F.);
#5366=ORIENTED_EDGE('',*,*,#4018,.T.);
#5367=ORIENTED_EDGE('',*,*,#4019,.T.);
#5368=ORIENTED_EDGE('',*,*,#4015,.F.);
#5369=ORIENTED_EDGE('',*,*,#4020,.F.);
#5370=ORIENTED_EDGE('',*,*,#4021,.T.);
#5371=ORIENTED_EDGE('',*,*,#4022,.T.);
#5372=ORIENTED_EDGE('',*,*,#4018,.F.);
#5373=ORIENTED_EDGE('',*,*,#4023,.F.);
#5374=ORIENTED_EDGE('',*,*,#4024,.T.);
#5375=ORIENTED_EDGE('',*,*,#4025,.T.);
#5376=ORIENTED_EDGE('',*,*,#4021,.F.);
#5377=ORIENTED_EDGE('',*,*,#4026,.F.);
#5378=ORIENTED_EDGE('',*,*,#4027,.T.);
#5379=ORIENTED_EDGE('',*,*,#4028,.T.);
#5380=ORIENTED_EDGE('',*,*,#4024,.F.);
#5381=ORIENTED_EDGE('',*,*,#4029,.F.);
#5382=ORIENTED_EDGE('',*,*,#4030,.T.);
#5383=ORIENTED_EDGE('',*,*,#4031,.T.);
#5384=ORIENTED_EDGE('',*,*,#4027,.F.);
#5385=ORIENTED_EDGE('',*,*,#4032,.F.);
#5386=ORIENTED_EDGE('',*,*,#4033,.T.);
#5387=ORIENTED_EDGE('',*,*,#4034,.T.);
#5388=ORIENTED_EDGE('',*,*,#4030,.F.);
#5389=ORIENTED_EDGE('',*,*,#4035,.F.);
#5390=ORIENTED_EDGE('',*,*,#4036,.T.);
#5391=ORIENTED_EDGE('',*,*,#4037,.T.);
#5392=ORIENTED_EDGE('',*,*,#4033,.F.);
#5393=ORIENTED_EDGE('',*,*,#4038,.F.);
#5394=ORIENTED_EDGE('',*,*,#4039,.T.);
#5395=ORIENTED_EDGE('',*,*,#4040,.T.);
#5396=ORIENTED_EDGE('',*,*,#4036,.F.);
#5397=ORIENTED_EDGE('',*,*,#4041,.F.);
#5398=ORIENTED_EDGE('',*,*,#4042,.T.);
#5399=ORIENTED_EDGE('',*,*,#4043,.T.);
#5400=ORIENTED_EDGE('',*,*,#4039,.F.);
#5401=ORIENTED_EDGE('',*,*,#4044,.F.);
#5402=ORIENTED_EDGE('',*,*,#4045,.T.);
#5403=ORIENTED_EDGE('',*,*,#4046,.T.);
#5404=ORIENTED_EDGE('',*,*,#4042,.F.);
#5405=ORIENTED_EDGE('',*,*,#4047,.F.);
#5406=ORIENTED_EDGE('',*,*,#4048,.T.);
#5407=ORIENTED_EDGE('',*,*,#4049,.T.);
#5408=ORIENTED_EDGE('',*,*,#4045,.F.);
#5409=ORIENTED_EDGE('',*,*,#4050,.F.);
#5410=ORIENTED_EDGE('',*,*,#4051,.T.);
#5411=ORIENTED_EDGE('',*,*,#4052,.T.);
#5412=ORIENTED_EDGE('',*,*,#4048,.F.);
#5413=ORIENTED_EDGE('',*,*,#4053,.F.);
#5414=ORIENTED_EDGE('',*,*,#4007,.T.);
#5415=ORIENTED_EDGE('',*,*,#4054,.T.);
#5416=ORIENTED_EDGE('',*,*,#4051,.F.);
#5417=ORIENTED_EDGE('',*,*,#4006,.F.);
#5418=ORIENTED_EDGE('',*,*,#4003,.F.);
#5419=ORIENTED_EDGE('',*,*,#4000,.F.);
#5420=ORIENTED_EDGE('',*,*,#3997,.F.);
#5421=ORIENTED_EDGE('',*,*,#3994,.F.);
#5422=ORIENTED_EDGE('',*,*,#3991,.F.);
#5423=ORIENTED_EDGE('',*,*,#3988,.F.);
#5424=ORIENTED_EDGE('',*,*,#3985,.F.);
#5425=ORIENTED_EDGE('',*,*,#3982,.F.);
#5426=ORIENTED_EDGE('',*,*,#3979,.F.);
#5427=ORIENTED_EDGE('',*,*,#3976,.F.);
#5428=ORIENTED_EDGE('',*,*,#3973,.F.);
#5429=ORIENTED_EDGE('',*,*,#3970,.F.);
#5430=ORIENTED_EDGE('',*,*,#3967,.F.);
#5431=ORIENTED_EDGE('',*,*,#3964,.F.);
#5432=ORIENTED_EDGE('',*,*,#3961,.F.);
#5433=ORIENTED_EDGE('',*,*,#3958,.F.);
#5434=ORIENTED_EDGE('',*,*,#4010,.F.);
#5435=ORIENTED_EDGE('',*,*,#4013,.F.);
#5436=ORIENTED_EDGE('',*,*,#4016,.F.);
#5437=ORIENTED_EDGE('',*,*,#4019,.F.);
#5438=ORIENTED_EDGE('',*,*,#4022,.F.);
#5439=ORIENTED_EDGE('',*,*,#4025,.F.);
#5440=ORIENTED_EDGE('',*,*,#4028,.F.);
#5441=ORIENTED_EDGE('',*,*,#4031,.F.);
#5442=ORIENTED_EDGE('',*,*,#4034,.F.);
#5443=ORIENTED_EDGE('',*,*,#4037,.F.);
#5444=ORIENTED_EDGE('',*,*,#4040,.F.);
#5445=ORIENTED_EDGE('',*,*,#4043,.F.);
#5446=ORIENTED_EDGE('',*,*,#4046,.F.);
#5447=ORIENTED_EDGE('',*,*,#4049,.F.);
#5448=ORIENTED_EDGE('',*,*,#4052,.F.);
#5449=ORIENTED_EDGE('',*,*,#4054,.F.);
#5450=ORIENTED_EDGE('',*,*,#4055,.F.);
#5451=ORIENTED_EDGE('',*,*,#4056,.T.);
#5452=ORIENTED_EDGE('',*,*,#4057,.T.);
#5453=ORIENTED_EDGE('',*,*,#4058,.F.);
#5454=ORIENTED_EDGE('',*,*,#4059,.F.);
#5455=ORIENTED_EDGE('',*,*,#4058,.T.);
#5456=ORIENTED_EDGE('',*,*,#4060,.T.);
#5457=ORIENTED_EDGE('',*,*,#4061,.F.);
#5458=ORIENTED_EDGE('',*,*,#4062,.F.);
#5459=ORIENTED_EDGE('',*,*,#4061,.T.);
#5460=ORIENTED_EDGE('',*,*,#4063,.T.);
#5461=ORIENTED_EDGE('',*,*,#4064,.F.);
#5462=ORIENTED_EDGE('',*,*,#4065,.F.);
#5463=ORIENTED_EDGE('',*,*,#4064,.T.);
#5464=ORIENTED_EDGE('',*,*,#4066,.T.);
#5465=ORIENTED_EDGE('',*,*,#4067,.F.);
#5466=ORIENTED_EDGE('',*,*,#4068,.F.);
#5467=ORIENTED_EDGE('',*,*,#4067,.T.);
#5468=ORIENTED_EDGE('',*,*,#4069,.T.);
#5469=ORIENTED_EDGE('',*,*,#4070,.F.);
#5470=ORIENTED_EDGE('',*,*,#4071,.F.);
#5471=ORIENTED_EDGE('',*,*,#4070,.T.);
#5472=ORIENTED_EDGE('',*,*,#4072,.T.);
#5473=ORIENTED_EDGE('',*,*,#4073,.F.);
#5474=ORIENTED_EDGE('',*,*,#4074,.F.);
#5475=ORIENTED_EDGE('',*,*,#4075,.T.);
#5476=ORIENTED_EDGE('',*,*,#4076,.T.);
#5477=ORIENTED_EDGE('',*,*,#4056,.F.);
#5478=ORIENTED_EDGE('',*,*,#4077,.F.);
#5479=ORIENTED_EDGE('',*,*,#4078,.T.);
#5480=ORIENTED_EDGE('',*,*,#4079,.T.);
#5481=ORIENTED_EDGE('',*,*,#4075,.F.);
#5482=ORIENTED_EDGE('',*,*,#4080,.F.);
#5483=ORIENTED_EDGE('',*,*,#4081,.T.);
#5484=ORIENTED_EDGE('',*,*,#4082,.T.);
#5485=ORIENTED_EDGE('',*,*,#4078,.F.);
#5486=ORIENTED_EDGE('',*,*,#4083,.F.);
#5487=ORIENTED_EDGE('',*,*,#4084,.T.);
#5488=ORIENTED_EDGE('',*,*,#4085,.T.);
#5489=ORIENTED_EDGE('',*,*,#4081,.F.);
#5490=ORIENTED_EDGE('',*,*,#4086,.F.);
#5491=ORIENTED_EDGE('',*,*,#4087,.T.);
#5492=ORIENTED_EDGE('',*,*,#4088,.T.);
#5493=ORIENTED_EDGE('',*,*,#4084,.F.);
#5494=ORIENTED_EDGE('',*,*,#4089,.F.);
#5495=ORIENTED_EDGE('',*,*,#4073,.T.);
#5496=ORIENTED_EDGE('',*,*,#4090,.T.);
#5497=ORIENTED_EDGE('',*,*,#4087,.F.);
#5498=ORIENTED_EDGE('',*,*,#4072,.F.);
#5499=ORIENTED_EDGE('',*,*,#4069,.F.);
#5500=ORIENTED_EDGE('',*,*,#4066,.F.);
#5501=ORIENTED_EDGE('',*,*,#4063,.F.);
#5502=ORIENTED_EDGE('',*,*,#4060,.F.);
#5503=ORIENTED_EDGE('',*,*,#4057,.F.);
#5504=ORIENTED_EDGE('',*,*,#4076,.F.);
#5505=ORIENTED_EDGE('',*,*,#4079,.F.);
#5506=ORIENTED_EDGE('',*,*,#4082,.F.);
#5507=ORIENTED_EDGE('',*,*,#4085,.F.);
#5508=ORIENTED_EDGE('',*,*,#4088,.F.);
#5509=ORIENTED_EDGE('',*,*,#4090,.F.);
#5510=ORIENTED_EDGE('',*,*,#4091,.F.);
#5511=ORIENTED_EDGE('',*,*,#4092,.T.);
#5512=ORIENTED_EDGE('',*,*,#4093,.T.);
#5513=ORIENTED_EDGE('',*,*,#4094,.F.);
#5514=ORIENTED_EDGE('',*,*,#4095,.F.);
#5515=ORIENTED_EDGE('',*,*,#4094,.T.);
#5516=ORIENTED_EDGE('',*,*,#4096,.T.);
#5517=ORIENTED_EDGE('',*,*,#4097,.F.);
#5518=ORIENTED_EDGE('',*,*,#4098,.F.);
#5519=ORIENTED_EDGE('',*,*,#4097,.T.);
#5520=ORIENTED_EDGE('',*,*,#4099,.T.);
#5521=ORIENTED_EDGE('',*,*,#4100,.F.);
#5522=ORIENTED_EDGE('',*,*,#4101,.F.);
#5523=ORIENTED_EDGE('',*,*,#4100,.T.);
#5524=ORIENTED_EDGE('',*,*,#4102,.T.);
#5525=ORIENTED_EDGE('',*,*,#4103,.F.);
#5526=ORIENTED_EDGE('',*,*,#4104,.F.);
#5527=ORIENTED_EDGE('',*,*,#4103,.T.);
#5528=ORIENTED_EDGE('',*,*,#4105,.T.);
#5529=ORIENTED_EDGE('',*,*,#4106,.F.);
#5530=ORIENTED_EDGE('',*,*,#4107,.F.);
#5531=ORIENTED_EDGE('',*,*,#4106,.T.);
#5532=ORIENTED_EDGE('',*,*,#4108,.T.);
#5533=ORIENTED_EDGE('',*,*,#4109,.F.);
#5534=ORIENTED_EDGE('',*,*,#4110,.F.);
#5535=ORIENTED_EDGE('',*,*,#4109,.T.);
#5536=ORIENTED_EDGE('',*,*,#4111,.T.);
#5537=ORIENTED_EDGE('',*,*,#4112,.F.);
#5538=ORIENTED_EDGE('',*,*,#4113,.F.);
#5539=ORIENTED_EDGE('',*,*,#4112,.T.);
#5540=ORIENTED_EDGE('',*,*,#4114,.T.);
#5541=ORIENTED_EDGE('',*,*,#4115,.F.);
#5542=ORIENTED_EDGE('',*,*,#4116,.F.);
#5543=ORIENTED_EDGE('',*,*,#4115,.T.);
#5544=ORIENTED_EDGE('',*,*,#4117,.T.);
#5545=ORIENTED_EDGE('',*,*,#4118,.F.);
#5546=ORIENTED_EDGE('',*,*,#4119,.F.);
#5547=ORIENTED_EDGE('',*,*,#4118,.T.);
#5548=ORIENTED_EDGE('',*,*,#4120,.T.);
#5549=ORIENTED_EDGE('',*,*,#4121,.F.);
#5550=ORIENTED_EDGE('',*,*,#4122,.F.);
#5551=ORIENTED_EDGE('',*,*,#4123,.T.);
#5552=ORIENTED_EDGE('',*,*,#4124,.T.);
#5553=ORIENTED_EDGE('',*,*,#4092,.F.);
#5554=ORIENTED_EDGE('',*,*,#4125,.F.);
#5555=ORIENTED_EDGE('',*,*,#4126,.T.);
#5556=ORIENTED_EDGE('',*,*,#4127,.T.);
#5557=ORIENTED_EDGE('',*,*,#4123,.F.);
#5558=ORIENTED_EDGE('',*,*,#4128,.F.);
#5559=ORIENTED_EDGE('',*,*,#4129,.T.);
#5560=ORIENTED_EDGE('',*,*,#4130,.T.);
#5561=ORIENTED_EDGE('',*,*,#4126,.F.);
#5562=ORIENTED_EDGE('',*,*,#4131,.F.);
#5563=ORIENTED_EDGE('',*,*,#4132,.T.);
#5564=ORIENTED_EDGE('',*,*,#4133,.T.);
#5565=ORIENTED_EDGE('',*,*,#4129,.F.);
#5566=ORIENTED_EDGE('',*,*,#4134,.F.);
#5567=ORIENTED_EDGE('',*,*,#4135,.T.);
#5568=ORIENTED_EDGE('',*,*,#4136,.T.);
#5569=ORIENTED_EDGE('',*,*,#4132,.F.);
#5570=ORIENTED_EDGE('',*,*,#4137,.F.);
#5571=ORIENTED_EDGE('',*,*,#4138,.T.);
#5572=ORIENTED_EDGE('',*,*,#4139,.T.);
#5573=ORIENTED_EDGE('',*,*,#4135,.F.);
#5574=ORIENTED_EDGE('',*,*,#4140,.F.);
#5575=ORIENTED_EDGE('',*,*,#4141,.T.);
#5576=ORIENTED_EDGE('',*,*,#4142,.T.);
#5577=ORIENTED_EDGE('',*,*,#4138,.F.);
#5578=ORIENTED_EDGE('',*,*,#4143,.F.);
#5579=ORIENTED_EDGE('',*,*,#4144,.T.);
#5580=ORIENTED_EDGE('',*,*,#4145,.T.);
#5581=ORIENTED_EDGE('',*,*,#4141,.F.);
#5582=ORIENTED_EDGE('',*,*,#4146,.F.);
#5583=ORIENTED_EDGE('',*,*,#4121,.T.);
#5584=ORIENTED_EDGE('',*,*,#4147,.T.);
#5585=ORIENTED_EDGE('',*,*,#4144,.F.);
#5586=ORIENTED_EDGE('',*,*,#4147,.F.);
#5587=ORIENTED_EDGE('',*,*,#4120,.F.);
#5588=ORIENTED_EDGE('',*,*,#4117,.F.);
#5589=ORIENTED_EDGE('',*,*,#4114,.F.);
#5590=ORIENTED_EDGE('',*,*,#4111,.F.);
#5591=ORIENTED_EDGE('',*,*,#4108,.F.);
#5592=ORIENTED_EDGE('',*,*,#4105,.F.);
#5593=ORIENTED_EDGE('',*,*,#4102,.F.);
#5594=ORIENTED_EDGE('',*,*,#4099,.F.);
#5595=ORIENTED_EDGE('',*,*,#4096,.F.);
#5596=ORIENTED_EDGE('',*,*,#4093,.F.);
#5597=ORIENTED_EDGE('',*,*,#4124,.F.);
#5598=ORIENTED_EDGE('',*,*,#4127,.F.);
#5599=ORIENTED_EDGE('',*,*,#4130,.F.);
#5600=ORIENTED_EDGE('',*,*,#4133,.F.);
#5601=ORIENTED_EDGE('',*,*,#4136,.F.);
#5602=ORIENTED_EDGE('',*,*,#4139,.F.);
#5603=ORIENTED_EDGE('',*,*,#4142,.F.);
#5604=ORIENTED_EDGE('',*,*,#4145,.F.);
#5605=ORIENTED_EDGE('',*,*,#4148,.F.);
#5606=ORIENTED_EDGE('',*,*,#4149,.T.);
#5607=ORIENTED_EDGE('',*,*,#4150,.T.);
#5608=ORIENTED_EDGE('',*,*,#4151,.F.);
#5609=ORIENTED_EDGE('',*,*,#4152,.F.);
#5610=ORIENTED_EDGE('',*,*,#4151,.T.);
#5611=ORIENTED_EDGE('',*,*,#4153,.T.);
#5612=ORIENTED_EDGE('',*,*,#4154,.F.);
#5613=ORIENTED_EDGE('',*,*,#4155,.F.);
#5614=ORIENTED_EDGE('',*,*,#4154,.T.);
#5615=ORIENTED_EDGE('',*,*,#4156,.T.);
#5616=ORIENTED_EDGE('',*,*,#4157,.F.);
#5617=ORIENTED_EDGE('',*,*,#4158,.F.);
#5618=ORIENTED_EDGE('',*,*,#4157,.T.);
#5619=ORIENTED_EDGE('',*,*,#4159,.T.);
#5620=ORIENTED_EDGE('',*,*,#4160,.F.);
#5621=ORIENTED_EDGE('',*,*,#4161,.F.);
#5622=ORIENTED_EDGE('',*,*,#4160,.T.);
#5623=ORIENTED_EDGE('',*,*,#4162,.T.);
#5624=ORIENTED_EDGE('',*,*,#4163,.F.);
#5625=ORIENTED_EDGE('',*,*,#4164,.F.);
#5626=ORIENTED_EDGE('',*,*,#4163,.T.);
#5627=ORIENTED_EDGE('',*,*,#4165,.T.);
#5628=ORIENTED_EDGE('',*,*,#4166,.F.);
#5629=ORIENTED_EDGE('',*,*,#4167,.F.);
#5630=ORIENTED_EDGE('',*,*,#4166,.T.);
#5631=ORIENTED_EDGE('',*,*,#4168,.T.);
#5632=ORIENTED_EDGE('',*,*,#4169,.F.);
#5633=ORIENTED_EDGE('',*,*,#4170,.F.);
#5634=ORIENTED_EDGE('',*,*,#4169,.T.);
#5635=ORIENTED_EDGE('',*,*,#4171,.T.);
#5636=ORIENTED_EDGE('',*,*,#4172,.F.);
#5637=ORIENTED_EDGE('',*,*,#4173,.F.);
#5638=ORIENTED_EDGE('',*,*,#4172,.T.);
#5639=ORIENTED_EDGE('',*,*,#4174,.T.);
#5640=ORIENTED_EDGE('',*,*,#4175,.F.);
#5641=ORIENTED_EDGE('',*,*,#4176,.F.);
#5642=ORIENTED_EDGE('',*,*,#4177,.T.);
#5643=ORIENTED_EDGE('',*,*,#4178,.T.);
#5644=ORIENTED_EDGE('',*,*,#4149,.F.);
#5645=ORIENTED_EDGE('',*,*,#4179,.F.);
#5646=ORIENTED_EDGE('',*,*,#4180,.T.);
#5647=ORIENTED_EDGE('',*,*,#4181,.T.);
#5648=ORIENTED_EDGE('',*,*,#4177,.F.);
#5649=ORIENTED_EDGE('',*,*,#4182,.F.);
#5650=ORIENTED_EDGE('',*,*,#4183,.T.);
#5651=ORIENTED_EDGE('',*,*,#4184,.T.);
#5652=ORIENTED_EDGE('',*,*,#4180,.F.);
#5653=ORIENTED_EDGE('',*,*,#4185,.F.);
#5654=ORIENTED_EDGE('',*,*,#4186,.T.);
#5655=ORIENTED_EDGE('',*,*,#4187,.T.);
#5656=ORIENTED_EDGE('',*,*,#4183,.F.);
#5657=ORIENTED_EDGE('',*,*,#4188,.F.);
#5658=ORIENTED_EDGE('',*,*,#4189,.T.);
#5659=ORIENTED_EDGE('',*,*,#4190,.T.);
#5660=ORIENTED_EDGE('',*,*,#4186,.F.);
#5661=ORIENTED_EDGE('',*,*,#4191,.F.);
#5662=ORIENTED_EDGE('',*,*,#4192,.T.);
#5663=ORIENTED_EDGE('',*,*,#4193,.T.);
#5664=ORIENTED_EDGE('',*,*,#4189,.F.);
#5665=ORIENTED_EDGE('',*,*,#4194,.F.);
#5666=ORIENTED_EDGE('',*,*,#4195,.T.);
#5667=ORIENTED_EDGE('',*,*,#4196,.T.);
#5668=ORIENTED_EDGE('',*,*,#4192,.F.);
#5669=ORIENTED_EDGE('',*,*,#4197,.F.);
#5670=ORIENTED_EDGE('',*,*,#4175,.T.);
#5671=ORIENTED_EDGE('',*,*,#4198,.T.);
#5672=ORIENTED_EDGE('',*,*,#4195,.F.);
#5673=ORIENTED_EDGE('',*,*,#4198,.F.);
#5674=ORIENTED_EDGE('',*,*,#4174,.F.);
#5675=ORIENTED_EDGE('',*,*,#4171,.F.);
#5676=ORIENTED_EDGE('',*,*,#4168,.F.);
#5677=ORIENTED_EDGE('',*,*,#4165,.F.);
#5678=ORIENTED_EDGE('',*,*,#4162,.F.);
#5679=ORIENTED_EDGE('',*,*,#4159,.F.);
#5680=ORIENTED_EDGE('',*,*,#4156,.F.);
#5681=ORIENTED_EDGE('',*,*,#4153,.F.);
#5682=ORIENTED_EDGE('',*,*,#4150,.F.);
#5683=ORIENTED_EDGE('',*,*,#4178,.F.);
#5684=ORIENTED_EDGE('',*,*,#4181,.F.);
#5685=ORIENTED_EDGE('',*,*,#4184,.F.);
#5686=ORIENTED_EDGE('',*,*,#4187,.F.);
#5687=ORIENTED_EDGE('',*,*,#4190,.F.);
#5688=ORIENTED_EDGE('',*,*,#4193,.F.);
#5689=ORIENTED_EDGE('',*,*,#4196,.F.);
#5690=ORIENTED_EDGE('',*,*,#4199,.F.);
#5691=ORIENTED_EDGE('',*,*,#4200,.T.);
#5692=ORIENTED_EDGE('',*,*,#4201,.T.);
#5693=ORIENTED_EDGE('',*,*,#4202,.F.);
#5694=ORIENTED_EDGE('',*,*,#4203,.F.);
#5695=ORIENTED_EDGE('',*,*,#4202,.T.);
#5696=ORIENTED_EDGE('',*,*,#4204,.T.);
#5697=ORIENTED_EDGE('',*,*,#4205,.F.);
#5698=ORIENTED_EDGE('',*,*,#4206,.F.);
#5699=ORIENTED_EDGE('',*,*,#4205,.T.);
#5700=ORIENTED_EDGE('',*,*,#4207,.T.);
#5701=ORIENTED_EDGE('',*,*,#4208,.F.);
#5702=ORIENTED_EDGE('',*,*,#4209,.F.);
#5703=ORIENTED_EDGE('',*,*,#4208,.T.);
#5704=ORIENTED_EDGE('',*,*,#4210,.T.);
#5705=ORIENTED_EDGE('',*,*,#4211,.F.);
#5706=ORIENTED_EDGE('',*,*,#4212,.F.);
#5707=ORIENTED_EDGE('',*,*,#4211,.T.);
#5708=ORIENTED_EDGE('',*,*,#4213,.T.);
#5709=ORIENTED_EDGE('',*,*,#4214,.F.);
#5710=ORIENTED_EDGE('',*,*,#4215,.F.);
#5711=ORIENTED_EDGE('',*,*,#4214,.T.);
#5712=ORIENTED_EDGE('',*,*,#4216,.T.);
#5713=ORIENTED_EDGE('',*,*,#4217,.F.);
#5714=ORIENTED_EDGE('',*,*,#4218,.F.);
#5715=ORIENTED_EDGE('',*,*,#4217,.T.);
#5716=ORIENTED_EDGE('',*,*,#4219,.T.);
#5717=ORIENTED_EDGE('',*,*,#4220,.F.);
#5718=ORIENTED_EDGE('',*,*,#4221,.F.);
#5719=ORIENTED_EDGE('',*,*,#4220,.T.);
#5720=ORIENTED_EDGE('',*,*,#4222,.T.);
#5721=ORIENTED_EDGE('',*,*,#4223,.F.);
#5722=ORIENTED_EDGE('',*,*,#4224,.F.);
#5723=ORIENTED_EDGE('',*,*,#4223,.T.);
#5724=ORIENTED_EDGE('',*,*,#4225,.T.);
#5725=ORIENTED_EDGE('',*,*,#4226,.F.);
#5726=ORIENTED_EDGE('',*,*,#4227,.F.);
#5727=ORIENTED_EDGE('',*,*,#4226,.T.);
#5728=ORIENTED_EDGE('',*,*,#4228,.T.);
#5729=ORIENTED_EDGE('',*,*,#4229,.F.);
#5730=ORIENTED_EDGE('',*,*,#4230,.F.);
#5731=ORIENTED_EDGE('',*,*,#4229,.T.);
#5732=ORIENTED_EDGE('',*,*,#4231,.T.);
#5733=ORIENTED_EDGE('',*,*,#4232,.F.);
#5734=ORIENTED_EDGE('',*,*,#4233,.F.);
#5735=ORIENTED_EDGE('',*,*,#4232,.T.);
#5736=ORIENTED_EDGE('',*,*,#4234,.T.);
#5737=ORIENTED_EDGE('',*,*,#4235,.F.);
#5738=ORIENTED_EDGE('',*,*,#4236,.F.);
#5739=ORIENTED_EDGE('',*,*,#4235,.T.);
#5740=ORIENTED_EDGE('',*,*,#4237,.T.);
#5741=ORIENTED_EDGE('',*,*,#4238,.F.);
#5742=ORIENTED_EDGE('',*,*,#4239,.F.);
#5743=ORIENTED_EDGE('',*,*,#4238,.T.);
#5744=ORIENTED_EDGE('',*,*,#4240,.T.);
#5745=ORIENTED_EDGE('',*,*,#4241,.F.);
#5746=ORIENTED_EDGE('',*,*,#4242,.F.);
#5747=ORIENTED_EDGE('',*,*,#4241,.T.);
#5748=ORIENTED_EDGE('',*,*,#4243,.T.);
#5749=ORIENTED_EDGE('',*,*,#4244,.F.);
#5750=ORIENTED_EDGE('',*,*,#4245,.F.);
#5751=ORIENTED_EDGE('',*,*,#4244,.T.);
#5752=ORIENTED_EDGE('',*,*,#4246,.T.);
#5753=ORIENTED_EDGE('',*,*,#4247,.F.);
#5754=ORIENTED_EDGE('',*,*,#4248,.F.);
#5755=ORIENTED_EDGE('',*,*,#4247,.T.);
#5756=ORIENTED_EDGE('',*,*,#4249,.T.);
#5757=ORIENTED_EDGE('',*,*,#4250,.F.);
#5758=ORIENTED_EDGE('',*,*,#4251,.F.);
#5759=ORIENTED_EDGE('',*,*,#4252,.T.);
#5760=ORIENTED_EDGE('',*,*,#4253,.T.);
#5761=ORIENTED_EDGE('',*,*,#4200,.F.);
#5762=ORIENTED_EDGE('',*,*,#4254,.F.);
#5763=ORIENTED_EDGE('',*,*,#4255,.T.);
#5764=ORIENTED_EDGE('',*,*,#4256,.T.);
#5765=ORIENTED_EDGE('',*,*,#4252,.F.);
#5766=ORIENTED_EDGE('',*,*,#4257,.F.);
#5767=ORIENTED_EDGE('',*,*,#4258,.T.);
#5768=ORIENTED_EDGE('',*,*,#4259,.T.);
#5769=ORIENTED_EDGE('',*,*,#4255,.F.);
#5770=ORIENTED_EDGE('',*,*,#4260,.F.);
#5771=ORIENTED_EDGE('',*,*,#4261,.T.);
#5772=ORIENTED_EDGE('',*,*,#4262,.T.);
#5773=ORIENTED_EDGE('',*,*,#4258,.F.);
#5774=ORIENTED_EDGE('',*,*,#4263,.F.);
#5775=ORIENTED_EDGE('',*,*,#4264,.T.);
#5776=ORIENTED_EDGE('',*,*,#4265,.T.);
#5777=ORIENTED_EDGE('',*,*,#4261,.F.);
#5778=ORIENTED_EDGE('',*,*,#4266,.F.);
#5779=ORIENTED_EDGE('',*,*,#4267,.T.);
#5780=ORIENTED_EDGE('',*,*,#4268,.T.);
#5781=ORIENTED_EDGE('',*,*,#4264,.F.);
#5782=ORIENTED_EDGE('',*,*,#4269,.F.);
#5783=ORIENTED_EDGE('',*,*,#4270,.T.);
#5784=ORIENTED_EDGE('',*,*,#4271,.T.);
#5785=ORIENTED_EDGE('',*,*,#4267,.F.);
#5786=ORIENTED_EDGE('',*,*,#4272,.F.);
#5787=ORIENTED_EDGE('',*,*,#4273,.T.);
#5788=ORIENTED_EDGE('',*,*,#4274,.T.);
#5789=ORIENTED_EDGE('',*,*,#4270,.F.);
#5790=ORIENTED_EDGE('',*,*,#4275,.F.);
#5791=ORIENTED_EDGE('',*,*,#4276,.T.);
#5792=ORIENTED_EDGE('',*,*,#4277,.T.);
#5793=ORIENTED_EDGE('',*,*,#4273,.F.);
#5794=ORIENTED_EDGE('',*,*,#4278,.F.);
#5795=ORIENTED_EDGE('',*,*,#4279,.T.);
#5796=ORIENTED_EDGE('',*,*,#4280,.T.);
#5797=ORIENTED_EDGE('',*,*,#4276,.F.);
#5798=ORIENTED_EDGE('',*,*,#4281,.F.);
#5799=ORIENTED_EDGE('',*,*,#4282,.T.);
#5800=ORIENTED_EDGE('',*,*,#4283,.T.);
#5801=ORIENTED_EDGE('',*,*,#4279,.F.);
#5802=ORIENTED_EDGE('',*,*,#4284,.F.);
#5803=ORIENTED_EDGE('',*,*,#4285,.T.);
#5804=ORIENTED_EDGE('',*,*,#4286,.T.);
#5805=ORIENTED_EDGE('',*,*,#4282,.F.);
#5806=ORIENTED_EDGE('',*,*,#4287,.F.);
#5807=ORIENTED_EDGE('',*,*,#4288,.T.);
#5808=ORIENTED_EDGE('',*,*,#4289,.T.);
#5809=ORIENTED_EDGE('',*,*,#4285,.F.);
#5810=ORIENTED_EDGE('',*,*,#4290,.F.);
#5811=ORIENTED_EDGE('',*,*,#4291,.T.);
#5812=ORIENTED_EDGE('',*,*,#4292,.T.);
#5813=ORIENTED_EDGE('',*,*,#4288,.F.);
#5814=ORIENTED_EDGE('',*,*,#4293,.F.);
#5815=ORIENTED_EDGE('',*,*,#4294,.T.);
#5816=ORIENTED_EDGE('',*,*,#4295,.T.);
#5817=ORIENTED_EDGE('',*,*,#4291,.F.);
#5818=ORIENTED_EDGE('',*,*,#4296,.F.);
#5819=ORIENTED_EDGE('',*,*,#4250,.T.);
#5820=ORIENTED_EDGE('',*,*,#4297,.T.);
#5821=ORIENTED_EDGE('',*,*,#4294,.F.);
#5822=ORIENTED_EDGE('',*,*,#4249,.F.);
#5823=ORIENTED_EDGE('',*,*,#4246,.F.);
#5824=ORIENTED_EDGE('',*,*,#4243,.F.);
#5825=ORIENTED_EDGE('',*,*,#4240,.F.);
#5826=ORIENTED_EDGE('',*,*,#4237,.F.);
#5827=ORIENTED_EDGE('',*,*,#4234,.F.);
#5828=ORIENTED_EDGE('',*,*,#4231,.F.);
#5829=ORIENTED_EDGE('',*,*,#4228,.F.);
#5830=ORIENTED_EDGE('',*,*,#4225,.F.);
#5831=ORIENTED_EDGE('',*,*,#4222,.F.);
#5832=ORIENTED_EDGE('',*,*,#4219,.F.);
#5833=ORIENTED_EDGE('',*,*,#4216,.F.);
#5834=ORIENTED_EDGE('',*,*,#4213,.F.);
#5835=ORIENTED_EDGE('',*,*,#4210,.F.);
#5836=ORIENTED_EDGE('',*,*,#4207,.F.);
#5837=ORIENTED_EDGE('',*,*,#4204,.F.);
#5838=ORIENTED_EDGE('',*,*,#4201,.F.);
#5839=ORIENTED_EDGE('',*,*,#4253,.F.);
#5840=ORIENTED_EDGE('',*,*,#4256,.F.);
#5841=ORIENTED_EDGE('',*,*,#4259,.F.);
#5842=ORIENTED_EDGE('',*,*,#4262,.F.);
#5843=ORIENTED_EDGE('',*,*,#4265,.F.);
#5844=ORIENTED_EDGE('',*,*,#4268,.F.);
#5845=ORIENTED_EDGE('',*,*,#4271,.F.);
#5846=ORIENTED_EDGE('',*,*,#4274,.F.);
#5847=ORIENTED_EDGE('',*,*,#4277,.F.);
#5848=ORIENTED_EDGE('',*,*,#4280,.F.);
#5849=ORIENTED_EDGE('',*,*,#4283,.F.);
#5850=ORIENTED_EDGE('',*,*,#4286,.F.);
#5851=ORIENTED_EDGE('',*,*,#4289,.F.);
#5852=ORIENTED_EDGE('',*,*,#4292,.F.);
#5853=ORIENTED_EDGE('',*,*,#4295,.F.);
#5854=ORIENTED_EDGE('',*,*,#4297,.F.);
#5855=ORIENTED_EDGE('',*,*,#4298,.F.);
#5856=ORIENTED_EDGE('',*,*,#4299,.T.);
#5857=ORIENTED_EDGE('',*,*,#4300,.T.);
#5858=ORIENTED_EDGE('',*,*,#4301,.F.);
#5859=ORIENTED_EDGE('',*,*,#4302,.F.);
#5860=ORIENTED_EDGE('',*,*,#4301,.T.);
#5861=ORIENTED_EDGE('',*,*,#4303,.T.);
#5862=ORIENTED_EDGE('',*,*,#4304,.F.);
#5863=ORIENTED_EDGE('',*,*,#4305,.F.);
#5864=ORIENTED_EDGE('',*,*,#4304,.T.);
#5865=ORIENTED_EDGE('',*,*,#4306,.T.);
#5866=ORIENTED_EDGE('',*,*,#4307,.F.);
#5867=ORIENTED_EDGE('',*,*,#4308,.F.);
#5868=ORIENTED_EDGE('',*,*,#4307,.T.);
#5869=ORIENTED_EDGE('',*,*,#4309,.T.);
#5870=ORIENTED_EDGE('',*,*,#4310,.F.);
#5871=ORIENTED_EDGE('',*,*,#4311,.F.);
#5872=ORIENTED_EDGE('',*,*,#4310,.T.);
#5873=ORIENTED_EDGE('',*,*,#4312,.T.);
#5874=ORIENTED_EDGE('',*,*,#4313,.F.);
#5875=ORIENTED_EDGE('',*,*,#4314,.F.);
#5876=ORIENTED_EDGE('',*,*,#4313,.T.);
#5877=ORIENTED_EDGE('',*,*,#4315,.T.);
#5878=ORIENTED_EDGE('',*,*,#4316,.F.);
#5879=ORIENTED_EDGE('',*,*,#4317,.F.);
#5880=ORIENTED_EDGE('',*,*,#4316,.T.);
#5881=ORIENTED_EDGE('',*,*,#4318,.T.);
#5882=ORIENTED_EDGE('',*,*,#4319,.F.);
#5883=ORIENTED_EDGE('',*,*,#4320,.F.);
#5884=ORIENTED_EDGE('',*,*,#4319,.T.);
#5885=ORIENTED_EDGE('',*,*,#4321,.T.);
#5886=ORIENTED_EDGE('',*,*,#4322,.F.);
#5887=ORIENTED_EDGE('',*,*,#4323,.F.);
#5888=ORIENTED_EDGE('',*,*,#4322,.T.);
#5889=ORIENTED_EDGE('',*,*,#4324,.T.);
#5890=ORIENTED_EDGE('',*,*,#4325,.F.);
#5891=ORIENTED_EDGE('',*,*,#4326,.F.);
#5892=ORIENTED_EDGE('',*,*,#4325,.T.);
#5893=ORIENTED_EDGE('',*,*,#4327,.T.);
#5894=ORIENTED_EDGE('',*,*,#4328,.F.);
#5895=ORIENTED_EDGE('',*,*,#4329,.F.);
#5896=ORIENTED_EDGE('',*,*,#4328,.T.);
#5897=ORIENTED_EDGE('',*,*,#4330,.T.);
#5898=ORIENTED_EDGE('',*,*,#4331,.F.);
#5899=ORIENTED_EDGE('',*,*,#4332,.F.);
#5900=ORIENTED_EDGE('',*,*,#4331,.T.);
#5901=ORIENTED_EDGE('',*,*,#4333,.T.);
#5902=ORIENTED_EDGE('',*,*,#4334,.F.);
#5903=ORIENTED_EDGE('',*,*,#4335,.F.);
#5904=ORIENTED_EDGE('',*,*,#4334,.T.);
#5905=ORIENTED_EDGE('',*,*,#4336,.T.);
#5906=ORIENTED_EDGE('',*,*,#4337,.F.);
#5907=ORIENTED_EDGE('',*,*,#4338,.F.);
#5908=ORIENTED_EDGE('',*,*,#4337,.T.);
#5909=ORIENTED_EDGE('',*,*,#4339,.T.);
#5910=ORIENTED_EDGE('',*,*,#4340,.F.);
#5911=ORIENTED_EDGE('',*,*,#4341,.F.);
#5912=ORIENTED_EDGE('',*,*,#4342,.T.);
#5913=ORIENTED_EDGE('',*,*,#4343,.T.);
#5914=ORIENTED_EDGE('',*,*,#4299,.F.);
#5915=ORIENTED_EDGE('',*,*,#4344,.F.);
#5916=ORIENTED_EDGE('',*,*,#4345,.T.);
#5917=ORIENTED_EDGE('',*,*,#4346,.T.);
#5918=ORIENTED_EDGE('',*,*,#4342,.F.);
#5919=ORIENTED_EDGE('',*,*,#4347,.F.);
#5920=ORIENTED_EDGE('',*,*,#4348,.T.);
#5921=ORIENTED_EDGE('',*,*,#4349,.T.);
#5922=ORIENTED_EDGE('',*,*,#4345,.F.);
#5923=ORIENTED_EDGE('',*,*,#4350,.F.);
#5924=ORIENTED_EDGE('',*,*,#4351,.T.);
#5925=ORIENTED_EDGE('',*,*,#4352,.T.);
#5926=ORIENTED_EDGE('',*,*,#4348,.F.);
#5927=ORIENTED_EDGE('',*,*,#4353,.F.);
#5928=ORIENTED_EDGE('',*,*,#4354,.T.);
#5929=ORIENTED_EDGE('',*,*,#4355,.T.);
#5930=ORIENTED_EDGE('',*,*,#4351,.F.);
#5931=ORIENTED_EDGE('',*,*,#4356,.F.);
#5932=ORIENTED_EDGE('',*,*,#4357,.T.);
#5933=ORIENTED_EDGE('',*,*,#4358,.T.);
#5934=ORIENTED_EDGE('',*,*,#4354,.F.);
#5935=ORIENTED_EDGE('',*,*,#4359,.F.);
#5936=ORIENTED_EDGE('',*,*,#4360,.T.);
#5937=ORIENTED_EDGE('',*,*,#4361,.T.);
#5938=ORIENTED_EDGE('',*,*,#4357,.F.);
#5939=ORIENTED_EDGE('',*,*,#4362,.F.);
#5940=ORIENTED_EDGE('',*,*,#4363,.T.);
#5941=ORIENTED_EDGE('',*,*,#4364,.T.);
#5942=ORIENTED_EDGE('',*,*,#4360,.F.);
#5943=ORIENTED_EDGE('',*,*,#4365,.F.);
#5944=ORIENTED_EDGE('',*,*,#4366,.T.);
#5945=ORIENTED_EDGE('',*,*,#4367,.T.);
#5946=ORIENTED_EDGE('',*,*,#4363,.F.);
#5947=ORIENTED_EDGE('',*,*,#4368,.F.);
#5948=ORIENTED_EDGE('',*,*,#4369,.T.);
#5949=ORIENTED_EDGE('',*,*,#4370,.T.);
#5950=ORIENTED_EDGE('',*,*,#4366,.F.);
#5951=ORIENTED_EDGE('',*,*,#4371,.F.);
#5952=ORIENTED_EDGE('',*,*,#4372,.T.);
#5953=ORIENTED_EDGE('',*,*,#4373,.T.);
#5954=ORIENTED_EDGE('',*,*,#4369,.F.);
#5955=ORIENTED_EDGE('',*,*,#4374,.F.);
#5956=ORIENTED_EDGE('',*,*,#4375,.T.);
#5957=ORIENTED_EDGE('',*,*,#4376,.T.);
#5958=ORIENTED_EDGE('',*,*,#4372,.F.);
#5959=ORIENTED_EDGE('',*,*,#4377,.F.);
#5960=ORIENTED_EDGE('',*,*,#4378,.T.);
#5961=ORIENTED_EDGE('',*,*,#4379,.T.);
#5962=ORIENTED_EDGE('',*,*,#4375,.F.);
#5963=ORIENTED_EDGE('',*,*,#4380,.F.);
#5964=ORIENTED_EDGE('',*,*,#4340,.T.);
#5965=ORIENTED_EDGE('',*,*,#4381,.T.);
#5966=ORIENTED_EDGE('',*,*,#4378,.F.);
#5967=ORIENTED_EDGE('',*,*,#4381,.F.);
#5968=ORIENTED_EDGE('',*,*,#4339,.F.);
#5969=ORIENTED_EDGE('',*,*,#4336,.F.);
#5970=ORIENTED_EDGE('',*,*,#4333,.F.);
#5971=ORIENTED_EDGE('',*,*,#4330,.F.);
#5972=ORIENTED_EDGE('',*,*,#4327,.F.);
#5973=ORIENTED_EDGE('',*,*,#4324,.F.);
#5974=ORIENTED_EDGE('',*,*,#4321,.F.);
#5975=ORIENTED_EDGE('',*,*,#4318,.F.);
#5976=ORIENTED_EDGE('',*,*,#4315,.F.);
#5977=ORIENTED_EDGE('',*,*,#4312,.F.);
#5978=ORIENTED_EDGE('',*,*,#4309,.F.);
#5979=ORIENTED_EDGE('',*,*,#4306,.F.);
#5980=ORIENTED_EDGE('',*,*,#4303,.F.);
#5981=ORIENTED_EDGE('',*,*,#4300,.F.);
#5982=ORIENTED_EDGE('',*,*,#4343,.F.);
#5983=ORIENTED_EDGE('',*,*,#4346,.F.);
#5984=ORIENTED_EDGE('',*,*,#4349,.F.);
#5985=ORIENTED_EDGE('',*,*,#4352,.F.);
#5986=ORIENTED_EDGE('',*,*,#4355,.F.);
#5987=ORIENTED_EDGE('',*,*,#4358,.F.);
#5988=ORIENTED_EDGE('',*,*,#4361,.F.);
#5989=ORIENTED_EDGE('',*,*,#4364,.F.);
#5990=ORIENTED_EDGE('',*,*,#4367,.F.);
#5991=ORIENTED_EDGE('',*,*,#4370,.F.);
#5992=ORIENTED_EDGE('',*,*,#4373,.F.);
#5993=ORIENTED_EDGE('',*,*,#4376,.F.);
#5994=ORIENTED_EDGE('',*,*,#4379,.F.);
#5995=ORIENTED_EDGE('',*,*,#4382,.F.);
#5996=ORIENTED_EDGE('',*,*,#4383,.T.);
#5997=ORIENTED_EDGE('',*,*,#4384,.T.);
#5998=ORIENTED_EDGE('',*,*,#4385,.F.);
#5999=ORIENTED_EDGE('',*,*,#4386,.F.);
#6000=ORIENTED_EDGE('',*,*,#4385,.T.);
#6001=ORIENTED_EDGE('',*,*,#4387,.T.);
#6002=ORIENTED_EDGE('',*,*,#4388,.F.);
#6003=ORIENTED_EDGE('',*,*,#4389,.F.);
#6004=ORIENTED_EDGE('',*,*,#4390,.T.);
#6005=ORIENTED_EDGE('',*,*,#4391,.T.);
#6006=ORIENTED_EDGE('',*,*,#4383,.F.);
#6007=ORIENTED_EDGE('',*,*,#4392,.F.);
#6008=ORIENTED_EDGE('',*,*,#4388,.T.);
#6009=ORIENTED_EDGE('',*,*,#4393,.T.);
#6010=ORIENTED_EDGE('',*,*,#4390,.F.);
#6011=ORIENTED_EDGE('',*,*,#4393,.F.);
#6012=ORIENTED_EDGE('',*,*,#4387,.F.);
#6013=ORIENTED_EDGE('',*,*,#4384,.F.);
#6014=ORIENTED_EDGE('',*,*,#4391,.F.);
#6015=ORIENTED_EDGE('',*,*,#4394,.F.);
#6016=ORIENTED_EDGE('',*,*,#4395,.T.);
#6017=ORIENTED_EDGE('',*,*,#4396,.T.);
#6018=ORIENTED_EDGE('',*,*,#4397,.F.);
#6019=ORIENTED_EDGE('',*,*,#4398,.F.);
#6020=ORIENTED_EDGE('',*,*,#4397,.T.);
#6021=ORIENTED_EDGE('',*,*,#4399,.T.);
#6022=ORIENTED_EDGE('',*,*,#4400,.F.);
#6023=ORIENTED_EDGE('',*,*,#4401,.F.);
#6024=ORIENTED_EDGE('',*,*,#4400,.T.);
#6025=ORIENTED_EDGE('',*,*,#4402,.T.);
#6026=ORIENTED_EDGE('',*,*,#4403,.F.);
#6027=ORIENTED_EDGE('',*,*,#4404,.F.);
#6028=ORIENTED_EDGE('',*,*,#4403,.T.);
#6029=ORIENTED_EDGE('',*,*,#4405,.T.);
#6030=ORIENTED_EDGE('',*,*,#4406,.F.);
#6031=ORIENTED_EDGE('',*,*,#4407,.F.);
#6032=ORIENTED_EDGE('',*,*,#4406,.T.);
#6033=ORIENTED_EDGE('',*,*,#4408,.T.);
#6034=ORIENTED_EDGE('',*,*,#4409,.F.);
#6035=ORIENTED_EDGE('',*,*,#4410,.F.);
#6036=ORIENTED_EDGE('',*,*,#4409,.T.);
#6037=ORIENTED_EDGE('',*,*,#4411,.T.);
#6038=ORIENTED_EDGE('',*,*,#4412,.F.);
#6039=ORIENTED_EDGE('',*,*,#4413,.F.);
#6040=ORIENTED_EDGE('',*,*,#4412,.T.);
#6041=ORIENTED_EDGE('',*,*,#4414,.T.);
#6042=ORIENTED_EDGE('',*,*,#4415,.F.);
#6043=ORIENTED_EDGE('',*,*,#4416,.F.);
#6044=ORIENTED_EDGE('',*,*,#4417,.T.);
#6045=ORIENTED_EDGE('',*,*,#4418,.T.);
#6046=ORIENTED_EDGE('',*,*,#4395,.F.);
#6047=ORIENTED_EDGE('',*,*,#4419,.F.);
#6048=ORIENTED_EDGE('',*,*,#4420,.T.);
#6049=ORIENTED_EDGE('',*,*,#4421,.T.);
#6050=ORIENTED_EDGE('',*,*,#4417,.F.);
#6051=ORIENTED_EDGE('',*,*,#4422,.F.);
#6052=ORIENTED_EDGE('',*,*,#4423,.T.);
#6053=ORIENTED_EDGE('',*,*,#4424,.T.);
#6054=ORIENTED_EDGE('',*,*,#4420,.F.);
#6055=ORIENTED_EDGE('',*,*,#4425,.F.);
#6056=ORIENTED_EDGE('',*,*,#4426,.T.);
#6057=ORIENTED_EDGE('',*,*,#4427,.T.);
#6058=ORIENTED_EDGE('',*,*,#4423,.F.);
#6059=ORIENTED_EDGE('',*,*,#4428,.F.);
#6060=ORIENTED_EDGE('',*,*,#4429,.T.);
#6061=ORIENTED_EDGE('',*,*,#4430,.T.);
#6062=ORIENTED_EDGE('',*,*,#4426,.F.);
#6063=ORIENTED_EDGE('',*,*,#4431,.F.);
#6064=ORIENTED_EDGE('',*,*,#4415,.T.);
#6065=ORIENTED_EDGE('',*,*,#4432,.T.);
#6066=ORIENTED_EDGE('',*,*,#4429,.F.);
#6067=ORIENTED_EDGE('',*,*,#4432,.F.);
#6068=ORIENTED_EDGE('',*,*,#4414,.F.);
#6069=ORIENTED_EDGE('',*,*,#4411,.F.);
#6070=ORIENTED_EDGE('',*,*,#4408,.F.);
#6071=ORIENTED_EDGE('',*,*,#4405,.F.);
#6072=ORIENTED_EDGE('',*,*,#4402,.F.);
#6073=ORIENTED_EDGE('',*,*,#4399,.F.);
#6074=ORIENTED_EDGE('',*,*,#4396,.F.);
#6075=ORIENTED_EDGE('',*,*,#4418,.F.);
#6076=ORIENTED_EDGE('',*,*,#4421,.F.);
#6077=ORIENTED_EDGE('',*,*,#4424,.F.);
#6078=ORIENTED_EDGE('',*,*,#4427,.F.);
#6079=ORIENTED_EDGE('',*,*,#4430,.F.);
#6080=ORIENTED_EDGE('',*,*,#4433,.F.);
#6081=ORIENTED_EDGE('',*,*,#4434,.T.);
#6082=ORIENTED_EDGE('',*,*,#4435,.T.);
#6083=ORIENTED_EDGE('',*,*,#4436,.F.);
#6084=ORIENTED_EDGE('',*,*,#4437,.F.);
#6085=ORIENTED_EDGE('',*,*,#4436,.T.);
#6086=ORIENTED_EDGE('',*,*,#4438,.T.);
#6087=ORIENTED_EDGE('',*,*,#4439,.F.);
#6088=ORIENTED_EDGE('',*,*,#4440,.F.);
#6089=ORIENTED_EDGE('',*,*,#4439,.T.);
#6090=ORIENTED_EDGE('',*,*,#4441,.T.);
#6091=ORIENTED_EDGE('',*,*,#4442,.F.);
#6092=ORIENTED_EDGE('',*,*,#4443,.F.);
#6093=ORIENTED_EDGE('',*,*,#4442,.T.);
#6094=ORIENTED_EDGE('',*,*,#4444,.T.);
#6095=ORIENTED_EDGE('',*,*,#4445,.F.);
#6096=ORIENTED_EDGE('',*,*,#4446,.F.);
#6097=ORIENTED_EDGE('',*,*,#4447,.T.);
#6098=ORIENTED_EDGE('',*,*,#4448,.T.);
#6099=ORIENTED_EDGE('',*,*,#4449,.F.);
#6100=ORIENTED_EDGE('',*,*,#4450,.F.);
#6101=ORIENTED_EDGE('',*,*,#4449,.T.);
#6102=ORIENTED_EDGE('',*,*,#4451,.T.);
#6103=ORIENTED_EDGE('',*,*,#4452,.F.);
#6104=ORIENTED_EDGE('',*,*,#4453,.F.);
#6105=ORIENTED_EDGE('',*,*,#4452,.T.);
#6106=ORIENTED_EDGE('',*,*,#4454,.T.);
#6107=ORIENTED_EDGE('',*,*,#4455,.F.);
#6108=ORIENTED_EDGE('',*,*,#4456,.F.);
#6109=ORIENTED_EDGE('',*,*,#4455,.T.);
#6110=ORIENTED_EDGE('',*,*,#4457,.T.);
#6111=ORIENTED_EDGE('',*,*,#4458,.F.);
#6112=ORIENTED_EDGE('',*,*,#4459,.F.);
#6113=ORIENTED_EDGE('',*,*,#4458,.T.);
#6114=ORIENTED_EDGE('',*,*,#4460,.T.);
#6115=ORIENTED_EDGE('',*,*,#4461,.F.);
#6116=ORIENTED_EDGE('',*,*,#4462,.F.);
#6117=ORIENTED_EDGE('',*,*,#4461,.T.);
#6118=ORIENTED_EDGE('',*,*,#4463,.T.);
#6119=ORIENTED_EDGE('',*,*,#4464,.F.);
#6120=ORIENTED_EDGE('',*,*,#4465,.F.);
#6121=ORIENTED_EDGE('',*,*,#4464,.T.);
#6122=ORIENTED_EDGE('',*,*,#4466,.T.);
#6123=ORIENTED_EDGE('',*,*,#4467,.F.);
#6124=ORIENTED_EDGE('',*,*,#4468,.F.);
#6125=ORIENTED_EDGE('',*,*,#4469,.T.);
#6126=ORIENTED_EDGE('',*,*,#4470,.T.);
#6127=ORIENTED_EDGE('',*,*,#4434,.F.);
#6128=ORIENTED_EDGE('',*,*,#4471,.F.);
#6129=ORIENTED_EDGE('',*,*,#4472,.T.);
#6130=ORIENTED_EDGE('',*,*,#4473,.T.);
#6131=ORIENTED_EDGE('',*,*,#4469,.F.);
#6132=ORIENTED_EDGE('',*,*,#4474,.F.);
#6133=ORIENTED_EDGE('',*,*,#4475,.T.);
#6134=ORIENTED_EDGE('',*,*,#4476,.T.);
#6135=ORIENTED_EDGE('',*,*,#4472,.F.);
#6136=ORIENTED_EDGE('',*,*,#4477,.F.);
#6137=ORIENTED_EDGE('',*,*,#4445,.T.);
#6138=ORIENTED_EDGE('',*,*,#4478,.T.);
#6139=ORIENTED_EDGE('',*,*,#4475,.F.);
#6140=ORIENTED_EDGE('',*,*,#4479,.F.);
#6141=ORIENTED_EDGE('',*,*,#4467,.T.);
#6142=ORIENTED_EDGE('',*,*,#4480,.T.);
#6143=ORIENTED_EDGE('',*,*,#4481,.F.);
#6144=ORIENTED_EDGE('',*,*,#4482,.F.);
#6145=ORIENTED_EDGE('',*,*,#4483,.T.);
#6146=ORIENTED_EDGE('',*,*,#4484,.T.);
#6147=ORIENTED_EDGE('',*,*,#4447,.F.);
#6148=ORIENTED_EDGE('',*,*,#4485,.F.);
#6149=ORIENTED_EDGE('',*,*,#4486,.T.);
#6150=ORIENTED_EDGE('',*,*,#4487,.T.);
#6151=ORIENTED_EDGE('',*,*,#4483,.F.);
#6152=ORIENTED_EDGE('',*,*,#4488,.F.);
#6153=ORIENTED_EDGE('',*,*,#4489,.T.);
#6154=ORIENTED_EDGE('',*,*,#4490,.T.);
#6155=ORIENTED_EDGE('',*,*,#4486,.F.);
#6156=ORIENTED_EDGE('',*,*,#4491,.F.);
#6157=ORIENTED_EDGE('',*,*,#4492,.T.);
#6158=ORIENTED_EDGE('',*,*,#4493,.T.);
#6159=ORIENTED_EDGE('',*,*,#4489,.F.);
#6160=ORIENTED_EDGE('',*,*,#4494,.F.);
#6161=ORIENTED_EDGE('',*,*,#4495,.T.);
#6162=ORIENTED_EDGE('',*,*,#4496,.T.);
#6163=ORIENTED_EDGE('',*,*,#4492,.F.);
#6164=ORIENTED_EDGE('',*,*,#4497,.F.);
#6165=ORIENTED_EDGE('',*,*,#4498,.T.);
#6166=ORIENTED_EDGE('',*,*,#4499,.T.);
#6167=ORIENTED_EDGE('',*,*,#4495,.F.);
#6168=ORIENTED_EDGE('',*,*,#4500,.F.);
#6169=ORIENTED_EDGE('',*,*,#4481,.T.);
#6170=ORIENTED_EDGE('',*,*,#4501,.T.);
#6171=ORIENTED_EDGE('',*,*,#4498,.F.);
#6172=ORIENTED_EDGE('',*,*,#4501,.F.);
#6173=ORIENTED_EDGE('',*,*,#4480,.F.);
#6174=ORIENTED_EDGE('',*,*,#4466,.F.);
#6175=ORIENTED_EDGE('',*,*,#4463,.F.);
#6176=ORIENTED_EDGE('',*,*,#4460,.F.);
#6177=ORIENTED_EDGE('',*,*,#4457,.F.);
#6178=ORIENTED_EDGE('',*,*,#4454,.F.);
#6179=ORIENTED_EDGE('',*,*,#4451,.F.);
#6180=ORIENTED_EDGE('',*,*,#4448,.F.);
#6181=ORIENTED_EDGE('',*,*,#4484,.F.);
#6182=ORIENTED_EDGE('',*,*,#4487,.F.);
#6183=ORIENTED_EDGE('',*,*,#4490,.F.);
#6184=ORIENTED_EDGE('',*,*,#4493,.F.);
#6185=ORIENTED_EDGE('',*,*,#4496,.F.);
#6186=ORIENTED_EDGE('',*,*,#4499,.F.);
#6187=ORIENTED_EDGE('',*,*,#4444,.F.);
#6188=ORIENTED_EDGE('',*,*,#4441,.F.);
#6189=ORIENTED_EDGE('',*,*,#4438,.F.);
#6190=ORIENTED_EDGE('',*,*,#4435,.F.);
#6191=ORIENTED_EDGE('',*,*,#4470,.F.);
#6192=ORIENTED_EDGE('',*,*,#4473,.F.);
#6193=ORIENTED_EDGE('',*,*,#4476,.F.);
#6194=ORIENTED_EDGE('',*,*,#4478,.F.);
#6195=ORIENTED_EDGE('',*,*,#4502,.F.);
#6196=ORIENTED_EDGE('',*,*,#4503,.T.);
#6197=ORIENTED_EDGE('',*,*,#4504,.T.);
#6198=ORIENTED_EDGE('',*,*,#4505,.F.);
#6199=ORIENTED_EDGE('',*,*,#4506,.F.);
#6200=ORIENTED_EDGE('',*,*,#4505,.T.);
#6201=ORIENTED_EDGE('',*,*,#4507,.T.);
#6202=ORIENTED_EDGE('',*,*,#4508,.F.);
#6203=ORIENTED_EDGE('',*,*,#4509,.F.);
#6204=ORIENTED_EDGE('',*,*,#4508,.T.);
#6205=ORIENTED_EDGE('',*,*,#4510,.T.);
#6206=ORIENTED_EDGE('',*,*,#4511,.F.);
#6207=ORIENTED_EDGE('',*,*,#4512,.F.);
#6208=ORIENTED_EDGE('',*,*,#4511,.T.);
#6209=ORIENTED_EDGE('',*,*,#4513,.T.);
#6210=ORIENTED_EDGE('',*,*,#4514,.F.);
#6211=ORIENTED_EDGE('',*,*,#4515,.F.);
#6212=ORIENTED_EDGE('',*,*,#4516,.T.);
#6213=ORIENTED_EDGE('',*,*,#4517,.T.);
#6214=ORIENTED_EDGE('',*,*,#4518,.F.);
#6215=ORIENTED_EDGE('',*,*,#4519,.F.);
#6216=ORIENTED_EDGE('',*,*,#4518,.T.);
#6217=ORIENTED_EDGE('',*,*,#4520,.T.);
#6218=ORIENTED_EDGE('',*,*,#4521,.F.);
#6219=ORIENTED_EDGE('',*,*,#4522,.F.);
#6220=ORIENTED_EDGE('',*,*,#4521,.T.);
#6221=ORIENTED_EDGE('',*,*,#4523,.T.);
#6222=ORIENTED_EDGE('',*,*,#4524,.F.);
#6223=ORIENTED_EDGE('',*,*,#4525,.F.);
#6224=ORIENTED_EDGE('',*,*,#4524,.T.);
#6225=ORIENTED_EDGE('',*,*,#4526,.T.);
#6226=ORIENTED_EDGE('',*,*,#4527,.F.);
#6227=ORIENTED_EDGE('',*,*,#4528,.F.);
#6228=ORIENTED_EDGE('',*,*,#4527,.T.);
#6229=ORIENTED_EDGE('',*,*,#4529,.T.);
#6230=ORIENTED_EDGE('',*,*,#4530,.F.);
#6231=ORIENTED_EDGE('',*,*,#4531,.F.);
#6232=ORIENTED_EDGE('',*,*,#4530,.T.);
#6233=ORIENTED_EDGE('',*,*,#4532,.T.);
#6234=ORIENTED_EDGE('',*,*,#4533,.F.);
#6235=ORIENTED_EDGE('',*,*,#4534,.F.);
#6236=ORIENTED_EDGE('',*,*,#4533,.T.);
#6237=ORIENTED_EDGE('',*,*,#4535,.T.);
#6238=ORIENTED_EDGE('',*,*,#4536,.F.);
#6239=ORIENTED_EDGE('',*,*,#4537,.F.);
#6240=ORIENTED_EDGE('',*,*,#4538,.T.);
#6241=ORIENTED_EDGE('',*,*,#4539,.T.);
#6242=ORIENTED_EDGE('',*,*,#4503,.F.);
#6243=ORIENTED_EDGE('',*,*,#4540,.F.);
#6244=ORIENTED_EDGE('',*,*,#4541,.T.);
#6245=ORIENTED_EDGE('',*,*,#4542,.T.);
#6246=ORIENTED_EDGE('',*,*,#4538,.F.);
#6247=ORIENTED_EDGE('',*,*,#4543,.F.);
#6248=ORIENTED_EDGE('',*,*,#4544,.T.);
#6249=ORIENTED_EDGE('',*,*,#4545,.T.);
#6250=ORIENTED_EDGE('',*,*,#4541,.F.);
#6251=ORIENTED_EDGE('',*,*,#4546,.F.);
#6252=ORIENTED_EDGE('',*,*,#4514,.T.);
#6253=ORIENTED_EDGE('',*,*,#4547,.T.);
#6254=ORIENTED_EDGE('',*,*,#4544,.F.);
#6255=ORIENTED_EDGE('',*,*,#4548,.F.);
#6256=ORIENTED_EDGE('',*,*,#4549,.T.);
#6257=ORIENTED_EDGE('',*,*,#4550,.T.);
#6258=ORIENTED_EDGE('',*,*,#4516,.F.);
#6259=ORIENTED_EDGE('',*,*,#4551,.F.);
#6260=ORIENTED_EDGE('',*,*,#4552,.T.);
#6261=ORIENTED_EDGE('',*,*,#4553,.T.);
#6262=ORIENTED_EDGE('',*,*,#4549,.F.);
#6263=ORIENTED_EDGE('',*,*,#4554,.F.);
#6264=ORIENTED_EDGE('',*,*,#4555,.T.);
#6265=ORIENTED_EDGE('',*,*,#4556,.T.);
#6266=ORIENTED_EDGE('',*,*,#4552,.F.);
#6267=ORIENTED_EDGE('',*,*,#4557,.F.);
#6268=ORIENTED_EDGE('',*,*,#4558,.T.);
#6269=ORIENTED_EDGE('',*,*,#4559,.T.);
#6270=ORIENTED_EDGE('',*,*,#4555,.F.);
#6271=ORIENTED_EDGE('',*,*,#4560,.F.);
#6272=ORIENTED_EDGE('',*,*,#4561,.T.);
#6273=ORIENTED_EDGE('',*,*,#4562,.T.);
#6274=ORIENTED_EDGE('',*,*,#4558,.F.);
#6275=ORIENTED_EDGE('',*,*,#4563,.F.);
#6276=ORIENTED_EDGE('',*,*,#4564,.T.);
#6277=ORIENTED_EDGE('',*,*,#4565,.T.);
#6278=ORIENTED_EDGE('',*,*,#4561,.F.);
#6279=ORIENTED_EDGE('',*,*,#4566,.F.);
#6280=ORIENTED_EDGE('',*,*,#4536,.T.);
#6281=ORIENTED_EDGE('',*,*,#4567,.T.);
#6282=ORIENTED_EDGE('',*,*,#4564,.F.);
#6283=ORIENTED_EDGE('',*,*,#4535,.F.);
#6284=ORIENTED_EDGE('',*,*,#4532,.F.);
#6285=ORIENTED_EDGE('',*,*,#4529,.F.);
#6286=ORIENTED_EDGE('',*,*,#4526,.F.);
#6287=ORIENTED_EDGE('',*,*,#4523,.F.);
#6288=ORIENTED_EDGE('',*,*,#4520,.F.);
#6289=ORIENTED_EDGE('',*,*,#4517,.F.);
#6290=ORIENTED_EDGE('',*,*,#4550,.F.);
#6291=ORIENTED_EDGE('',*,*,#4553,.F.);
#6292=ORIENTED_EDGE('',*,*,#4556,.F.);
#6293=ORIENTED_EDGE('',*,*,#4559,.F.);
#6294=ORIENTED_EDGE('',*,*,#4562,.F.);
#6295=ORIENTED_EDGE('',*,*,#4565,.F.);
#6296=ORIENTED_EDGE('',*,*,#4567,.F.);
#6297=ORIENTED_EDGE('',*,*,#4513,.F.);
#6298=ORIENTED_EDGE('',*,*,#4510,.F.);
#6299=ORIENTED_EDGE('',*,*,#4507,.F.);
#6300=ORIENTED_EDGE('',*,*,#4504,.F.);
#6301=ORIENTED_EDGE('',*,*,#4539,.F.);
#6302=ORIENTED_EDGE('',*,*,#4542,.F.);
#6303=ORIENTED_EDGE('',*,*,#4545,.F.);
#6304=ORIENTED_EDGE('',*,*,#4547,.F.);
#6305=ORIENTED_EDGE('',*,*,#4568,.F.);
#6306=ORIENTED_EDGE('',*,*,#4569,.F.);
#6307=ORIENTED_EDGE('',*,*,#4570,.F.);
#6308=ORIENTED_EDGE('',*,*,#4571,.F.);
#6309=ORIENTED_EDGE('',*,*,#4572,.F.);
#6310=ORIENTED_EDGE('',*,*,#4573,.F.);
#6311=ORIENTED_EDGE('',*,*,#4574,.F.);
#6312=ORIENTED_EDGE('',*,*,#4575,.F.);
#6313=ORIENTED_EDGE('',*,*,#4089,.T.);
#6314=ORIENTED_EDGE('',*,*,#4086,.T.);
#6315=ORIENTED_EDGE('',*,*,#4083,.T.);
#6316=ORIENTED_EDGE('',*,*,#4080,.T.);
#6317=ORIENTED_EDGE('',*,*,#4077,.T.);
#6318=ORIENTED_EDGE('',*,*,#4074,.T.);
#6319=ORIENTED_EDGE('',*,*,#4055,.T.);
#6320=ORIENTED_EDGE('',*,*,#4059,.T.);
#6321=ORIENTED_EDGE('',*,*,#4062,.T.);
#6322=ORIENTED_EDGE('',*,*,#4065,.T.);
#6323=ORIENTED_EDGE('',*,*,#4068,.T.);
#6324=ORIENTED_EDGE('',*,*,#4071,.T.);
#6325=ORIENTED_EDGE('',*,*,#4053,.T.);
#6326=ORIENTED_EDGE('',*,*,#4050,.T.);
#6327=ORIENTED_EDGE('',*,*,#4047,.T.);
#6328=ORIENTED_EDGE('',*,*,#4044,.T.);
#6329=ORIENTED_EDGE('',*,*,#4041,.T.);
#6330=ORIENTED_EDGE('',*,*,#4038,.T.);
#6331=ORIENTED_EDGE('',*,*,#4035,.T.);
#6332=ORIENTED_EDGE('',*,*,#4032,.T.);
#6333=ORIENTED_EDGE('',*,*,#4029,.T.);
#6334=ORIENTED_EDGE('',*,*,#4026,.T.);
#6335=ORIENTED_EDGE('',*,*,#4023,.T.);
#6336=ORIENTED_EDGE('',*,*,#4020,.T.);
#6337=ORIENTED_EDGE('',*,*,#4017,.T.);
#6338=ORIENTED_EDGE('',*,*,#4014,.T.);
#6339=ORIENTED_EDGE('',*,*,#4011,.T.);
#6340=ORIENTED_EDGE('',*,*,#4008,.T.);
#6341=ORIENTED_EDGE('',*,*,#3956,.T.);
#6342=ORIENTED_EDGE('',*,*,#3960,.T.);
#6343=ORIENTED_EDGE('',*,*,#3963,.T.);
#6344=ORIENTED_EDGE('',*,*,#3966,.T.);
#6345=ORIENTED_EDGE('',*,*,#3969,.T.);
#6346=ORIENTED_EDGE('',*,*,#3972,.T.);
#6347=ORIENTED_EDGE('',*,*,#3975,.T.);
#6348=ORIENTED_EDGE('',*,*,#3978,.T.);
#6349=ORIENTED_EDGE('',*,*,#3981,.T.);
#6350=ORIENTED_EDGE('',*,*,#3984,.T.);
#6351=ORIENTED_EDGE('',*,*,#3987,.T.);
#6352=ORIENTED_EDGE('',*,*,#3990,.T.);
#6353=ORIENTED_EDGE('',*,*,#3993,.T.);
#6354=ORIENTED_EDGE('',*,*,#3996,.T.);
#6355=ORIENTED_EDGE('',*,*,#3999,.T.);
#6356=ORIENTED_EDGE('',*,*,#4002,.T.);
#6357=ORIENTED_EDGE('',*,*,#4005,.T.);
#6358=ORIENTED_EDGE('',*,*,#3954,.T.);
#6359=ORIENTED_EDGE('',*,*,#3951,.T.);
#6360=ORIENTED_EDGE('',*,*,#3948,.T.);
#6361=ORIENTED_EDGE('',*,*,#3945,.T.);
#6362=ORIENTED_EDGE('',*,*,#3942,.T.);
#6363=ORIENTED_EDGE('',*,*,#3939,.T.);
#6364=ORIENTED_EDGE('',*,*,#3936,.T.);
#6365=ORIENTED_EDGE('',*,*,#3933,.T.);
#6366=ORIENTED_EDGE('',*,*,#3930,.T.);
#6367=ORIENTED_EDGE('',*,*,#3899,.T.);
#6368=ORIENTED_EDGE('',*,*,#3903,.T.);
#6369=ORIENTED_EDGE('',*,*,#3906,.T.);
#6370=ORIENTED_EDGE('',*,*,#3909,.T.);
#6371=ORIENTED_EDGE('',*,*,#3912,.T.);
#6372=ORIENTED_EDGE('',*,*,#3915,.T.);
#6373=ORIENTED_EDGE('',*,*,#3918,.T.);
#6374=ORIENTED_EDGE('',*,*,#3921,.T.);
#6375=ORIENTED_EDGE('',*,*,#3924,.T.);
#6376=ORIENTED_EDGE('',*,*,#3927,.T.);
#6377=ORIENTED_EDGE('',*,*,#4296,.T.);
#6378=ORIENTED_EDGE('',*,*,#4293,.T.);
#6379=ORIENTED_EDGE('',*,*,#4290,.T.);
#6380=ORIENTED_EDGE('',*,*,#4287,.T.);
#6381=ORIENTED_EDGE('',*,*,#4284,.T.);
#6382=ORIENTED_EDGE('',*,*,#4281,.T.);
#6383=ORIENTED_EDGE('',*,*,#4278,.T.);
#6384=ORIENTED_EDGE('',*,*,#4275,.T.);
#6385=ORIENTED_EDGE('',*,*,#4272,.T.);
#6386=ORIENTED_EDGE('',*,*,#4269,.T.);
#6387=ORIENTED_EDGE('',*,*,#4266,.T.);
#6388=ORIENTED_EDGE('',*,*,#4263,.T.);
#6389=ORIENTED_EDGE('',*,*,#4260,.T.);
#6390=ORIENTED_EDGE('',*,*,#4257,.T.);
#6391=ORIENTED_EDGE('',*,*,#4254,.T.);
#6392=ORIENTED_EDGE('',*,*,#4251,.T.);
#6393=ORIENTED_EDGE('',*,*,#4199,.T.);
#6394=ORIENTED_EDGE('',*,*,#4203,.T.);
#6395=ORIENTED_EDGE('',*,*,#4206,.T.);
#6396=ORIENTED_EDGE('',*,*,#4209,.T.);
#6397=ORIENTED_EDGE('',*,*,#4212,.T.);
#6398=ORIENTED_EDGE('',*,*,#4215,.T.);
#6399=ORIENTED_EDGE('',*,*,#4218,.T.);
#6400=ORIENTED_EDGE('',*,*,#4221,.T.);
#6401=ORIENTED_EDGE('',*,*,#4224,.T.);
#6402=ORIENTED_EDGE('',*,*,#4227,.T.);
#6403=ORIENTED_EDGE('',*,*,#4230,.T.);
#6404=ORIENTED_EDGE('',*,*,#4233,.T.);
#6405=ORIENTED_EDGE('',*,*,#4236,.T.);
#6406=ORIENTED_EDGE('',*,*,#4239,.T.);
#6407=ORIENTED_EDGE('',*,*,#4242,.T.);
#6408=ORIENTED_EDGE('',*,*,#4245,.T.);
#6409=ORIENTED_EDGE('',*,*,#4248,.T.);
#6410=ORIENTED_EDGE('',*,*,#4497,.T.);
#6411=ORIENTED_EDGE('',*,*,#4494,.T.);
#6412=ORIENTED_EDGE('',*,*,#4491,.T.);
#6413=ORIENTED_EDGE('',*,*,#4488,.T.);
#6414=ORIENTED_EDGE('',*,*,#4485,.T.);
#6415=ORIENTED_EDGE('',*,*,#4482,.T.);
#6416=ORIENTED_EDGE('',*,*,#4446,.T.);
#6417=ORIENTED_EDGE('',*,*,#4450,.T.);
#6418=ORIENTED_EDGE('',*,*,#4453,.T.);
#6419=ORIENTED_EDGE('',*,*,#4456,.T.);
#6420=ORIENTED_EDGE('',*,*,#4459,.T.);
#6421=ORIENTED_EDGE('',*,*,#4462,.T.);
#6422=ORIENTED_EDGE('',*,*,#4465,.T.);
#6423=ORIENTED_EDGE('',*,*,#4479,.T.);
#6424=ORIENTED_EDGE('',*,*,#4500,.T.);
#6425=ORIENTED_EDGE('',*,*,#3807,.T.);
#6426=ORIENTED_EDGE('',*,*,#3804,.T.);
#6427=ORIENTED_EDGE('',*,*,#3801,.T.);
#6428=ORIENTED_EDGE('',*,*,#3774,.T.);
#6429=ORIENTED_EDGE('',*,*,#3778,.T.);
#6430=ORIENTED_EDGE('',*,*,#3781,.T.);
#6431=ORIENTED_EDGE('',*,*,#3784,.T.);
#6432=ORIENTED_EDGE('',*,*,#3798,.T.);
#6433=ORIENTED_EDGE('',*,*,#3810,.T.);
#6434=ORIENTED_EDGE('',*,*,#3864,.T.);
#6435=ORIENTED_EDGE('',*,*,#3861,.T.);
#6436=ORIENTED_EDGE('',*,*,#3858,.T.);
#6437=ORIENTED_EDGE('',*,*,#3855,.T.);
#6438=ORIENTED_EDGE('',*,*,#3852,.T.);
#6439=ORIENTED_EDGE('',*,*,#3849,.T.);
#6440=ORIENTED_EDGE('',*,*,#3846,.T.);
#6441=ORIENTED_EDGE('',*,*,#3843,.T.);
#6442=ORIENTED_EDGE('',*,*,#3812,.T.);
#6443=ORIENTED_EDGE('',*,*,#3816,.T.);
#6444=ORIENTED_EDGE('',*,*,#3819,.T.);
#6445=ORIENTED_EDGE('',*,*,#3822,.T.);
#6446=ORIENTED_EDGE('',*,*,#3825,.T.);
#6447=ORIENTED_EDGE('',*,*,#3828,.T.);
#6448=ORIENTED_EDGE('',*,*,#3831,.T.);
#6449=ORIENTED_EDGE('',*,*,#3834,.T.);
#6450=ORIENTED_EDGE('',*,*,#3837,.T.);
#6451=ORIENTED_EDGE('',*,*,#3840,.T.);
#6452=ORIENTED_EDGE('',*,*,#3867,.T.);
#6453=ORIENTED_EDGE('',*,*,#4389,.T.);
#6454=ORIENTED_EDGE('',*,*,#4382,.T.);
#6455=ORIENTED_EDGE('',*,*,#4386,.T.);
#6456=ORIENTED_EDGE('',*,*,#4392,.T.);
#6457=ORIENTED_EDGE('',*,*,#4377,.T.);
#6458=ORIENTED_EDGE('',*,*,#4374,.T.);
#6459=ORIENTED_EDGE('',*,*,#4371,.T.);
#6460=ORIENTED_EDGE('',*,*,#4368,.T.);
#6461=ORIENTED_EDGE('',*,*,#4365,.T.);
#6462=ORIENTED_EDGE('',*,*,#4362,.T.);
#6463=ORIENTED_EDGE('',*,*,#4359,.T.);
#6464=ORIENTED_EDGE('',*,*,#4356,.T.);
#6465=ORIENTED_EDGE('',*,*,#4353,.T.);
#6466=ORIENTED_EDGE('',*,*,#4350,.T.);
#6467=ORIENTED_EDGE('',*,*,#4347,.T.);
#6468=ORIENTED_EDGE('',*,*,#4344,.T.);
#6469=ORIENTED_EDGE('',*,*,#4341,.T.);
#6470=ORIENTED_EDGE('',*,*,#4298,.T.);
#6471=ORIENTED_EDGE('',*,*,#4302,.T.);
#6472=ORIENTED_EDGE('',*,*,#4305,.T.);
#6473=ORIENTED_EDGE('',*,*,#4308,.T.);
#6474=ORIENTED_EDGE('',*,*,#4311,.T.);
#6475=ORIENTED_EDGE('',*,*,#4314,.T.);
#6476=ORIENTED_EDGE('',*,*,#4317,.T.);
#6477=ORIENTED_EDGE('',*,*,#4320,.T.);
#6478=ORIENTED_EDGE('',*,*,#4323,.T.);
#6479=ORIENTED_EDGE('',*,*,#4326,.T.);
#6480=ORIENTED_EDGE('',*,*,#4329,.T.);
#6481=ORIENTED_EDGE('',*,*,#4332,.T.);
#6482=ORIENTED_EDGE('',*,*,#4335,.T.);
#6483=ORIENTED_EDGE('',*,*,#4338,.T.);
#6484=ORIENTED_EDGE('',*,*,#4380,.T.);
#6485=ORIENTED_EDGE('',*,*,#3894,.T.);
#6486=ORIENTED_EDGE('',*,*,#3891,.T.);
#6487=ORIENTED_EDGE('',*,*,#3881,.T.);
#6488=ORIENTED_EDGE('',*,*,#3885,.T.);
#6489=ORIENTED_EDGE('',*,*,#3888,.T.);
#6490=ORIENTED_EDGE('',*,*,#3897,.T.);
#6491=ORIENTED_EDGE('',*,*,#4194,.T.);
#6492=ORIENTED_EDGE('',*,*,#4191,.T.);
#6493=ORIENTED_EDGE('',*,*,#4188,.T.);
#6494=ORIENTED_EDGE('',*,*,#4185,.T.);
#6495=ORIENTED_EDGE('',*,*,#4182,.T.);
#6496=ORIENTED_EDGE('',*,*,#4179,.T.);
#6497=ORIENTED_EDGE('',*,*,#4176,.T.);
#6498=ORIENTED_EDGE('',*,*,#4148,.T.);
#6499=ORIENTED_EDGE('',*,*,#4152,.T.);
#6500=ORIENTED_EDGE('',*,*,#4155,.T.);
#6501=ORIENTED_EDGE('',*,*,#4158,.T.);
#6502=ORIENTED_EDGE('',*,*,#4161,.T.);
#6503=ORIENTED_EDGE('',*,*,#4164,.T.);
#6504=ORIENTED_EDGE('',*,*,#4167,.T.);
#6505=ORIENTED_EDGE('',*,*,#4170,.T.);
#6506=ORIENTED_EDGE('',*,*,#4173,.T.);
#6507=ORIENTED_EDGE('',*,*,#4197,.T.);
#6508=ORIENTED_EDGE('',*,*,#4143,.T.);
#6509=ORIENTED_EDGE('',*,*,#4140,.T.);
#6510=ORIENTED_EDGE('',*,*,#4137,.T.);
#6511=ORIENTED_EDGE('',*,*,#4134,.T.);
#6512=ORIENTED_EDGE('',*,*,#4131,.T.);
#6513=ORIENTED_EDGE('',*,*,#4128,.T.);
#6514=ORIENTED_EDGE('',*,*,#4125,.T.);
#6515=ORIENTED_EDGE('',*,*,#4122,.T.);
#6516=ORIENTED_EDGE('',*,*,#4091,.T.);
#6517=ORIENTED_EDGE('',*,*,#4095,.T.);
#6518=ORIENTED_EDGE('',*,*,#4098,.T.);
#6519=ORIENTED_EDGE('',*,*,#4101,.T.);
#6520=ORIENTED_EDGE('',*,*,#4104,.T.);
#6521=ORIENTED_EDGE('',*,*,#4107,.T.);
#6522=ORIENTED_EDGE('',*,*,#4110,.T.);
#6523=ORIENTED_EDGE('',*,*,#4113,.T.);
#6524=ORIENTED_EDGE('',*,*,#4116,.T.);
#6525=ORIENTED_EDGE('',*,*,#4119,.T.);
#6526=ORIENTED_EDGE('',*,*,#4146,.T.);
#6527=ORIENTED_EDGE('',*,*,#4576,.F.);
#6528=ORIENTED_EDGE('',*,*,#4577,.F.);
#6529=ORIENTED_EDGE('',*,*,#4578,.F.);
#6530=ORIENTED_EDGE('',*,*,#4579,.F.);
#6531=ORIENTED_EDGE('',*,*,#4580,.F.);
#6532=ORIENTED_EDGE('',*,*,#4581,.T.);
#6533=ORIENTED_EDGE('',*,*,#4582,.T.);
#6534=ORIENTED_EDGE('',*,*,#4583,.F.);
#6535=ORIENTED_EDGE('',*,*,#4584,.F.);
#6536=ORIENTED_EDGE('',*,*,#4585,.F.);
#6537=ORIENTED_EDGE('',*,*,#3756,.T.);
#6538=ORIENTED_EDGE('',*,*,#3753,.T.);
#6539=ORIENTED_EDGE('',*,*,#3750,.T.);
#6540=ORIENTED_EDGE('',*,*,#3747,.T.);
#6541=ORIENTED_EDGE('',*,*,#3744,.T.);
#6542=ORIENTED_EDGE('',*,*,#3741,.T.);
#6543=ORIENTED_EDGE('',*,*,#3738,.T.);
#6544=ORIENTED_EDGE('',*,*,#3735,.T.);
#6545=ORIENTED_EDGE('',*,*,#3732,.T.);
#6546=ORIENTED_EDGE('',*,*,#3729,.T.);
#6547=ORIENTED_EDGE('',*,*,#3726,.T.);
#6548=ORIENTED_EDGE('',*,*,#3723,.T.);
#6549=ORIENTED_EDGE('',*,*,#3666,.T.);
#6550=ORIENTED_EDGE('',*,*,#3670,.T.);
#6551=ORIENTED_EDGE('',*,*,#3673,.T.);
#6552=ORIENTED_EDGE('',*,*,#3676,.T.);
#6553=ORIENTED_EDGE('',*,*,#3679,.T.);
#6554=ORIENTED_EDGE('',*,*,#3682,.T.);
#6555=ORIENTED_EDGE('',*,*,#3685,.T.);
#6556=ORIENTED_EDGE('',*,*,#3688,.T.);
#6557=ORIENTED_EDGE('',*,*,#3691,.T.);
#6558=ORIENTED_EDGE('',*,*,#3694,.T.);
#6559=ORIENTED_EDGE('',*,*,#3697,.T.);
#6560=ORIENTED_EDGE('',*,*,#3700,.T.);
#6561=ORIENTED_EDGE('',*,*,#3703,.T.);
#6562=ORIENTED_EDGE('',*,*,#3720,.T.);
#6563=ORIENTED_EDGE('',*,*,#3759,.T.);
#6564=ORIENTED_EDGE('',*,*,#4428,.T.);
#6565=ORIENTED_EDGE('',*,*,#4425,.T.);
#6566=ORIENTED_EDGE('',*,*,#4422,.T.);
#6567=ORIENTED_EDGE('',*,*,#4419,.T.);
#6568=ORIENTED_EDGE('',*,*,#4416,.T.);
#6569=ORIENTED_EDGE('',*,*,#4394,.T.);
#6570=ORIENTED_EDGE('',*,*,#4398,.T.);
#6571=ORIENTED_EDGE('',*,*,#4401,.T.);
#6572=ORIENTED_EDGE('',*,*,#4404,.T.);
#6573=ORIENTED_EDGE('',*,*,#4407,.T.);
#6574=ORIENTED_EDGE('',*,*,#4410,.T.);
#6575=ORIENTED_EDGE('',*,*,#4413,.T.);
#6576=ORIENTED_EDGE('',*,*,#4431,.T.);
#6577=ORIENTED_EDGE('',*,*,#3876,.T.);
#6578=ORIENTED_EDGE('',*,*,#3869,.T.);
#6579=ORIENTED_EDGE('',*,*,#3873,.T.);
#6580=ORIENTED_EDGE('',*,*,#3879,.T.);
#6581=ORIENTED_EDGE('',*,*,#4566,.T.);
#6582=ORIENTED_EDGE('',*,*,#4563,.T.);
#6583=ORIENTED_EDGE('',*,*,#4560,.T.);
#6584=ORIENTED_EDGE('',*,*,#4557,.T.);
#6585=ORIENTED_EDGE('',*,*,#4554,.T.);
#6586=ORIENTED_EDGE('',*,*,#4551,.T.);
#6587=ORIENTED_EDGE('',*,*,#4548,.T.);
#6588=ORIENTED_EDGE('',*,*,#4515,.T.);
#6589=ORIENTED_EDGE('',*,*,#4519,.T.);
#6590=ORIENTED_EDGE('',*,*,#4522,.T.);
#6591=ORIENTED_EDGE('',*,*,#4525,.T.);
#6592=ORIENTED_EDGE('',*,*,#4528,.T.);
#6593=ORIENTED_EDGE('',*,*,#4531,.T.);
#6594=ORIENTED_EDGE('',*,*,#4534,.T.);
#6595=ORIENTED_EDGE('',*,*,#4546,.T.);
#6596=ORIENTED_EDGE('',*,*,#4543,.T.);
#6597=ORIENTED_EDGE('',*,*,#4540,.T.);
#6598=ORIENTED_EDGE('',*,*,#4537,.T.);
#6599=ORIENTED_EDGE('',*,*,#4502,.T.);
#6600=ORIENTED_EDGE('',*,*,#4506,.T.);
#6601=ORIENTED_EDGE('',*,*,#4509,.T.);
#6602=ORIENTED_EDGE('',*,*,#4512,.T.);
#6603=ORIENTED_EDGE('',*,*,#4477,.T.);
#6604=ORIENTED_EDGE('',*,*,#4474,.T.);
#6605=ORIENTED_EDGE('',*,*,#4471,.T.);
#6606=ORIENTED_EDGE('',*,*,#4468,.T.);
#6607=ORIENTED_EDGE('',*,*,#4433,.T.);
#6608=ORIENTED_EDGE('',*,*,#4437,.T.);
#6609=ORIENTED_EDGE('',*,*,#4440,.T.);
#6610=ORIENTED_EDGE('',*,*,#4443,.T.);
#6611=ORIENTED_EDGE('',*,*,#3718,.T.);
#6612=ORIENTED_EDGE('',*,*,#3715,.T.);
#6613=ORIENTED_EDGE('',*,*,#3712,.T.);
#6614=ORIENTED_EDGE('',*,*,#3709,.T.);
#6615=ORIENTED_EDGE('',*,*,#3706,.T.);
#6616=ORIENTED_EDGE('',*,*,#3650,.T.);
#6617=ORIENTED_EDGE('',*,*,#3654,.T.);
#6618=ORIENTED_EDGE('',*,*,#3657,.T.);
#6619=ORIENTED_EDGE('',*,*,#3660,.T.);
#6620=ORIENTED_EDGE('',*,*,#3663,.T.);
#6621=ORIENTED_EDGE('',*,*,#4586,.T.);
#6622=ORIENTED_EDGE('',*,*,#4587,.T.);
#6623=ORIENTED_EDGE('',*,*,#4568,.T.);
#6624=ORIENTED_EDGE('',*,*,#4588,.T.);
#6625=ORIENTED_EDGE('',*,*,#4587,.F.);
#6626=ORIENTED_EDGE('',*,*,#4589,.F.);
#6627=ORIENTED_EDGE('',*,*,#4590,.F.);
#6628=ORIENTED_EDGE('',*,*,#4569,.T.);
#6629=ORIENTED_EDGE('',*,*,#4586,.F.);
#6630=ORIENTED_EDGE('',*,*,#4591,.T.);
#6631=ORIENTED_EDGE('',*,*,#4592,.F.);
#6632=ORIENTED_EDGE('',*,*,#4593,.T.);
#6633=ORIENTED_EDGE('',*,*,#4594,.F.);
#6634=ORIENTED_EDGE('',*,*,#4595,.T.);
#6635=ORIENTED_EDGE('',*,*,#4596,.T.);
#6636=ORIENTED_EDGE('',*,*,#4597,.T.);
#6637=ORIENTED_EDGE('',*,*,#4598,.T.);
#6638=ORIENTED_EDGE('',*,*,#4599,.T.);
#6639=ORIENTED_EDGE('',*,*,#4600,.T.);
#6640=ORIENTED_EDGE('',*,*,#4601,.T.);
#6641=ORIENTED_EDGE('',*,*,#4602,.T.);
#6642=ORIENTED_EDGE('',*,*,#4603,.T.);
#6643=ORIENTED_EDGE('',*,*,#4604,.F.);
#6644=ORIENTED_EDGE('',*,*,#4589,.T.);
#6645=ORIENTED_EDGE('',*,*,#4605,.T.);
#6646=ORIENTED_EDGE('',*,*,#4606,.T.);
#6647=ORIENTED_EDGE('',*,*,#4607,.T.);
#6648=ORIENTED_EDGE('',*,*,#4608,.T.);
#6649=ORIENTED_EDGE('',*,*,#4604,.T.);
#6650=ORIENTED_EDGE('',*,*,#4609,.T.);
#6651=ORIENTED_EDGE('',*,*,#4570,.T.);
#6652=ORIENTED_EDGE('',*,*,#4590,.T.);
#6653=ORIENTED_EDGE('',*,*,#4609,.F.);
#6654=ORIENTED_EDGE('',*,*,#4603,.F.);
#6655=ORIENTED_EDGE('',*,*,#4610,.T.);
#6656=ORIENTED_EDGE('',*,*,#4611,.T.);
#6657=ORIENTED_EDGE('',*,*,#4612,.T.);
#6658=ORIENTED_EDGE('',*,*,#4595,.F.);
#6659=ORIENTED_EDGE('',*,*,#4613,.F.);
#6660=ORIENTED_EDGE('',*,*,#4571,.T.);
#6661=ORIENTED_EDGE('',*,*,#4594,.T.);
#6662=ORIENTED_EDGE('',*,*,#4614,.T.);
#6663=ORIENTED_EDGE('',*,*,#4572,.T.);
#6664=ORIENTED_EDGE('',*,*,#4613,.T.);
#6665=ORIENTED_EDGE('',*,*,#4614,.F.);
#6666=ORIENTED_EDGE('',*,*,#4593,.F.);
#6667=ORIENTED_EDGE('',*,*,#4615,.F.);
#6668=ORIENTED_EDGE('',*,*,#4573,.T.);
#6669=ORIENTED_EDGE('',*,*,#4592,.T.);
#6670=ORIENTED_EDGE('',*,*,#4616,.T.);
#6671=ORIENTED_EDGE('',*,*,#4574,.T.);
#6672=ORIENTED_EDGE('',*,*,#4615,.T.);
#6673=ORIENTED_EDGE('',*,*,#4588,.F.);
#6674=ORIENTED_EDGE('',*,*,#4575,.T.);
#6675=ORIENTED_EDGE('',*,*,#4616,.F.);
#6676=ORIENTED_EDGE('',*,*,#4591,.F.);
#6677=ORIENTED_EDGE('',*,*,#4596,.F.);
#6678=ORIENTED_EDGE('',*,*,#4612,.F.);
#6679=ORIENTED_EDGE('',*,*,#4617,.T.);
#6680=ORIENTED_EDGE('',*,*,#4618,.F.);
#6681=ORIENTED_EDGE('',*,*,#4602,.F.);
#6682=ORIENTED_EDGE('',*,*,#4619,.F.);
#6683=ORIENTED_EDGE('',*,*,#4620,.T.);
#6684=ORIENTED_EDGE('',*,*,#4610,.F.);
#6685=ORIENTED_EDGE('',*,*,#4620,.F.);
#6686=ORIENTED_EDGE('',*,*,#4621,.F.);
#6687=ORIENTED_EDGE('',*,*,#4617,.F.);
#6688=ORIENTED_EDGE('',*,*,#4611,.F.);
#6689=ORIENTED_EDGE('',*,*,#4581,.F.);
#6690=ORIENTED_EDGE('',*,*,#4622,.F.);
#6691=ORIENTED_EDGE('',*,*,#4623,.F.);
#6692=ORIENTED_EDGE('',*,*,#4624,.F.);
#6693=ORIENTED_EDGE('',*,*,#4582,.F.);
#6694=ORIENTED_EDGE('',*,*,#4624,.T.);
#6695=ORIENTED_EDGE('',*,*,#4625,.F.);
#6696=ORIENTED_EDGE('',*,*,#4626,.F.);
#6697=ORIENTED_EDGE('',*,*,#4627,.F.);
#6698=ORIENTED_EDGE('',*,*,#4628,.F.);
#6699=ORIENTED_EDGE('',*,*,#4625,.T.);
#6700=ORIENTED_EDGE('',*,*,#4623,.T.);
#6701=ORIENTED_EDGE('',*,*,#4626,.T.);
#6702=ORIENTED_EDGE('',*,*,#4628,.T.);
#6703=ORIENTED_EDGE('',*,*,#4629,.T.);
#6704=ORIENTED_EDGE('',*,*,#4598,.F.);
#6705=ORIENTED_EDGE('',*,*,#4630,.F.);
#6706=ORIENTED_EDGE('',*,*,#4583,.T.);
#6707=ORIENTED_EDGE('',*,*,#4631,.T.);
#6708=ORIENTED_EDGE('',*,*,#4632,.T.);
#6709=ORIENTED_EDGE('',*,*,#4576,.T.);
#6710=ORIENTED_EDGE('',*,*,#4632,.F.);
#6711=ORIENTED_EDGE('',*,*,#4633,.T.);
#6712=ORIENTED_EDGE('',*,*,#4634,.T.);
#6713=ORIENTED_EDGE('',*,*,#4578,.T.);
#6714=ORIENTED_EDGE('',*,*,#4634,.F.);
#6715=ORIENTED_EDGE('',*,*,#4635,.T.);
#6716=ORIENTED_EDGE('',*,*,#4636,.T.);
#6717=ORIENTED_EDGE('',*,*,#4577,.T.);
#6718=ORIENTED_EDGE('',*,*,#4636,.F.);
#6719=ORIENTED_EDGE('',*,*,#4637,.T.);
#6720=ORIENTED_EDGE('',*,*,#4638,.T.);
#6721=ORIENTED_EDGE('',*,*,#4585,.T.);
#6722=ORIENTED_EDGE('',*,*,#4638,.F.);
#6723=ORIENTED_EDGE('',*,*,#4622,.T.);
#6724=ORIENTED_EDGE('',*,*,#4580,.T.);
#6725=ORIENTED_EDGE('',*,*,#4639,.T.);
#6726=ORIENTED_EDGE('',*,*,#4599,.F.);
#6727=ORIENTED_EDGE('',*,*,#4629,.F.);
#6728=ORIENTED_EDGE('',*,*,#4627,.T.);
#6729=ORIENTED_EDGE('',*,*,#4619,.T.);
#6730=ORIENTED_EDGE('',*,*,#4601,.F.);
#6731=ORIENTED_EDGE('',*,*,#4640,.F.);
#6732=ORIENTED_EDGE('',*,*,#4584,.T.);
#6733=ORIENTED_EDGE('',*,*,#4630,.T.);
#6734=ORIENTED_EDGE('',*,*,#4597,.F.);
#6735=ORIENTED_EDGE('',*,*,#4618,.T.);
#6736=ORIENTED_EDGE('',*,*,#4621,.T.);
#6737=ORIENTED_EDGE('',*,*,#4579,.T.);
#6738=ORIENTED_EDGE('',*,*,#4640,.T.);
#6739=ORIENTED_EDGE('',*,*,#4600,.F.);
#6740=ORIENTED_EDGE('',*,*,#4639,.F.);
#6741=ORIENTED_EDGE('',*,*,#3796,.T.);
#6742=ORIENTED_EDGE('',*,*,#3793,.T.);
#6743=ORIENTED_EDGE('',*,*,#3790,.T.);
#6744=ORIENTED_EDGE('',*,*,#3787,.T.);
#6745=ORIENTED_EDGE('',*,*,#3761,.T.);
#6746=ORIENTED_EDGE('',*,*,#3765,.T.);
#6747=ORIENTED_EDGE('',*,*,#3768,.T.);
#6748=ORIENTED_EDGE('',*,*,#3771,.T.);
#6749=ORIENTED_EDGE('',*,*,#4607,.F.);
#6750=ORIENTED_EDGE('',*,*,#4641,.T.);
#6751=ORIENTED_EDGE('',*,*,#4642,.T.);
#6752=ORIENTED_EDGE('',*,*,#4641,.F.);
#6753=ORIENTED_EDGE('',*,*,#4637,.F.);
#6754=ORIENTED_EDGE('',*,*,#4642,.F.);
#6755=ORIENTED_EDGE('',*,*,#4606,.F.);
#6756=ORIENTED_EDGE('',*,*,#4643,.T.);
#6757=ORIENTED_EDGE('',*,*,#4644,.T.);
#6758=ORIENTED_EDGE('',*,*,#4643,.F.);
#6759=ORIENTED_EDGE('',*,*,#4635,.F.);
#6760=ORIENTED_EDGE('',*,*,#4644,.F.);
#6761=ORIENTED_EDGE('',*,*,#4608,.F.);
#6762=ORIENTED_EDGE('',*,*,#4645,.T.);
#6763=ORIENTED_EDGE('',*,*,#4646,.T.);
#6764=ORIENTED_EDGE('',*,*,#4645,.F.);
#6765=ORIENTED_EDGE('',*,*,#4633,.F.);
#6766=ORIENTED_EDGE('',*,*,#4646,.F.);
#6767=ORIENTED_EDGE('',*,*,#4605,.F.);
#6768=ORIENTED_EDGE('',*,*,#4647,.T.);
#6769=ORIENTED_EDGE('',*,*,#4648,.T.);
#6770=ORIENTED_EDGE('',*,*,#4647,.F.);
#6771=ORIENTED_EDGE('',*,*,#4631,.F.);
#6772=ORIENTED_EDGE('',*,*,#4648,.F.);
#6773=ORIENTED_EDGE('',*,*,#4649,.T.);
#6774=ORIENTED_EDGE('',*,*,#4650,.T.);
#6775=ORIENTED_EDGE('',*,*,#4651,.T.);
#6776=ORIENTED_EDGE('',*,*,#4652,.T.);
#6777=ORIENTED_EDGE('',*,*,#4650,.F.);
#6778=ORIENTED_EDGE('',*,*,#4653,.F.);
#6779=ORIENTED_EDGE('',*,*,#4654,.F.);
#6780=ORIENTED_EDGE('',*,*,#4655,.F.);
#6781=ORIENTED_EDGE('',*,*,#4649,.F.);
#6782=ORIENTED_EDGE('',*,*,#4656,.T.);
#6783=ORIENTED_EDGE('',*,*,#4657,.F.);
#6784=ORIENTED_EDGE('',*,*,#4658,.T.);
#6785=ORIENTED_EDGE('',*,*,#4659,.F.);
#6786=ORIENTED_EDGE('',*,*,#4660,.T.);
#6787=ORIENTED_EDGE('',*,*,#4661,.F.);
#6788=ORIENTED_EDGE('',*,*,#4653,.T.);
#6789=ORIENTED_EDGE('',*,*,#4662,.T.);
#6790=ORIENTED_EDGE('',*,*,#4663,.T.);
#6791=ORIENTED_EDGE('',*,*,#4664,.T.);
#6792=ORIENTED_EDGE('',*,*,#4665,.T.);
#6793=ORIENTED_EDGE('',*,*,#4666,.T.);
#6794=ORIENTED_EDGE('',*,*,#4667,.T.);
#6795=ORIENTED_EDGE('',*,*,#4668,.T.);
#6796=ORIENTED_EDGE('',*,*,#4669,.T.);
#6797=ORIENTED_EDGE('',*,*,#4670,.T.);
#6798=ORIENTED_EDGE('',*,*,#4671,.T.);
#6799=ORIENTED_EDGE('',*,*,#4672,.T.);
#6800=ORIENTED_EDGE('',*,*,#4673,.T.);
#6801=ORIENTED_EDGE('',*,*,#4674,.T.);
#6802=ORIENTED_EDGE('',*,*,#4675,.T.);
#6803=ORIENTED_EDGE('',*,*,#4676,.T.);
#6804=ORIENTED_EDGE('',*,*,#4677,.T.);
#6805=ORIENTED_EDGE('',*,*,#4678,.T.);
#6806=ORIENTED_EDGE('',*,*,#4679,.T.);
#6807=ORIENTED_EDGE('',*,*,#4680,.T.);
#6808=ORIENTED_EDGE('',*,*,#4681,.T.);
#6809=ORIENTED_EDGE('',*,*,#4682,.T.);
#6810=ORIENTED_EDGE('',*,*,#4683,.T.);
#6811=ORIENTED_EDGE('',*,*,#4684,.T.);
#6812=ORIENTED_EDGE('',*,*,#4685,.T.);
#6813=ORIENTED_EDGE('',*,*,#4686,.T.);
#6814=ORIENTED_EDGE('',*,*,#4687,.T.);
#6815=ORIENTED_EDGE('',*,*,#4688,.T.);
#6816=ORIENTED_EDGE('',*,*,#4689,.T.);
#6817=ORIENTED_EDGE('',*,*,#4690,.T.);
#6818=ORIENTED_EDGE('',*,*,#4691,.T.);
#6819=ORIENTED_EDGE('',*,*,#4692,.T.);
#6820=ORIENTED_EDGE('',*,*,#4693,.T.);
#6821=ORIENTED_EDGE('',*,*,#4694,.T.);
#6822=ORIENTED_EDGE('',*,*,#4695,.T.);
#6823=ORIENTED_EDGE('',*,*,#4659,.T.);
#6824=ORIENTED_EDGE('',*,*,#4696,.T.);
#6825=ORIENTED_EDGE('',*,*,#4697,.T.);
#6826=ORIENTED_EDGE('',*,*,#4698,.T.);
#6827=ORIENTED_EDGE('',*,*,#4698,.F.);
#6828=ORIENTED_EDGE('',*,*,#4699,.F.);
#6829=ORIENTED_EDGE('',*,*,#4700,.F.);
#6830=ORIENTED_EDGE('',*,*,#4660,.F.);
#6831=ORIENTED_EDGE('',*,*,#4661,.T.);
#6832=ORIENTED_EDGE('',*,*,#4700,.T.);
#6833=ORIENTED_EDGE('',*,*,#4701,.T.);
#6834=ORIENTED_EDGE('',*,*,#4654,.T.);
#6835=ORIENTED_EDGE('',*,*,#4657,.T.);
#6836=ORIENTED_EDGE('',*,*,#4702,.T.);
#6837=ORIENTED_EDGE('',*,*,#4703,.T.);
#6838=ORIENTED_EDGE('',*,*,#4704,.T.);
#6839=ORIENTED_EDGE('',*,*,#4696,.F.);
#6840=ORIENTED_EDGE('',*,*,#4658,.F.);
#6841=ORIENTED_EDGE('',*,*,#4704,.F.);
#6842=ORIENTED_EDGE('',*,*,#4705,.F.);
#6843=ORIENTED_EDGE('',*,*,#4706,.F.);
#6844=ORIENTED_EDGE('',*,*,#4707,.F.);
#6845=ORIENTED_EDGE('',*,*,#4664,.F.);
#6846=ORIENTED_EDGE('',*,*,#4708,.T.);
#6847=ORIENTED_EDGE('',*,*,#4709,.F.);
#6848=ORIENTED_EDGE('',*,*,#4708,.F.);
#6849=ORIENTED_EDGE('',*,*,#4663,.F.);
#6850=ORIENTED_EDGE('',*,*,#4710,.T.);
#6851=ORIENTED_EDGE('',*,*,#4711,.F.);
#6852=ORIENTED_EDGE('',*,*,#4710,.F.);
#6853=ORIENTED_EDGE('',*,*,#4662,.F.);
#6854=ORIENTED_EDGE('',*,*,#4712,.T.);
#6855=ORIENTED_EDGE('',*,*,#4713,.F.);
#6856=ORIENTED_EDGE('',*,*,#4712,.F.);
#6857=ORIENTED_EDGE('',*,*,#4665,.F.);
#6858=ORIENTED_EDGE('',*,*,#4707,.T.);
#6859=ORIENTED_EDGE('',*,*,#4666,.F.);
#6860=ORIENTED_EDGE('',*,*,#4714,.T.);
#6861=ORIENTED_EDGE('',*,*,#4715,.F.);
#6862=ORIENTED_EDGE('',*,*,#4714,.F.);
#6863=ORIENTED_EDGE('',*,*,#4667,.F.);
#6864=ORIENTED_EDGE('',*,*,#4716,.T.);
#6865=ORIENTED_EDGE('',*,*,#4717,.F.);
#6866=ORIENTED_EDGE('',*,*,#4716,.F.);
#6867=ORIENTED_EDGE('',*,*,#4718,.F.);
#6868=ORIENTED_EDGE('',*,*,#4719,.F.);
#6869=ORIENTED_EDGE('',*,*,#4670,.F.);
#6870=ORIENTED_EDGE('',*,*,#4720,.T.);
#6871=ORIENTED_EDGE('',*,*,#4721,.F.);
#6872=ORIENTED_EDGE('',*,*,#4720,.F.);
#6873=ORIENTED_EDGE('',*,*,#4669,.F.);
#6874=ORIENTED_EDGE('',*,*,#4722,.T.);
#6875=ORIENTED_EDGE('',*,*,#4723,.F.);
#6876=ORIENTED_EDGE('',*,*,#4722,.F.);
#6877=ORIENTED_EDGE('',*,*,#4668,.F.);
#6878=ORIENTED_EDGE('',*,*,#4724,.T.);
#6879=ORIENTED_EDGE('',*,*,#4725,.F.);
#6880=ORIENTED_EDGE('',*,*,#4724,.F.);
#6881=ORIENTED_EDGE('',*,*,#4671,.F.);
#6882=ORIENTED_EDGE('',*,*,#4719,.T.);
#6883=ORIENTED_EDGE('',*,*,#4726,.F.);
#6884=ORIENTED_EDGE('',*,*,#4727,.F.);
#6885=ORIENTED_EDGE('',*,*,#4674,.F.);
#6886=ORIENTED_EDGE('',*,*,#4728,.T.);
#6887=ORIENTED_EDGE('',*,*,#4729,.F.);
#6888=ORIENTED_EDGE('',*,*,#4728,.F.);
#6889=ORIENTED_EDGE('',*,*,#4673,.F.);
#6890=ORIENTED_EDGE('',*,*,#4730,.T.);
#6891=ORIENTED_EDGE('',*,*,#4731,.F.);
#6892=ORIENTED_EDGE('',*,*,#4730,.F.);
#6893=ORIENTED_EDGE('',*,*,#4672,.F.);
#6894=ORIENTED_EDGE('',*,*,#4732,.T.);
#6895=ORIENTED_EDGE('',*,*,#4733,.F.);
#6896=ORIENTED_EDGE('',*,*,#4732,.F.);
#6897=ORIENTED_EDGE('',*,*,#4675,.F.);
#6898=ORIENTED_EDGE('',*,*,#4727,.T.);
#6899=ORIENTED_EDGE('',*,*,#4734,.F.);
#6900=ORIENTED_EDGE('',*,*,#4735,.F.);
#6901=ORIENTED_EDGE('',*,*,#4678,.F.);
#6902=ORIENTED_EDGE('',*,*,#4736,.T.);
#6903=ORIENTED_EDGE('',*,*,#4737,.F.);
#6904=ORIENTED_EDGE('',*,*,#4736,.F.);
#6905=ORIENTED_EDGE('',*,*,#4677,.F.);
#6906=ORIENTED_EDGE('',*,*,#4738,.T.);
#6907=ORIENTED_EDGE('',*,*,#4739,.F.);
#6908=ORIENTED_EDGE('',*,*,#4738,.F.);
#6909=ORIENTED_EDGE('',*,*,#4676,.F.);
#6910=ORIENTED_EDGE('',*,*,#4740,.T.);
#6911=ORIENTED_EDGE('',*,*,#4741,.F.);
#6912=ORIENTED_EDGE('',*,*,#4740,.F.);
#6913=ORIENTED_EDGE('',*,*,#4679,.F.);
#6914=ORIENTED_EDGE('',*,*,#4735,.T.);
#6915=ORIENTED_EDGE('',*,*,#4742,.F.);
#6916=ORIENTED_EDGE('',*,*,#4743,.F.);
#6917=ORIENTED_EDGE('',*,*,#4682,.F.);
#6918=ORIENTED_EDGE('',*,*,#4744,.T.);
#6919=ORIENTED_EDGE('',*,*,#4745,.F.);
#6920=ORIENTED_EDGE('',*,*,#4744,.F.);
#6921=ORIENTED_EDGE('',*,*,#4681,.F.);
#6922=ORIENTED_EDGE('',*,*,#4746,.T.);
#6923=ORIENTED_EDGE('',*,*,#4747,.F.);
#6924=ORIENTED_EDGE('',*,*,#4746,.F.);
#6925=ORIENTED_EDGE('',*,*,#4680,.F.);
#6926=ORIENTED_EDGE('',*,*,#4748,.T.);
#6927=ORIENTED_EDGE('',*,*,#4749,.F.);
#6928=ORIENTED_EDGE('',*,*,#4748,.F.);
#6929=ORIENTED_EDGE('',*,*,#4683,.F.);
#6930=ORIENTED_EDGE('',*,*,#4743,.T.);
#6931=ORIENTED_EDGE('',*,*,#4750,.F.);
#6932=ORIENTED_EDGE('',*,*,#4751,.F.);
#6933=ORIENTED_EDGE('',*,*,#4686,.F.);
#6934=ORIENTED_EDGE('',*,*,#4752,.T.);
#6935=ORIENTED_EDGE('',*,*,#4753,.F.);
#6936=ORIENTED_EDGE('',*,*,#4752,.F.);
#6937=ORIENTED_EDGE('',*,*,#4685,.F.);
#6938=ORIENTED_EDGE('',*,*,#4754,.T.);
#6939=ORIENTED_EDGE('',*,*,#4755,.F.);
#6940=ORIENTED_EDGE('',*,*,#4754,.F.);
#6941=ORIENTED_EDGE('',*,*,#4684,.F.);
#6942=ORIENTED_EDGE('',*,*,#4756,.T.);
#6943=ORIENTED_EDGE('',*,*,#4757,.F.);
#6944=ORIENTED_EDGE('',*,*,#4756,.F.);
#6945=ORIENTED_EDGE('',*,*,#4687,.F.);
#6946=ORIENTED_EDGE('',*,*,#4751,.T.);
#6947=ORIENTED_EDGE('',*,*,#4758,.F.);
#6948=ORIENTED_EDGE('',*,*,#4759,.F.);
#6949=ORIENTED_EDGE('',*,*,#4690,.F.);
#6950=ORIENTED_EDGE('',*,*,#4760,.T.);
#6951=ORIENTED_EDGE('',*,*,#4761,.F.);
#6952=ORIENTED_EDGE('',*,*,#4760,.F.);
#6953=ORIENTED_EDGE('',*,*,#4689,.F.);
#6954=ORIENTED_EDGE('',*,*,#4762,.T.);
#6955=ORIENTED_EDGE('',*,*,#4763,.F.);
#6956=ORIENTED_EDGE('',*,*,#4762,.F.);
#6957=ORIENTED_EDGE('',*,*,#4688,.F.);
#6958=ORIENTED_EDGE('',*,*,#4764,.T.);
#6959=ORIENTED_EDGE('',*,*,#4765,.F.);
#6960=ORIENTED_EDGE('',*,*,#4764,.F.);
#6961=ORIENTED_EDGE('',*,*,#4691,.F.);
#6962=ORIENTED_EDGE('',*,*,#4759,.T.);
#6963=ORIENTED_EDGE('',*,*,#4692,.F.);
#6964=ORIENTED_EDGE('',*,*,#4766,.T.);
#6965=ORIENTED_EDGE('',*,*,#4767,.F.);
#6966=ORIENTED_EDGE('',*,*,#4766,.F.);
#6967=ORIENTED_EDGE('',*,*,#4693,.F.);
#6968=ORIENTED_EDGE('',*,*,#4768,.T.);
#6969=ORIENTED_EDGE('',*,*,#4769,.F.);
#6970=ORIENTED_EDGE('',*,*,#4768,.F.);
#6971=ORIENTED_EDGE('',*,*,#4694,.F.);
#6972=ORIENTED_EDGE('',*,*,#4770,.T.);
#6973=ORIENTED_EDGE('',*,*,#4771,.F.);
#6974=ORIENTED_EDGE('',*,*,#4770,.F.);
#6975=ORIENTED_EDGE('',*,*,#4695,.F.);
#6976=ORIENTED_EDGE('',*,*,#4772,.T.);
#6977=ORIENTED_EDGE('',*,*,#4773,.F.);
#6978=ORIENTED_EDGE('',*,*,#4772,.F.);
#6979=ORIENTED_EDGE('',*,*,#4652,.F.);
#6980=ORIENTED_EDGE('',*,*,#4774,.F.);
#6981=ORIENTED_EDGE('',*,*,#4702,.F.);
#6982=ORIENTED_EDGE('',*,*,#4656,.F.);
#6983=ORIENTED_EDGE('',*,*,#4651,.F.);
#6984=ORIENTED_EDGE('',*,*,#4655,.T.);
#6985=ORIENTED_EDGE('',*,*,#4701,.F.);
#6986=ORIENTED_EDGE('',*,*,#4699,.T.);
#6987=ORIENTED_EDGE('',*,*,#4697,.F.);
#6988=ORIENTED_EDGE('',*,*,#4705,.T.);
#6989=ORIENTED_EDGE('',*,*,#4703,.F.);
#6990=ORIENTED_EDGE('',*,*,#4774,.T.);
#6991=ORIENTED_EDGE('',*,*,#4711,.T.);
#6992=ORIENTED_EDGE('',*,*,#4713,.T.);
#6993=ORIENTED_EDGE('',*,*,#4706,.T.);
#6994=ORIENTED_EDGE('',*,*,#4709,.T.);
#6995=ORIENTED_EDGE('',*,*,#4715,.T.);
#6996=ORIENTED_EDGE('',*,*,#4717,.T.);
#6997=ORIENTED_EDGE('',*,*,#4723,.T.);
#6998=ORIENTED_EDGE('',*,*,#4725,.T.);
#6999=ORIENTED_EDGE('',*,*,#4718,.T.);
#7000=ORIENTED_EDGE('',*,*,#4721,.T.);
#7001=ORIENTED_EDGE('',*,*,#4731,.T.);
#7002=ORIENTED_EDGE('',*,*,#4733,.T.);
#7003=ORIENTED_EDGE('',*,*,#4726,.T.);
#7004=ORIENTED_EDGE('',*,*,#4729,.T.);
#7005=ORIENTED_EDGE('',*,*,#4739,.T.);
#7006=ORIENTED_EDGE('',*,*,#4741,.T.);
#7007=ORIENTED_EDGE('',*,*,#4734,.T.);
#7008=ORIENTED_EDGE('',*,*,#4737,.T.);
#7009=ORIENTED_EDGE('',*,*,#4747,.T.);
#7010=ORIENTED_EDGE('',*,*,#4749,.T.);
#7011=ORIENTED_EDGE('',*,*,#4742,.T.);
#7012=ORIENTED_EDGE('',*,*,#4745,.T.);
#7013=ORIENTED_EDGE('',*,*,#4755,.T.);
#7014=ORIENTED_EDGE('',*,*,#4757,.T.);
#7015=ORIENTED_EDGE('',*,*,#4750,.T.);
#7016=ORIENTED_EDGE('',*,*,#4753,.T.);
#7017=ORIENTED_EDGE('',*,*,#4763,.T.);
#7018=ORIENTED_EDGE('',*,*,#4765,.T.);
#7019=ORIENTED_EDGE('',*,*,#4758,.T.);
#7020=ORIENTED_EDGE('',*,*,#4761,.T.);
#7021=ORIENTED_EDGE('',*,*,#4767,.T.);
#7022=ORIENTED_EDGE('',*,*,#4769,.T.);
#7023=ORIENTED_EDGE('',*,*,#4771,.T.);
#7024=ORIENTED_EDGE('',*,*,#4773,.T.);
#7025=B_SPLINE_SURFACE_WITH_KNOTS('',3,1,((#9012,#9013),(#9014,#9015),(#9016,
#9017),(#9018,#9019),(#9020,#9021)),.UNSPECIFIED.,.F.,.F.,.F.,(4,1,4),(2,
2),(0.,0.0156548934824342,0.0347425188804004),(0.,0.3),.UNSPECIFIED.);
#7026=B_SPLINE_SURFACE_WITH_KNOTS('',3,1,((#9038,#9039),(#9040,#9041),(#9042,
#9043),(#9044,#9045),(#9046,#9047)),.UNSPECIFIED.,.F.,.F.,.F.,(4,1,4),(2,
2),(0.,0.0202371000766224,0.0392856668658682),(0.,0.3),.UNSPECIFIED.);
#7027=B_SPLINE_SURFACE_WITH_KNOTS('',3,1,((#9061,#9062),(#9063,#9064),(#9065,
#9066),(#9067,#9068),(#9069,#9070)),.UNSPECIFIED.,.F.,.F.,.F.,(4,1,4),(2,
2),(0.,0.0181635024677781,0.035745937121371),(0.,0.3),.UNSPECIFIED.);
#7028=B_SPLINE_SURFACE_WITH_KNOTS('',3,1,((#9084,#9085),(#9086,#9087),(#9088,
#9089),(#9090,#9091),(#9092,#9093)),.UNSPECIFIED.,.F.,.F.,.F.,(4,1,4),(2,
2),(0.,0.0160784841357341,0.0375146074486444),(0.,0.3),.UNSPECIFIED.);
#7029=B_SPLINE_SURFACE_WITH_KNOTS('',3,1,((#9113,#9114),(#9115,#9116),(#9117,
#9118),(#9119,#9120),(#9121,#9122)),.UNSPECIFIED.,.F.,.F.,.F.,(4,1,4),(2,
2),(0.,0.0227294607373851,0.0400275397585902),(0.,0.3),.UNSPECIFIED.);
#7030=B_SPLINE_SURFACE_WITH_KNOTS('',3,1,((#9139,#9140),(#9141,#9142),(#9143,
#9144),(#9145,#9146),(#9147,#9148)),.UNSPECIFIED.,.F.,.F.,.F.,(4,1,4),(2,
2),(0.,0.0164751472536309,0.0374629298997801),(0.,0.3),.UNSPECIFIED.);
#7031=B_SPLINE_SURFACE_WITH_KNOTS('',3,1,((#9168,#9169),(#9170,#9171),(#9172,
#9173),(#9174,#9175),(#9176,#9177)),.UNSPECIFIED.,.F.,.F.,.F.,(4,1,4),(2,
2),(0.,0.0218610044825017,0.0408742315611459),(0.,0.3),.UNSPECIFIED.);
#7032=B_SPLINE_SURFACE_WITH_KNOTS('',3,1,((#9191,#9192),(#9193,#9194),(#9195,
#9196),(#9197,#9198),(#9199,#9200)),.UNSPECIFIED.,.F.,.F.,.F.,(4,1,4),(2,
2),(0.,0.0186834822715887,0.0396183302819446),(0.,0.3),.UNSPECIFIED.);
#7033=B_SPLINE_SURFACE_WITH_KNOTS('',3,1,((#9214,#9215),(#9216,#9217),(#9218,
#9219),(#9220,#9221),(#9222,#9223)),.UNSPECIFIED.,.F.,.F.,.F.,(4,1,4),(2,
2),(0.,0.0236995037310252,0.0501182896046681),(0.,0.3),.UNSPECIFIED.);
#7034=B_SPLINE_SURFACE_WITH_KNOTS('',3,1,((#9237,#9238),(#9239,#9240),(#9241,
#9242),(#9243,#9244),(#9245,#9246)),.UNSPECIFIED.,.F.,.F.,.F.,(4,1,4),(2,
2),(0.,0.0252747823525281,0.0458723170089814),(0.,0.3),.UNSPECIFIED.);
#7035=B_SPLINE_SURFACE_WITH_KNOTS('',3,1,((#9260,#9261),(#9262,#9263),(#9264,
#9265),(#9266,#9267),(#9268,#9269)),.UNSPECIFIED.,.F.,.F.,.F.,(4,1,4),(2,
2),(0.,0.016816678395871,0.0307397866107523),(0.,0.3),.UNSPECIFIED.);
#7036=B_SPLINE_SURFACE_WITH_KNOTS('',3,1,((#9283,#9284),(#9285,#9286),(#9287,
#9288),(#9289,#9290),(#9291,#9292)),.UNSPECIFIED.,.F.,.F.,.F.,(4,1,4),(2,
2),(0.,0.0131451105311355,0.0276733755618633),(0.,0.3),.UNSPECIFIED.);
#7037=B_SPLINE_SURFACE_WITH_KNOTS('',3,1,((#9306,#9307),(#9308,#9309),(#9310,
#9311),(#9312,#9313),(#9314,#9315)),.UNSPECIFIED.,.F.,.F.,.F.,(4,1,4),(2,
2),(0.,0.0132712704988016,0.034047160315399),(0.,0.3),.UNSPECIFIED.);
#7038=B_SPLINE_SURFACE_WITH_KNOTS('',3,1,((#9335,#9336),(#9337,#9338),(#9339,
#9340),(#9341,#9342),(#9343,#9344)),.UNSPECIFIED.,.F.,.F.,.F.,(4,1,4),(2,
2),(0.,0.0419547159119916,0.0651403602893849),(0.,0.3),.UNSPECIFIED.);
#7039=B_SPLINE_SURFACE_WITH_KNOTS('',3,1,((#9358,#9359),(#9360,#9361),(#9362,
#9363),(#9364,#9365),(#9366,#9367)),.UNSPECIFIED.,.F.,.F.,.F.,(4,1,4),(2,
2),(0.,0.0137257623536847,0.0277361376999236),(0.,0.3),.UNSPECIFIED.);
#7040=B_SPLINE_SURFACE_WITH_KNOTS('',3,1,((#9381,#9382),(#9383,#9384),(#9385,
#9386),(#9387,#9388),(#9389,#9390)),.UNSPECIFIED.,.F.,.F.,.F.,(4,1,4),(2,
2),(0.,0.0137857478759032,0.0275988620422453),(0.,0.3),.UNSPECIFIED.);
#7041=B_SPLINE_SURFACE_WITH_KNOTS('',3,1,((#9404,#9405),(#9406,#9407),(#9408,
#9409),(#9410,#9411),(#9412,#9413)),.UNSPECIFIED.,.F.,.F.,.F.,(4,1,4),(2,
2),(0.,0.00908657348173006,0.0183330557012134),(0.,0.3),.UNSPECIFIED.);
#7042=B_SPLINE_SURFACE_WITH_KNOTS('',3,1,((#9427,#9428),(#9429,#9430),(#9431,
#9432),(#9433,#9434),(#9435,#9436)),.UNSPECIFIED.,.F.,.F.,.F.,(4,1,4),(2,
2),(0.,0.00975662667297043,0.0191077656578453),(0.,0.3),.UNSPECIFIED.);
#7043=B_SPLINE_SURFACE_WITH_KNOTS('',3,1,((#9450,#9451),(#9452,#9453),(#9454,
#9455),(#9456,#9457),(#9458,#9459)),.UNSPECIFIED.,.F.,.F.,.F.,(4,1,4),(2,
2),(0.,0.0196991305080934,0.0330179950737603),(0.,0.3),.UNSPECIFIED.);
#7044=B_SPLINE_SURFACE_WITH_KNOTS('',3,1,((#9473,#9474),(#9475,#9476),(#9477,
#9478),(#9479,#9480),(#9481,#9482)),.UNSPECIFIED.,.F.,.F.,.F.,(4,1,4),(2,
2),(0.,0.0261866862414607,0.061850992999276),(0.,0.3),.UNSPECIFIED.);
#7045=B_SPLINE_SURFACE_WITH_KNOTS('',3,1,((#9499,#9500),(#9501,#9502),(#9503,
#9504),(#9505,#9506),(#9507,#9508)),.UNSPECIFIED.,.F.,.F.,.F.,(4,1,4),(2,
2),(0.,0.019889039382508,0.0444908676333702),(0.,0.3),.UNSPECIFIED.);
#7046=B_SPLINE_SURFACE_WITH_KNOTS('',3,1,((#9522,#9523),(#9524,#9525),(#9526,
#9527),(#9528,#9529),(#9530,#9531)),.UNSPECIFIED.,.F.,.F.,.F.,(4,1,4),(2,
2),(0.,0.0193614653414322,0.0341389493023823),(0.,0.3),.UNSPECIFIED.);
#7047=B_SPLINE_SURFACE_WITH_KNOTS('',3,1,((#9545,#9546),(#9547,#9548),(#9549,
#9550),(#9551,#9552),(#9553,#9554)),.UNSPECIFIED.,.F.,.F.,.F.,(4,1,4),(2,
2),(0.,0.00619220093004768,0.00962026850466832),(0.,0.3),.UNSPECIFIED.);
#7048=B_SPLINE_SURFACE_WITH_KNOTS('',3,1,((#9568,#9569),(#9570,#9571),(#9572,
#9573),(#9574,#9575),(#9576,#9577)),.UNSPECIFIED.,.F.,.F.,.F.,(4,1,4),(2,
2),(0.,0.0391645739094138,0.066983566607128),(0.,0.3),.UNSPECIFIED.);
#7049=B_SPLINE_SURFACE_WITH_KNOTS('',3,1,((#9591,#9592),(#9593,#9594),(#9595,
#9596),(#9597,#9598),(#9599,#9600)),.UNSPECIFIED.,.F.,.F.,.F.,(4,1,4),(2,
2),(0.,0.0138962002640689,0.0332211663358221),(0.,0.3),.UNSPECIFIED.);
#7050=B_SPLINE_SURFACE_WITH_KNOTS('',3,1,((#9614,#9615),(#9616,#9617),(#9618,
#9619),(#9620,#9621),(#9622,#9623)),.UNSPECIFIED.,.F.,.F.,.F.,(4,1,4),(2,
2),(0.,0.0144052183962395,0.0293099605798663),(0.,0.3),.UNSPECIFIED.);
#7051=B_SPLINE_SURFACE_WITH_KNOTS('',3,1,((#9637,#9638),(#9639,#9640),(#9641,
#9642),(#9643,#9644),(#9645,#9646)),.UNSPECIFIED.,.F.,.F.,.F.,(4,1,4),(2,
2),(0.,0.0146481863560434,0.028749460394856),(0.,0.3),.UNSPECIFIED.);
#7052=B_SPLINE_SURFACE_WITH_KNOTS('',3,1,((#9660,#9661),(#9662,#9663),(#9664,
#9665),(#9666,#9667),(#9668,#9669)),.UNSPECIFIED.,.F.,.F.,.F.,(4,1,4),(2,
2),(0.,0.0153504004840873,0.0301711906226359),(0.,0.3),.UNSPECIFIED.);
#7053=B_SPLINE_SURFACE_WITH_KNOTS('',3,1,((#9683,#9684),(#9685,#9686),(#9687,
#9688),(#9689,#9690),(#9691,#9692)),.UNSPECIFIED.,.F.,.F.,.F.,(4,1,4),(2,
2),(0.,0.0246632877102061,0.0499374000833661),(0.,0.3),.UNSPECIFIED.);
#7054=B_SPLINE_SURFACE_WITH_KNOTS('',3,1,((#9706,#9707),(#9708,#9709),(#9710,
#9711),(#9712,#9713),(#9714,#9715)),.UNSPECIFIED.,.F.,.F.,.F.,(4,1,4),(2,
2),(0.,0.0319650039812994,0.0587383156542656),(0.,0.3),.UNSPECIFIED.);
#7055=B_SPLINE_SURFACE_WITH_KNOTS('',3,1,((#9729,#9730),(#9731,#9732),(#9733,
#9734),(#9735,#9736),(#9737,#9738)),.UNSPECIFIED.,.F.,.F.,.F.,(4,1,4),(2,
2),(0.,0.0202677552465301,0.0413195141387241),(0.,0.3),.UNSPECIFIED.);
#7056=B_SPLINE_SURFACE_WITH_KNOTS('',3,1,((#9752,#9753),(#9754,#9755),(#9756,
#9757),(#9758,#9759),(#9760,#9761)),.UNSPECIFIED.,.F.,.F.,.F.,(4,1,4),(2,
2),(0.,0.0249871185507209,0.0466766974143667),(0.,0.3),.UNSPECIFIED.);
#7057=B_SPLINE_SURFACE_WITH_KNOTS('',3,1,((#9775,#9776),(#9777,#9778),(#9779,
#9780),(#9781,#9782),(#9783,#9784)),.UNSPECIFIED.,.F.,.F.,.F.,(4,1,4),(2,
2),(0.,0.0132929705229795,0.0279129078741862),(0.,0.3),.UNSPECIFIED.);
#7058=B_SPLINE_SURFACE_WITH_KNOTS('',3,1,((#9796,#9797),(#9798,#9799),(#9800,
#9801),(#9802,#9803),(#9804,#9805)),.UNSPECIFIED.,.F.,.F.,.F.,(4,1,4),(2,
2),(0.,0.0357006126638634,0.0647716686686441),(0.,0.3),.UNSPECIFIED.);
#7059=B_SPLINE_SURFACE_WITH_KNOTS('',3,1,((#9822,#9823),(#9824,#9825),(#9826,
#9827),(#9828,#9829),(#9830,#9831)),.UNSPECIFIED.,.F.,.F.,.F.,(4,1,4),(2,
2),(0.,0.0257651471138071,0.0512705503485643),(0.,0.3),.UNSPECIFIED.);
#7060=B_SPLINE_SURFACE_WITH_KNOTS('',3,1,((#9845,#9846),(#9847,#9848),(#9849,
#9850),(#9851,#9852),(#9853,#9854)),.UNSPECIFIED.,.F.,.F.,.F.,(4,1,4),(2,
2),(0.,0.0257956516887622,0.0515495148903157),(0.,0.3),.UNSPECIFIED.);
#7061=B_SPLINE_SURFACE_WITH_KNOTS('',3,1,((#9868,#9869),(#9870,#9871),(#9872,
#9873),(#9874,#9875),(#9876,#9877)),.UNSPECIFIED.,.F.,.F.,.F.,(4,1,4),(2,
2),(0.,0.0293148690546388,0.0660747666110444),(0.,0.3),.UNSPECIFIED.);
#7062=B_SPLINE_SURFACE_WITH_KNOTS('',3,1,((#9891,#9892),(#9893,#9894),(#9895,
#9896),(#9897,#9898),(#9899,#9900)),.UNSPECIFIED.,.F.,.F.,.F.,(4,1,4),(2,
2),(0.,0.0408961314393219,0.0875868169261425),(0.,0.3),.UNSPECIFIED.);
#7063=B_SPLINE_SURFACE_WITH_KNOTS('',3,1,((#9917,#9918),(#9919,#9920),(#9921,
#9922),(#9923,#9924),(#9925,#9926)),.UNSPECIFIED.,.F.,.F.,.F.,(4,1,4),(2,
2),(0.,0.0376338730295437,0.0677736879234277),(0.,0.3),.UNSPECIFIED.);
#7064=B_SPLINE_SURFACE_WITH_KNOTS('',3,1,((#9940,#9941),(#9942,#9943),(#9944,
#9945),(#9946,#9947),(#9948,#9949)),.UNSPECIFIED.,.F.,.F.,.F.,(4,1,4),(2,
2),(0.,0.026269229383447,0.0528312940977197),(0.,0.3),.UNSPECIFIED.);
#7065=B_SPLINE_SURFACE_WITH_KNOTS('',3,1,((#9963,#9964),(#9965,#9966),(#9967,
#9968),(#9969,#9970),(#9971,#9972)),.UNSPECIFIED.,.F.,.F.,.F.,(4,1,4),(2,
2),(0.,0.0269803295015675,0.0545011689386695),(0.,0.3),.UNSPECIFIED.);
#7066=B_SPLINE_SURFACE_WITH_KNOTS('',3,1,((#9986,#9987),(#9988,#9989),(#9990,
#9991),(#9992,#9993),(#9994,#9995)),.UNSPECIFIED.,.F.,.F.,.F.,(4,1,4),(2,
2),(0.,0.0296776380819347,0.0672498900296932),(0.,0.3),.UNSPECIFIED.);
#7067=B_SPLINE_SURFACE_WITH_KNOTS('',3,1,((#10009,#10010),(#10011,#10012),
(#10013,#10014),(#10015,#10016),(#10017,#10018)),.UNSPECIFIED.,.F.,.F.,
 .F.,(4,1,4),(2,2),(0.,0.0256556577774179,0.0514614418821431),(0.,0.3),
 .UNSPECIFIED.);
#7068=B_SPLINE_SURFACE_WITH_KNOTS('',3,1,((#10032,#10033),(#10034,#10035),
(#10036,#10037),(#10038,#10039),(#10040,#10041)),.UNSPECIFIED.,.F.,.F.,
 .F.,(4,1,4),(2,2),(0.,0.0257538452634311,0.0515495029218782),(0.,0.3),
 .UNSPECIFIED.);
#7069=B_SPLINE_SURFACE_WITH_KNOTS('',3,1,((#10055,#10056),(#10057,#10058),
(#10059,#10060),(#10061,#10062),(#10063,#10064)),.UNSPECIFIED.,.F.,.F.,
 .F.,(4,1,4),(2,2),(0.,0.0368106746403922,0.0662614057419374),(0.,0.3),
 .UNSPECIFIED.);
#7070=B_SPLINE_SURFACE_WITH_KNOTS('',3,1,((#10075,#10076),(#10077,#10078),
(#10079,#10080),(#10081,#10082),(#10083,#10084)),.UNSPECIFIED.,.F.,.F.,
 .F.,(4,1,4),(2,2),(0.,0.0419289814424981,0.0812191197438804),(0.,0.3),
 .UNSPECIFIED.);
#7071=B_SPLINE_SURFACE_WITH_KNOTS('',3,1,((#10098,#10099),(#10100,#10101),
(#10102,#10103),(#10104,#10105),(#10106,#10107)),.UNSPECIFIED.,.F.,.F.,
 .F.,(4,1,4),(2,2),(0.,0.041384022272094,0.0807177536763302),(0.,0.3),
 .UNSPECIFIED.);
#7072=B_SPLINE_SURFACE_WITH_KNOTS('',3,1,((#10121,#10122),(#10123,#10124),
(#10125,#10126),(#10127,#10128),(#10129,#10130)),.UNSPECIFIED.,.F.,.F.,
 .F.,(4,1,4),(2,2),(0.,0.0359933052245142,0.0737235803117941),(0.,0.3),
 .UNSPECIFIED.);
#7073=B_SPLINE_SURFACE_WITH_KNOTS('',3,1,((#10144,#10145),(#10146,#10147),
(#10148,#10149),(#10150,#10151),(#10152,#10153)),.UNSPECIFIED.,.F.,.F.,
 .F.,(4,1,4),(2,2),(0.,0.0532066197629198,0.0978623965726895),(0.,0.3),
 .UNSPECIFIED.);
#7074=B_SPLINE_SURFACE_WITH_KNOTS('',3,1,((#10167,#10168),(#10169,#10170),
(#10171,#10172),(#10173,#10174),(#10175,#10176)),.UNSPECIFIED.,.F.,.F.,
 .F.,(4,1,4),(2,2),(0.,0.0414400776190129,0.0905444868197482),(0.,0.3),
 .UNSPECIFIED.);
#7075=B_SPLINE_SURFACE_WITH_KNOTS('',3,1,((#10188,#10189),(#10190,#10191),
(#10192,#10193),(#10194,#10195),(#10196,#10197)),.UNSPECIFIED.,.F.,.F.,
 .F.,(4,1,4),(2,2),(0.,0.032492819064899,0.0615551219824825),(0.,0.3),
 .UNSPECIFIED.);
#7076=B_SPLINE_SURFACE_WITH_KNOTS('',3,1,((#10214,#10215),(#10216,#10217),
(#10218,#10219),(#10220,#10221),(#10222,#10223)),.UNSPECIFIED.,.F.,.F.,
 .F.,(4,1,4),(2,2),(0.,0.028411101722809,0.0593662136708615),(0.,0.3),
 .UNSPECIFIED.);
#7077=B_SPLINE_SURFACE_WITH_KNOTS('',3,1,((#10243,#10244),(#10245,#10246),
(#10247,#10248),(#10249,#10250),(#10251,#10252)),.UNSPECIFIED.,.F.,.F.,
 .F.,(4,1,4),(2,2),(0.,0.02046040648073,0.0381419326843982),(0.,0.3),
 .UNSPECIFIED.);
#7078=B_SPLINE_SURFACE_WITH_KNOTS('',3,1,((#10266,#10267),(#10268,#10269),
(#10270,#10271),(#10272,#10273),(#10274,#10275)),.UNSPECIFIED.,.F.,.F.,
 .F.,(4,1,4),(2,2),(0.,0.0165052233576022,0.0337639055294323),(0.,0.3),
 .UNSPECIFIED.);
#7079=B_SPLINE_SURFACE_WITH_KNOTS('',3,1,((#10289,#10290),(#10291,#10292),
(#10293,#10294),(#10295,#10296),(#10297,#10298)),.UNSPECIFIED.,.F.,.F.,
 .F.,(4,1,4),(2,2),(0.,0.025715185385894,0.0507424674045018),(0.,0.3),
 .UNSPECIFIED.);
#7080=B_SPLINE_SURFACE_WITH_KNOTS('',3,1,((#10312,#10313),(#10314,#10315),
(#10316,#10317),(#10318,#10319),(#10320,#10321)),.UNSPECIFIED.,.F.,.F.,
 .F.,(4,1,4),(2,2),(0.,0.028805609577931,0.0664044699906886),(0.,0.3),
 .UNSPECIFIED.);
#7081=B_SPLINE_SURFACE_WITH_KNOTS('',3,1,((#10335,#10336),(#10337,#10338),
(#10339,#10340),(#10341,#10342),(#10343,#10344)),.UNSPECIFIED.,.F.,.F.,
 .F.,(4,1,4),(2,2),(0.,0.038038962016719,0.0667768904032273),(0.,0.3),
 .UNSPECIFIED.);
#7082=B_SPLINE_SURFACE_WITH_KNOTS('',3,1,((#10358,#10359),(#10360,#10361),
(#10362,#10363),(#10364,#10365),(#10366,#10367)),.UNSPECIFIED.,.F.,.F.,
 .F.,(4,1,4),(2,2),(0.,0.0244050734071065,0.0493577680694187),(0.,0.3),
 .UNSPECIFIED.);
#7083=B_SPLINE_SURFACE_WITH_KNOTS('',3,1,((#10381,#10382),(#10383,#10384),
(#10385,#10386),(#10387,#10388),(#10389,#10390)),.UNSPECIFIED.,.F.,.F.,
 .F.,(4,1,4),(2,2),(0.,0.0201770057644282,0.0393045689721382),(0.,0.3),
 .UNSPECIFIED.);
#7084=B_SPLINE_SURFACE_WITH_KNOTS('',3,1,((#10404,#10405),(#10406,#10407),
(#10408,#10409),(#10410,#10411),(#10412,#10413)),.UNSPECIFIED.,.F.,.F.,
 .F.,(4,1,4),(2,2),(0.,0.0268852789729983,0.054101484420548),(0.,0.3),
 .UNSPECIFIED.);
#7085=B_SPLINE_SURFACE_WITH_KNOTS('',3,1,((#10427,#10428),(#10429,#10430),
(#10431,#10432),(#10433,#10434),(#10435,#10436)),.UNSPECIFIED.,.F.,.F.,
 .F.,(4,1,4),(2,2),(0.,0.0273486264595096,0.05378711769057),(0.,0.3),
 .UNSPECIFIED.);
#7086=B_SPLINE_SURFACE_WITH_KNOTS('',3,1,((#10450,#10451),(#10452,#10453),
(#10454,#10455),(#10456,#10457),(#10458,#10459)),.UNSPECIFIED.,.F.,.F.,
 .F.,(4,1,4),(2,2),(0.,0.0331265659739551,0.0630329326535758),(0.,0.3),
 .UNSPECIFIED.);
#7087=B_SPLINE_SURFACE_WITH_KNOTS('',3,1,((#10473,#10474),(#10475,#10476),
(#10477,#10478),(#10479,#10480),(#10481,#10482)),.UNSPECIFIED.,.F.,.F.,
 .F.,(4,1,4),(2,2),(0.,0.040922642345287,0.0895351627009922),(0.,0.3),
 .UNSPECIFIED.);
#7088=B_SPLINE_SURFACE_WITH_KNOTS('',3,1,((#10496,#10497),(#10498,#10499),
(#10500,#10501),(#10502,#10503),(#10504,#10505)),.UNSPECIFIED.,.F.,.F.,
 .F.,(4,1,4),(2,2),(0.,0.040912780710114,0.0792710245612411),(0.,0.3),
 .UNSPECIFIED.);
#7089=B_SPLINE_SURFACE_WITH_KNOTS('',3,1,((#10519,#10520),(#10521,#10522),
(#10523,#10524),(#10525,#10526),(#10527,#10528)),.UNSPECIFIED.,.F.,.F.,
 .F.,(4,1,4),(2,2),(0.,0.0314305218232246,0.0646445345398385),(0.,0.3),
 .UNSPECIFIED.);
#7090=B_SPLINE_SURFACE_WITH_KNOTS('',3,1,((#10542,#10543),(#10544,#10545),
(#10546,#10547),(#10548,#10549),(#10550,#10551)),.UNSPECIFIED.,.F.,.F.,
 .F.,(4,1,4),(2,2),(0.,0.0350456018104377,0.0672536438591241),(0.,0.3),
 .UNSPECIFIED.);
#7091=B_SPLINE_SURFACE_WITH_KNOTS('',3,1,((#10571,#10572),(#10573,#10574),
(#10575,#10576),(#10577,#10578),(#10579,#10580)),.UNSPECIFIED.,.F.,.F.,
 .F.,(4,1,4),(2,2),(0.,0.0206373042254919,0.0455581073984298),(0.,0.3),
 .UNSPECIFIED.);
#7092=B_SPLINE_SURFACE_WITH_KNOTS('',3,1,((#10654,#10655),(#10656,#10657),
(#10658,#10659),(#10660,#10661),(#10662,#10663)),.UNSPECIFIED.,.F.,.F.,
 .F.,(4,1,4),(2,2),(0.,0.0241538951505589,0.0389842774449933),(0.,0.3),
 .UNSPECIFIED.);
#7093=B_SPLINE_SURFACE_WITH_KNOTS('',3,1,((#10680,#10681),(#10682,#10683),
(#10684,#10685),(#10686,#10687),(#10688,#10689)),.UNSPECIFIED.,.F.,.F.,
 .F.,(4,1,4),(2,2),(0.,0.0140807146439169,0.0276895867143063),(0.,0.3),
 .UNSPECIFIED.);
#7094=B_SPLINE_SURFACE_WITH_KNOTS('',3,1,((#10703,#10704),(#10705,#10706),
(#10707,#10708),(#10709,#10710),(#10711,#10712)),.UNSPECIFIED.,.F.,.F.,
 .F.,(4,1,4),(2,2),(0.,0.0140028071090503,0.0293850910663141),(0.,0.3),
 .UNSPECIFIED.);
#7095=B_SPLINE_SURFACE_WITH_KNOTS('',3,1,((#10726,#10727),(#10728,#10729),
(#10730,#10731),(#10732,#10733),(#10734,#10735)),.UNSPECIFIED.,.F.,.F.,
 .F.,(4,1,4),(2,2),(0.,0.01620047069637,0.0325046735588051),(0.,0.3),
 .UNSPECIFIED.);
#7096=B_SPLINE_SURFACE_WITH_KNOTS('',3,1,((#10749,#10750),(#10751,#10752),
(#10753,#10754),(#10755,#10756),(#10757,#10758)),.UNSPECIFIED.,.F.,.F.,
 .F.,(4,1,4),(2,2),(0.,0.0159642032939481,0.0313111496314098),(0.,0.3),
 .UNSPECIFIED.);
#7097=B_SPLINE_SURFACE_WITH_KNOTS('',3,1,((#10772,#10773),(#10774,#10775),
(#10776,#10777),(#10778,#10779),(#10780,#10781)),.UNSPECIFIED.,.F.,.F.,
 .F.,(4,1,4),(2,2),(0.,0.0185874892618134,0.0431920136214664),(0.,0.3),
 .UNSPECIFIED.);
#7098=B_SPLINE_SURFACE_WITH_KNOTS('',3,1,((#10837,#10838),(#10839,#10840),
(#10841,#10842),(#10843,#10844),(#10845,#10846)),.UNSPECIFIED.,.F.,.F.,
 .F.,(4,1,4),(2,2),(0.,0.0141190421797065,0.0344883444887561),(0.,0.3),
 .UNSPECIFIED.);
#7099=B_SPLINE_SURFACE_WITH_KNOTS('',3,1,((#10860,#10861),(#10862,#10863),
(#10864,#10865),(#10866,#10867),(#10868,#10869)),.UNSPECIFIED.,.F.,.F.,
 .F.,(4,1,4),(2,2),(0.,0.0142169383525298,0.0298045189111395),(0.,0.3),
 .UNSPECIFIED.);
#7100=B_SPLINE_SURFACE_WITH_KNOTS('',3,1,((#10883,#10884),(#10885,#10886),
(#10887,#10888),(#10889,#10890),(#10891,#10892)),.UNSPECIFIED.,.F.,.F.,
 .F.,(4,1,4),(2,2),(0.,0.0166824877344183,0.0311168638846166),(0.,0.3),
 .UNSPECIFIED.);
#7101=B_SPLINE_SURFACE_WITH_KNOTS('',3,1,((#10906,#10907),(#10908,#10909),
(#10910,#10911),(#10912,#10913),(#10914,#10915)),.UNSPECIFIED.,.F.,.F.,
 .F.,(4,1,4),(2,2),(0.,0.0187129533598401,0.0369636545499819),(0.,0.3),
 .UNSPECIFIED.);
#7102=B_SPLINE_SURFACE_WITH_KNOTS('',3,1,((#10929,#10930),(#10931,#10932),
(#10933,#10934),(#10935,#10936),(#10937,#10938)),.UNSPECIFIED.,.F.,.F.,
 .F.,(4,1,4),(2,2),(0.,0.0407297301740441,0.0808360291781571),(0.,0.3),
 .UNSPECIFIED.);
#7103=B_SPLINE_SURFACE_WITH_KNOTS('',3,1,((#10956,#10957),(#10958,#10959),
(#10960,#10961),(#10962,#10963),(#10964,#10965)),.UNSPECIFIED.,.F.,.F.,
 .F.,(4,1,4),(2,2),(0.,0.0165697114462524,0.0361255350166878),(0.,0.3),
 .UNSPECIFIED.);
#7104=B_SPLINE_SURFACE_WITH_KNOTS('',3,1,((#10988,#10989),(#10990,#10991),
(#10992,#10993),(#10994,#10995),(#10996,#10997)),.UNSPECIFIED.,.F.,.F.,
 .F.,(4,1,4),(2,2),(0.,0.0156935659075341,0.0304322034400853),(0.,0.3),
 .UNSPECIFIED.);
#7105=B_SPLINE_SURFACE_WITH_KNOTS('',3,1,((#11011,#11012),(#11013,#11014),
(#11015,#11016),(#11017,#11018),(#11019,#11020)),.UNSPECIFIED.,.F.,.F.,
 .F.,(4,1,4),(2,2),(0.,0.015786687240893,0.0349629834323601),(0.,0.3),
 .UNSPECIFIED.);
#7106=B_SPLINE_SURFACE_WITH_KNOTS('',3,1,((#11034,#11035),(#11036,#11037),
(#11038,#11039),(#11040,#11041),(#11042,#11043)),.UNSPECIFIED.,.F.,.F.,
 .F.,(4,1,4),(2,2),(0.,0.0218437917430047,0.0376303302026461),(0.,0.3),
 .UNSPECIFIED.);
#7107=B_SPLINE_SURFACE_WITH_KNOTS('',3,1,((#11057,#11058),(#11059,#11060),
(#11061,#11062),(#11063,#11064),(#11065,#11066)),.UNSPECIFIED.,.F.,.F.,
 .F.,(4,1,4),(2,2),(0.,0.0122104290097153,0.0230925282174711),(0.,0.3),
 .UNSPECIFIED.);
#7108=B_SPLINE_SURFACE_WITH_KNOTS('',3,1,((#11080,#11081),(#11082,#11083),
(#11084,#11085),(#11086,#11087),(#11088,#11089)),.UNSPECIFIED.,.F.,.F.,
 .F.,(4,1,4),(2,2),(0.,0.00689669123205101,0.0138583568092846),(0.,0.3),
 .UNSPECIFIED.);
#7109=B_SPLINE_SURFACE_WITH_KNOTS('',3,1,((#11103,#11104),(#11105,#11106),
(#11107,#11108),(#11109,#11110),(#11111,#11112)),.UNSPECIFIED.,.F.,.F.,
 .F.,(4,1,4),(2,2),(0.,0.00792643350598363,0.0173549446166968),(0.,0.3),
 .UNSPECIFIED.);
#7110=B_SPLINE_SURFACE_WITH_KNOTS('',3,1,((#11126,#11127),(#11128,#11129),
(#11130,#11131),(#11132,#11133),(#11134,#11135)),.UNSPECIFIED.,.F.,.F.,
 .F.,(4,1,4),(2,2),(0.,0.0114081170779597,0.0338748989424598),(0.,0.3),
 .UNSPECIFIED.);
#7111=B_SPLINE_SURFACE_WITH_KNOTS('',3,1,((#11149,#11150),(#11151,#11152),
(#11153,#11154),(#11155,#11156),(#11157,#11158)),.UNSPECIFIED.,.F.,.F.,
 .F.,(4,1,4),(2,2),(0.,0.0344900982180746,0.0571137344368951),(0.,0.3),
 .UNSPECIFIED.);
#7112=B_SPLINE_SURFACE_WITH_KNOTS('',3,1,((#11172,#11173),(#11174,#11175),
(#11176,#11177),(#11178,#11179),(#11180,#11181)),.UNSPECIFIED.,.F.,.F.,
 .F.,(4,1,4),(2,2),(0.,0.0160485191931009,0.0313579104193546),(0.,0.3),
 .UNSPECIFIED.);
#7113=B_SPLINE_SURFACE_WITH_KNOTS('',3,1,((#11195,#11196),(#11197,#11198),
(#11199,#11200),(#11201,#11202),(#11203,#11204)),.UNSPECIFIED.,.F.,.F.,
 .F.,(4,1,4),(2,2),(0.,0.0156789912852995,0.0331103131155002),(0.,0.3),
 .UNSPECIFIED.);
#7114=B_SPLINE_SURFACE_WITH_KNOTS('',3,1,((#11218,#11219),(#11220,#11221),
(#11222,#11223),(#11224,#11225),(#11226,#11227)),.UNSPECIFIED.,.F.,.F.,
 .F.,(4,1,4),(2,2),(0.,0.0181100034805846,0.0368501352766032),(0.,0.3),
 .UNSPECIFIED.);
#7115=B_SPLINE_SURFACE_WITH_KNOTS('',3,1,((#11241,#11242),(#11243,#11244),
(#11245,#11246),(#11247,#11248),(#11249,#11250)),.UNSPECIFIED.,.F.,.F.,
 .F.,(4,1,4),(2,2),(0.,0.0194127930022797,0.040276993488579),(0.,0.3),
 .UNSPECIFIED.);
#7116=B_SPLINE_SURFACE_WITH_KNOTS('',3,1,((#11264,#11265),(#11266,#11267),
(#11268,#11269),(#11270,#11271),(#11272,#11273)),.UNSPECIFIED.,.F.,.F.,
 .F.,(4,1,4),(2,2),(0.,0.0225755208025908,0.0469247715581472),(0.,0.3),
 .UNSPECIFIED.);
#7117=B_SPLINE_SURFACE_WITH_KNOTS('',3,1,((#11287,#11288),(#11289,#11290),
(#11291,#11292),(#11293,#11294),(#11295,#11296)),.UNSPECIFIED.,.F.,.F.,
 .F.,(4,1,4),(2,2),(0.,0.0376048095182973,0.0679455398813643),(0.,0.3),
 .UNSPECIFIED.);
#7118=B_SPLINE_SURFACE_WITH_KNOTS('',3,1,((#11310,#11311),(#11312,#11313),
(#11314,#11315),(#11316,#11317),(#11318,#11319)),.UNSPECIFIED.,.F.,.F.,
 .F.,(4,1,4),(2,2),(0.,0.0283760780429009,0.0603601594172985),(0.,0.3),
 .UNSPECIFIED.);
#7119=B_SPLINE_SURFACE_WITH_KNOTS('',3,1,((#11333,#11334),(#11335,#11336),
(#11337,#11338),(#11339,#11340),(#11341,#11342)),.UNSPECIFIED.,.F.,.F.,
 .F.,(4,1,4),(2,2),(0.,0.0189911630138645,0.0353449760370598),(0.,0.3),
 .UNSPECIFIED.);
#7120=B_SPLINE_SURFACE_WITH_KNOTS('',3,1,((#11356,#11357),(#11358,#11359),
(#11360,#11361),(#11362,#11363),(#11364,#11365)),.UNSPECIFIED.,.F.,.F.,
 .F.,(4,1,4),(2,2),(0.,0.0240644907623731,0.045607029848859),(0.,0.3),
 .UNSPECIFIED.);
#7121=B_SPLINE_SURFACE_WITH_KNOTS('',3,1,((#11379,#11380),(#11381,#11382),
(#11383,#11384),(#11385,#11386),(#11387,#11388)),.UNSPECIFIED.,.F.,.F.,
 .F.,(4,1,4),(2,2),(0.,0.0158148354288403,0.0323266522388711),(0.,0.3),
 .UNSPECIFIED.);
#7122=B_SPLINE_SURFACE_WITH_KNOTS('',3,1,((#11402,#11403),(#11404,#11405),
(#11406,#11407),(#11408,#11409),(#11410,#11411)),.UNSPECIFIED.,.F.,.F.,
 .F.,(4,1,4),(2,2),(0.,0.0116885994406817,0.0257365485885518),(0.,0.3),
 .UNSPECIFIED.);
#7123=B_SPLINE_SURFACE_WITH_KNOTS('',3,1,((#11425,#11426),(#11427,#11428),
(#11429,#11430),(#11431,#11432),(#11433,#11434)),.UNSPECIFIED.,.F.,.F.,
 .F.,(4,1,4),(2,2),(0.,0.0138937660227725,0.0277316817331833),(0.,0.3),
 .UNSPECIFIED.);
#7124=B_SPLINE_SURFACE_WITH_KNOTS('',3,1,((#11448,#11449),(#11450,#11451),
(#11452,#11453),(#11454,#11455),(#11456,#11457)),.UNSPECIFIED.,.F.,.F.,
 .F.,(4,1,4),(2,2),(0.,0.0140621985813753,0.0278104359472735),(0.,0.3),
 .UNSPECIFIED.);
#7125=B_SPLINE_SURFACE_WITH_KNOTS('',3,1,((#11471,#11472),(#11473,#11474),
(#11475,#11476),(#11477,#11478),(#11479,#11480)),.UNSPECIFIED.,.F.,.F.,
 .F.,(4,1,4),(2,2),(0.,0.0151951854460161,0.0306214812508769),(0.,0.3),
 .UNSPECIFIED.);
#7126=B_SPLINE_SURFACE_WITH_KNOTS('',3,1,((#11494,#11495),(#11496,#11497),
(#11498,#11499),(#11500,#11501),(#11502,#11503)),.UNSPECIFIED.,.F.,.F.,
 .F.,(4,1,4),(2,2),(0.,0.0163750088727245,0.0317957921364258),(0.,0.3),
 .UNSPECIFIED.);
#7127=B_SPLINE_SURFACE_WITH_KNOTS('',3,1,((#11517,#11518),(#11519,#11520),
(#11521,#11522),(#11523,#11524),(#11525,#11526)),.UNSPECIFIED.,.F.,.F.,
 .F.,(4,1,4),(2,2),(0.,0.0356225627211936,0.0590112093380318),(0.,0.3),
 .UNSPECIFIED.);
#7128=B_SPLINE_SURFACE_WITH_KNOTS('',3,1,((#11540,#11541),(#11542,#11543),
(#11544,#11545),(#11546,#11547),(#11548,#11549)),.UNSPECIFIED.,.F.,.F.,
 .F.,(4,1,4),(2,2),(0.,0.0143287735402271,0.0397397156670732),(0.,0.3),
 .UNSPECIFIED.);
#7129=B_SPLINE_SURFACE_WITH_KNOTS('',3,1,((#11563,#11564),(#11565,#11566),
(#11567,#11568),(#11569,#11570),(#11571,#11572)),.UNSPECIFIED.,.F.,.F.,
 .F.,(4,1,4),(2,2),(0.,0.011477672442756,0.0232373682112948),(0.,0.3),
 .UNSPECIFIED.);
#7130=B_SPLINE_SURFACE_WITH_KNOTS('',3,1,((#11586,#11587),(#11588,#11589),
(#11590,#11591),(#11592,#11593),(#11594,#11595)),.UNSPECIFIED.,.F.,.F.,
 .F.,(4,1,4),(2,2),(0.,0.0145819283124945,0.0279838895788508),(0.,0.3),
 .UNSPECIFIED.);
#7131=B_SPLINE_SURFACE_WITH_KNOTS('',3,1,((#11609,#11610),(#11611,#11612),
(#11613,#11614),(#11615,#11616),(#11617,#11618)),.UNSPECIFIED.,.F.,.F.,
 .F.,(4,1,4),(2,2),(0.,0.0222484641531181,0.039591197358814),(0.,0.3),
 .UNSPECIFIED.);
#7132=B_SPLINE_SURFACE_WITH_KNOTS('',3,1,((#11632,#11633),(#11634,#11635),
(#11636,#11637),(#11638,#11639),(#11640,#11641)),.UNSPECIFIED.,.F.,.F.,
 .F.,(4,1,4),(2,2),(0.,0.0190146726676423,0.0416115411876958),(0.,0.3),
 .UNSPECIFIED.);
#7133=B_SPLINE_SURFACE_WITH_KNOTS('',3,1,((#11655,#11656),(#11657,#11658),
(#11659,#11660),(#11661,#11662),(#11663,#11664)),.UNSPECIFIED.,.F.,.F.,
 .F.,(4,1,4),(2,2),(0.,0.020183953237914,0.0382893155650903),(0.,0.3),
 .UNSPECIFIED.);
#7134=B_SPLINE_SURFACE_WITH_KNOTS('',3,1,((#11764,#11765),(#11766,#11767),
(#11768,#11769),(#11770,#11771),(#11772,#11773)),.UNSPECIFIED.,.F.,.F.,
 .F.,(4,1,4),(2,2),(0.,0.0241538958448995,0.0389842747466452),(0.,0.3),
 .UNSPECIFIED.);
#7135=B_SPLINE_SURFACE_WITH_KNOTS('',3,1,((#11787,#11788),(#11789,#11790),
(#11791,#11792),(#11793,#11794),(#11795,#11796)),.UNSPECIFIED.,.F.,.F.,
 .F.,(4,1,4),(2,2),(0.,0.0140807031660819,0.0276895548459812),(0.,0.3),
 .UNSPECIFIED.);
#7136=B_SPLINE_SURFACE_WITH_KNOTS('',3,1,((#11810,#11811),(#11812,#11813),
(#11814,#11815),(#11816,#11817),(#11818,#11819)),.UNSPECIFIED.,.F.,.F.,
 .F.,(4,1,4),(2,2),(0.,0.0140028071090503,0.0293850910663141),(0.,0.3),
 .UNSPECIFIED.);
#7137=B_SPLINE_SURFACE_WITH_KNOTS('',3,1,((#11833,#11834),(#11835,#11836),
(#11837,#11838),(#11839,#11840),(#11841,#11842)),.UNSPECIFIED.,.F.,.F.,
 .F.,(4,1,4),(2,2),(0.,0.0162005002478395,0.0325046756170752),(0.,0.3),
 .UNSPECIFIED.);
#7138=B_SPLINE_SURFACE_WITH_KNOTS('',3,1,((#11856,#11857),(#11858,#11859),
(#11860,#11861),(#11862,#11863),(#11864,#11865)),.UNSPECIFIED.,.F.,.F.,
 .F.,(4,1,4),(2,2),(0.,0.0159641801814743,0.031311126518936),(0.,0.3),
 .UNSPECIFIED.);
#7139=B_SPLINE_SURFACE_WITH_KNOTS('',3,1,((#11879,#11880),(#11881,#11882),
(#11883,#11884),(#11885,#11886),(#11887,#11888)),.UNSPECIFIED.,.F.,.F.,
 .F.,(4,1,4),(2,2),(0.,0.0185874966442214,0.043192026580771),(0.,0.3),
 .UNSPECIFIED.);
#7140=B_SPLINE_SURFACE_WITH_KNOTS('',3,1,((#11932,#11933),(#11934,#11935),
(#11936,#11937),(#11938,#11939),(#11940,#11941)),.UNSPECIFIED.,.F.,.F.,
 .F.,(4,1,4),(2,2),(0.,0.0141190386160887,0.0344883417484865),(0.,0.3),
 .UNSPECIFIED.);
#7141=B_SPLINE_SURFACE_WITH_KNOTS('',3,1,((#11955,#11956),(#11957,#11958),
(#11959,#11960),(#11961,#11962),(#11963,#11964)),.UNSPECIFIED.,.F.,.F.,
 .F.,(4,1,4),(2,2),(0.,0.0142169454842327,0.0298045132781554),(0.,0.3),
 .UNSPECIFIED.);
#7142=B_SPLINE_SURFACE_WITH_KNOTS('',3,1,((#11978,#11979),(#11980,#11981),
(#11982,#11983),(#11984,#11985),(#11986,#11987)),.UNSPECIFIED.,.F.,.F.,
 .F.,(4,1,4),(2,2),(0.,0.016682513598817,0.031116868517726),(0.,0.3),
 .UNSPECIFIED.);
#7143=B_SPLINE_SURFACE_WITH_KNOTS('',3,1,((#12001,#12002),(#12003,#12004),
(#12005,#12006),(#12007,#12008),(#12009,#12010)),.UNSPECIFIED.,.F.,.F.,
 .F.,(4,1,4),(2,2),(0.,0.0187129533598401,0.0369636829537634),(0.,0.3),
 .UNSPECIFIED.);
#7144=B_SPLINE_SURFACE_WITH_KNOTS('',3,1,((#12024,#12025),(#12026,#12027),
(#12028,#12029),(#12030,#12031),(#12032,#12033)),.UNSPECIFIED.,.F.,.F.,
 .F.,(4,1,4),(2,2),(0.,0.040729773971734,0.080836072975847),(0.,0.3),
 .UNSPECIFIED.);
#7145=B_SPLINE_SURFACE_WITH_KNOTS('',3,1,((#12078,#12079),(#12080,#12081),
(#12082,#12083),(#12084,#12085),(#12086,#12087)),.UNSPECIFIED.,.F.,.F.,
 .F.,(4,1,4),(2,2),(0.,0.0240307094686064,0.0426497595692976),(0.,0.3),
 .UNSPECIFIED.);
#7146=B_SPLINE_SURFACE_WITH_KNOTS('',3,1,((#12101,#12102),(#12103,#12104),
(#12105,#12106),(#12107,#12108),(#12109,#12110)),.UNSPECIFIED.,.F.,.F.,
 .F.,(4,1,4),(2,2),(0.,0.0172398945545862,0.0368871346573663),(0.,0.3),
 .UNSPECIFIED.);
#7147=B_SPLINE_SURFACE_WITH_KNOTS('',3,1,((#12124,#12125),(#12126,#12127),
(#12128,#12129),(#12130,#12131),(#12132,#12133)),.UNSPECIFIED.,.F.,.F.,
 .F.,(4,1,4),(2,2),(0.,0.0160550596988642,0.0323721169852526),(0.,0.3),
 .UNSPECIFIED.);
#7148=B_SPLINE_SURFACE_WITH_KNOTS('',3,1,((#12147,#12148),(#12149,#12150),
(#12151,#12152),(#12153,#12154),(#12155,#12156)),.UNSPECIFIED.,.F.,.F.,
 .F.,(4,1,4),(2,2),(0.,0.0157879869533452,0.0311457739859504),(0.,0.3),
 .UNSPECIFIED.);
#7149=B_SPLINE_SURFACE_WITH_KNOTS('',3,1,((#12170,#12171),(#12172,#12173),
(#12174,#12175),(#12176,#12177),(#12178,#12179)),.UNSPECIFIED.,.F.,.F.,
 .F.,(4,1,4),(2,2),(0.,0.0178944692286745,0.0407632126650287),(0.,0.3),
 .UNSPECIFIED.);
#7150=B_SPLINE_SURFACE_WITH_KNOTS('',3,1,((#12199,#12200),(#12201,#12202),
(#12203,#12204),(#12205,#12206),(#12207,#12208)),.UNSPECIFIED.,.F.,.F.,
 .F.,(4,1,4),(2,2),(0.,0.0213771366059636,0.0495820108627848),(0.,0.3),
 .UNSPECIFIED.);
#7151=B_SPLINE_SURFACE_WITH_KNOTS('',3,1,((#12222,#12223),(#12224,#12225),
(#12226,#12227),(#12228,#12229),(#12230,#12231)),.UNSPECIFIED.,.F.,.F.,
 .F.,(4,1,4),(2,2),(0.,0.0189500582244542,0.036999194144318),(0.,0.3),
 .UNSPECIFIED.);
#7152=B_SPLINE_SURFACE_WITH_KNOTS('',3,1,((#12245,#12246),(#12247,#12248),
(#12249,#12250),(#12251,#12252),(#12253,#12254)),.UNSPECIFIED.,.F.,.F.,
 .F.,(4,1,4),(2,2),(0.,0.0226891404732145,0.0433770035235935),(0.,0.3),
 .UNSPECIFIED.);
#7153=B_SPLINE_SURFACE_WITH_KNOTS('',3,1,((#12268,#12269),(#12270,#12271),
(#12272,#12273),(#12274,#12275),(#12276,#12277)),.UNSPECIFIED.,.F.,.F.,
 .F.,(4,1,4),(2,2),(0.,0.0367760391115775,0.0734586024706749),(0.,0.3),
 .UNSPECIFIED.);
#7154=B_SPLINE_SURFACE_WITH_KNOTS('',3,1,((#12313,#12314),(#12315,#12316),
(#12317,#12318),(#12319,#12320),(#12321,#12322)),.UNSPECIFIED.,.F.,.F.,
 .F.,(4,1,4),(2,2),(0.,0.0165697114462524,0.0361255050784781),(0.,0.3),
 .UNSPECIFIED.);
#7155=B_SPLINE_SURFACE_WITH_KNOTS('',3,1,((#12345,#12346),(#12347,#12348),
(#12349,#12350),(#12351,#12352),(#12353,#12354)),.UNSPECIFIED.,.F.,.F.,
 .F.,(4,1,4),(2,2),(0.,0.0156935841722232,0.0304321447395108),(0.,0.3),
 .UNSPECIFIED.);
#7156=B_SPLINE_SURFACE_WITH_KNOTS('',3,1,((#12368,#12369),(#12370,#12371),
(#12372,#12373),(#12374,#12375),(#12376,#12377)),.UNSPECIFIED.,.F.,.F.,
 .F.,(4,1,4),(2,2),(0.,0.0157867405529305,0.0349632142067205),(0.,0.3),
 .UNSPECIFIED.);
#7157=B_SPLINE_SURFACE_WITH_KNOTS('',3,1,((#12391,#12392),(#12393,#12394),
(#12395,#12396),(#12397,#12398),(#12399,#12400)),.UNSPECIFIED.,.F.,.F.,
 .F.,(4,1,4),(2,2),(0.,0.0218437620784005,0.0376303278704026),(0.,0.3),
 .UNSPECIFIED.);
#7158=B_SPLINE_SURFACE_WITH_KNOTS('',3,1,((#12414,#12415),(#12416,#12417),
(#12418,#12419),(#12420,#12421),(#12422,#12423)),.UNSPECIFIED.,.F.,.F.,
 .F.,(4,1,4),(2,2),(0.,0.0122103495949847,0.0230924339513016),(0.,0.3),
 .UNSPECIFIED.);
#7159=B_SPLINE_SURFACE_WITH_KNOTS('',3,1,((#12437,#12438),(#12439,#12440),
(#12441,#12442),(#12443,#12444),(#12445,#12446)),.UNSPECIFIED.,.F.,.F.,
 .F.,(4,1,4),(2,2),(0.,0.00689670095955934,0.0138583376275734),(0.,0.3),
 .UNSPECIFIED.);
#7160=B_SPLINE_SURFACE_WITH_KNOTS('',3,1,((#12460,#12461),(#12462,#12463),
(#12464,#12465),(#12466,#12467),(#12468,#12469)),.UNSPECIFIED.,.F.,.F.,
 .F.,(4,1,4),(2,2),(0.,0.007926368298597,0.0173548003336856),(0.,0.3),
 .UNSPECIFIED.);
#7161=B_SPLINE_SURFACE_WITH_KNOTS('',3,1,((#12483,#12484),(#12485,#12486),
(#12487,#12488),(#12489,#12490),(#12491,#12492)),.UNSPECIFIED.,.F.,.F.,
 .F.,(4,1,4),(2,2),(0.,0.011408287880327,0.0338750697448271),(0.,0.3),
 .UNSPECIFIED.);
#7162=B_SPLINE_SURFACE_WITH_KNOTS('',3,1,((#12506,#12507),(#12508,#12509),
(#12510,#12511),(#12512,#12513),(#12514,#12515)),.UNSPECIFIED.,.F.,.F.,
 .F.,(4,1,4),(2,2),(0.,0.0344900409268451,0.0571137332166078),(0.,0.3),
 .UNSPECIFIED.);
#7163=B_SPLINE_SURFACE_WITH_KNOTS('',3,1,((#12529,#12530),(#12531,#12532),
(#12533,#12534),(#12535,#12536),(#12537,#12538)),.UNSPECIFIED.,.F.,.F.,
 .F.,(4,1,4),(2,2),(0.,0.016048467701035,0.031357818095045),(0.,0.3),
 .UNSPECIFIED.);
#7164=B_SPLINE_SURFACE_WITH_KNOTS('',3,1,((#12552,#12553),(#12554,#12555),
(#12556,#12557),(#12558,#12559),(#12560,#12561)),.UNSPECIFIED.,.F.,.F.,
 .F.,(4,1,4),(2,2),(0.,0.0156790163741953,0.033110338204396),(0.,0.3),
 .UNSPECIFIED.);
#7165=B_SPLINE_SURFACE_WITH_KNOTS('',3,1,((#12575,#12576),(#12577,#12578),
(#12579,#12580),(#12581,#12582),(#12583,#12584)),.UNSPECIFIED.,.F.,.F.,
 .F.,(4,1,4),(2,2),(0.,0.0181100124048366,0.0368501442008552),(0.,0.3),
 .UNSPECIFIED.);
#7166=B_SPLINE_SURFACE_WITH_KNOTS('',3,1,((#12598,#12599),(#12600,#12601),
(#12602,#12603),(#12604,#12605),(#12606,#12607)),.UNSPECIFIED.,.F.,.F.,
 .F.,(4,1,4),(2,2),(0.,0.0194128330576685,0.0402770335439677),(0.,0.3),
 .UNSPECIFIED.);
#7167=B_SPLINE_SURFACE_WITH_KNOTS('',3,1,((#12621,#12622),(#12623,#12624),
(#12625,#12626),(#12627,#12628),(#12629,#12630)),.UNSPECIFIED.,.F.,.F.,
 .F.,(4,1,4),(2,2),(0.,0.0225754638017035,0.0469245958354869),(0.,0.3),
 .UNSPECIFIED.);
#7168=B_SPLINE_SURFACE_WITH_KNOTS('',3,1,((#12644,#12645),(#12646,#12647),
(#12648,#12649),(#12650,#12651),(#12652,#12653)),.UNSPECIFIED.,.F.,.F.,
 .F.,(4,1,4),(2,2),(0.,0.0376048687135815,0.067945545407736),(0.,0.3),
 .UNSPECIFIED.);
#7169=B_SPLINE_SURFACE_WITH_KNOTS('',3,1,((#12667,#12668),(#12669,#12670),
(#12671,#12672),(#12673,#12674),(#12675,#12676)),.UNSPECIFIED.,.F.,.F.,
 .F.,(4,1,4),(2,2),(0.,0.0283760780429009,0.060360197171872),(0.,0.3),
 .UNSPECIFIED.);
#7170=B_SPLINE_SURFACE_WITH_KNOTS('',3,1,((#12690,#12691),(#12692,#12693),
(#12694,#12695),(#12696,#12697),(#12698,#12699)),.UNSPECIFIED.,.F.,.F.,
 .F.,(4,1,4),(2,2),(0.,0.0189911630138645,0.0353451046959422),(0.,0.3),
 .UNSPECIFIED.);
#7171=B_SPLINE_SURFACE_WITH_KNOTS('',3,1,((#12713,#12714),(#12715,#12716),
(#12717,#12718),(#12719,#12720),(#12721,#12722)),.UNSPECIFIED.,.F.,.F.,
 .F.,(4,1,4),(2,2),(0.,0.0240645501921973,0.0456069740570334),(0.,0.3),
 .UNSPECIFIED.);
#7172=B_SPLINE_SURFACE_WITH_KNOTS('',3,1,((#12736,#12737),(#12738,#12739),
(#12740,#12741),(#12742,#12743),(#12744,#12745)),.UNSPECIFIED.,.F.,.F.,
 .F.,(4,1,4),(2,2),(0.,0.0158148936591361,0.0323265915371445),(0.,0.3),
 .UNSPECIFIED.);
#7173=B_SPLINE_SURFACE_WITH_KNOTS('',3,1,((#12759,#12760),(#12761,#12762),
(#12763,#12764),(#12765,#12766),(#12767,#12768)),.UNSPECIFIED.,.F.,.F.,
 .F.,(4,1,4),(2,2),(0.,0.0116885736133344,0.0257365507628919),(0.,0.3),
 .UNSPECIFIED.);
#7174=B_SPLINE_SURFACE_WITH_KNOTS('',3,1,((#12782,#12783),(#12784,#12785),
(#12786,#12787),(#12788,#12789),(#12790,#12791)),.UNSPECIFIED.,.F.,.F.,
 .F.,(4,1,4),(2,2),(0.,0.0138937320040424,0.0277316477144531),(0.,0.3),
 .UNSPECIFIED.);
#7175=B_SPLINE_SURFACE_WITH_KNOTS('',3,1,((#12805,#12806),(#12807,#12808),
(#12809,#12810),(#12811,#12812),(#12813,#12814)),.UNSPECIFIED.,.F.,.F.,
 .F.,(4,1,4),(2,2),(0.,0.0140621985813753,0.0278104359472735),(0.,0.3),
 .UNSPECIFIED.);
#7176=B_SPLINE_SURFACE_WITH_KNOTS('',3,1,((#12828,#12829),(#12830,#12831),
(#12832,#12833),(#12834,#12835),(#12836,#12837)),.UNSPECIFIED.,.F.,.F.,
 .F.,(4,1,4),(2,2),(0.,0.0151951619666933,0.0306214577715541),(0.,0.3),
 .UNSPECIFIED.);
#7177=B_SPLINE_SURFACE_WITH_KNOTS('',3,1,((#12851,#12852),(#12853,#12854),
(#12855,#12856),(#12857,#12858),(#12859,#12860)),.UNSPECIFIED.,.F.,.F.,
 .F.,(4,1,4),(2,2),(0.,0.0163749589657809,0.0317958197450094),(0.,0.3),
 .UNSPECIFIED.);
#7178=B_SPLINE_SURFACE_WITH_KNOTS('',3,1,((#12874,#12875),(#12876,#12877),
(#12878,#12879),(#12880,#12881),(#12882,#12883)),.UNSPECIFIED.,.F.,.F.,
 .F.,(4,1,4),(2,2),(0.,0.0356226775986469,0.0590112682836742),(0.,0.3),
 .UNSPECIFIED.);
#7179=B_SPLINE_SURFACE_WITH_KNOTS('',3,1,((#12897,#12898),(#12899,#12900),
(#12901,#12902),(#12903,#12904),(#12905,#12906)),.UNSPECIFIED.,.F.,.F.,
 .F.,(4,1,4),(2,2),(0.,0.0143288284458998,0.039739655851073),(0.,0.3),
 .UNSPECIFIED.);
#7180=B_SPLINE_SURFACE_WITH_KNOTS('',3,1,((#12920,#12921),(#12922,#12923),
(#12924,#12925),(#12926,#12927),(#12928,#12929)),.UNSPECIFIED.,.F.,.F.,
 .F.,(4,1,4),(2,2),(0.,0.011477658361955,0.023237271671883),(0.,0.3),
 .UNSPECIFIED.);
#7181=B_SPLINE_SURFACE_WITH_KNOTS('',3,1,((#12943,#12944),(#12945,#12946),
(#12947,#12948),(#12949,#12950),(#12951,#12952)),.UNSPECIFIED.,.F.,.F.,
 .F.,(4,1,4),(2,2),(0.,0.0145818153890752,0.0279837630037342),(0.,0.3),
 .UNSPECIFIED.);
#7182=B_SPLINE_SURFACE_WITH_KNOTS('',3,1,((#12966,#12967),(#12968,#12969),
(#12970,#12971),(#12972,#12973),(#12974,#12975)),.UNSPECIFIED.,.F.,.F.,
 .F.,(4,1,4),(2,2),(0.,0.0222487009906625,0.0395914341963584),(0.,0.3),
 .UNSPECIFIED.);
#7183=B_SPLINE_SURFACE_WITH_KNOTS('',3,1,((#12989,#12990),(#12991,#12992),
(#12993,#12994),(#12995,#12996),(#12997,#12998)),.UNSPECIFIED.,.F.,.F.,
 .F.,(4,1,4),(2,2),(0.,0.0190146462068549,0.0416113669613024),(0.,0.3),
 .UNSPECIFIED.);
#7184=B_SPLINE_SURFACE_WITH_KNOTS('',3,1,((#13012,#13013),(#13014,#13015),
(#13016,#13017),(#13018,#13019),(#13020,#13021)),.UNSPECIFIED.,.F.,.F.,
 .F.,(4,1,4),(2,2),(0.,0.0201839873819647,0.0382893865936963),(0.,0.3),
 .UNSPECIFIED.);
#7185=B_SPLINE_SURFACE_WITH_KNOTS('',3,1,((#13039,#13040),(#13041,#13042),
(#13043,#13044),(#13045,#13046),(#13047,#13048)),.UNSPECIFIED.,.F.,.F.,
 .F.,(4,1,4),(2,2),(0.,0.0190025313649542,0.032037416990349),(0.,0.3),
 .UNSPECIFIED.);
#7186=B_SPLINE_SURFACE_WITH_KNOTS('',3,1,((#13065,#13066),(#13067,#13068),
(#13069,#13070),(#13071,#13072),(#13073,#13074)),.UNSPECIFIED.,.F.,.F.,
 .F.,(4,1,4),(2,2),(0.,0.01014688482851,0.0206626647372916),(0.,0.3),
 .UNSPECIFIED.);
#7187=B_SPLINE_SURFACE_WITH_KNOTS('',3,1,((#13088,#13089),(#13090,#13091),
(#13092,#13093),(#13094,#13095),(#13096,#13097)),.UNSPECIFIED.,.F.,.F.,
 .F.,(4,1,4),(2,2),(0.,0.0111580604117953,0.0231194659282178),(0.,0.3),
 .UNSPECIFIED.);
#7188=B_SPLINE_SURFACE_WITH_KNOTS('',3,1,((#13111,#13112),(#13113,#13114),
(#13115,#13116),(#13117,#13118),(#13119,#13120)),.UNSPECIFIED.,.F.,.F.,
 .F.,(4,1,4),(2,2),(0.,0.0213234934576228,0.0419263378923822),(0.,0.3),
 .UNSPECIFIED.);
#7189=B_SPLINE_SURFACE_WITH_KNOTS('',3,1,((#13134,#13135),(#13136,#13137),
(#13138,#13139),(#13140,#13141),(#13142,#13143)),.UNSPECIFIED.,.F.,.F.,
 .F.,(4,1,4),(2,2),(0.,0.0227806848421745,0.051983472127405),(0.,0.3),
 .UNSPECIFIED.);
#7190=B_SPLINE_SURFACE_WITH_KNOTS('',3,1,((#13175,#13176),(#13177,#13178),
(#13179,#13180),(#13181,#13182),(#13183,#13184)),.UNSPECIFIED.,.F.,.F.,
 .F.,(4,1,4),(2,2),(0.,0.0216046459259369,0.0383725003249217),(0.,0.3),
 .UNSPECIFIED.);
#7191=B_SPLINE_SURFACE_WITH_KNOTS('',3,1,((#13198,#13199),(#13200,#13201),
(#13202,#13203),(#13204,#13205),(#13206,#13207)),.UNSPECIFIED.,.F.,.F.,
 .F.,(4,1,4),(2,2),(0.,0.0150224790858602,0.0328870817047652),(0.,0.3),
 .UNSPECIFIED.);
#7192=B_SPLINE_SURFACE_WITH_KNOTS('',3,1,((#13221,#13222),(#13223,#13224),
(#13225,#13226),(#13227,#13228),(#13229,#13230)),.UNSPECIFIED.,.F.,.F.,
 .F.,(4,1,4),(2,2),(0.,0.0151288099249004,0.030291483693051),(0.,0.3),
 .UNSPECIFIED.);
#7193=B_SPLINE_SURFACE_WITH_KNOTS('',3,1,((#13244,#13245),(#13246,#13247),
(#13248,#13249),(#13250,#13251),(#13252,#13253)),.UNSPECIFIED.,.F.,.F.,
 .F.,(4,1,4),(2,2),(0.,0.0151462026738234,0.0310173844925856),(0.,0.3),
 .UNSPECIFIED.);
#7194=B_SPLINE_SURFACE_WITH_KNOTS('',3,1,((#13267,#13268),(#13269,#13270),
(#13271,#13272),(#13273,#13274),(#13275,#13276)),.UNSPECIFIED.,.F.,.F.,
 .F.,(4,1,4),(2,2),(0.,0.0197442442173641,0.045979965662446),(0.,0.3),
 .UNSPECIFIED.);
#7195=B_SPLINE_SURFACE_WITH_KNOTS('',3,1,((#13314,#13315),(#13316,#13317),
(#13318,#13319),(#13320,#13321),(#13322,#13323)),.UNSPECIFIED.,.F.,.F.,
 .F.,(4,1,4),(2,2),(0.,0.0261502257275956,0.058824924874908),(0.,0.3),
 .UNSPECIFIED.);
#7196=B_SPLINE_SURFACE_WITH_KNOTS('',3,1,((#13337,#13338),(#13339,#13340),
(#13341,#13342),(#13343,#13344),(#13345,#13346)),.UNSPECIFIED.,.F.,.F.,
 .F.,(4,1,4),(2,2),(0.,0.0289504394413687,0.0540272577756398),(0.,0.3),
 .UNSPECIFIED.);
#7197=B_SPLINE_SURFACE_WITH_KNOTS('',3,1,((#13360,#13361),(#13362,#13363),
(#13364,#13365),(#13366,#13367),(#13368,#13369)),.UNSPECIFIED.,.F.,.F.,
 .F.,(4,1,4),(2,2),(0.,0.0411752057351826,0.0798140919142888),(0.,0.3),
 .UNSPECIFIED.);
#7198=B_SPLINE_SURFACE_WITH_KNOTS('',3,1,((#13383,#13384),(#13385,#13386),
(#13387,#13388),(#13389,#13390),(#13391,#13392)),.UNSPECIFIED.,.F.,.F.,
 .F.,(4,1,4),(2,2),(0.,0.0178916911804341,0.0360897139558254),(0.,0.3),
 .UNSPECIFIED.);
#7199=B_SPLINE_SURFACE_WITH_KNOTS('',3,1,((#13406,#13407),(#13408,#13409),
(#13410,#13411),(#13412,#13413),(#13414,#13415)),.UNSPECIFIED.,.F.,.F.,
 .F.,(4,1,4),(2,2),(0.,0.0220901729733331,0.0411815514499857),(0.,0.3),
 .UNSPECIFIED.);
#7200=B_SPLINE_SURFACE_WITH_KNOTS('',3,1,((#13429,#13430),(#13431,#13432),
(#13433,#13434),(#13435,#13436),(#13437,#13438)),.UNSPECIFIED.,.F.,.F.,
 .F.,(4,1,4),(2,2),(0.,0.0195989326847333,0.0402603907904657),(0.,0.3),
 .UNSPECIFIED.);
#7201=B_SPLINE_SURFACE_WITH_KNOTS('',3,1,((#13452,#13453),(#13454,#13455),
(#13456,#13457),(#13458,#13459),(#13460,#13461)),.UNSPECIFIED.,.F.,.F.,
 .F.,(4,1,4),(2,2),(0.,0.0186750273653375,0.0376359937486608),(0.,0.3),
 .UNSPECIFIED.);
#7202=B_SPLINE_SURFACE_WITH_KNOTS('',3,1,((#13522,#13523),(#13524,#13525),
(#13526,#13527),(#13528,#13529),(#13530,#13531)),.UNSPECIFIED.,.F.,.F.,
 .F.,(4,1,4),(2,2),(0.,0.0190086078383577,0.0400653209448747),(0.,0.3),
 .UNSPECIFIED.);
#7203=B_SPLINE_SURFACE_WITH_KNOTS('',3,1,((#13554,#13555),(#13556,#13557),
(#13558,#13559),(#13560,#13561),(#13562,#13563)),.UNSPECIFIED.,.F.,.F.,
 .F.,(4,1,4),(2,2),(0.,0.014773065371594,0.0284258198155654),(0.,0.3),
 .UNSPECIFIED.);
#7204=B_SPLINE_SURFACE_WITH_KNOTS('',3,1,((#13577,#13578),(#13579,#13580),
(#13581,#13582),(#13583,#13584),(#13585,#13586)),.UNSPECIFIED.,.F.,.F.,
 .F.,(4,1,4),(2,2),(0.,0.011606763938121,0.0232352387865191),(0.,0.3),
 .UNSPECIFIED.);
#7205=B_SPLINE_SURFACE_WITH_KNOTS('',3,1,((#13600,#13601),(#13602,#13603),
(#13604,#13605),(#13606,#13607),(#13608,#13609)),.UNSPECIFIED.,.F.,.F.,
 .F.,(4,1,4),(2,2),(0.,0.0119043527543917,0.0246044165262238),(0.,0.3),
 .UNSPECIFIED.);
#7206=B_SPLINE_SURFACE_WITH_KNOTS('',3,1,((#13623,#13624),(#13625,#13626),
(#13627,#13628),(#13629,#13630),(#13631,#13632)),.UNSPECIFIED.,.F.,.F.,
 .F.,(4,1,4),(2,2),(0.,0.0210752788544421,0.0435356681114824),(0.,0.3),
 .UNSPECIFIED.);
#7207=B_SPLINE_SURFACE_WITH_KNOTS('',3,1,((#13652,#13653),(#13654,#13655),
(#13656,#13657),(#13658,#13659),(#13660,#13661)),.UNSPECIFIED.,.F.,.F.,
 .F.,(4,1,4),(2,2),(0.,0.0126301625009776,0.0251469992718627),(0.,0.3),
 .UNSPECIFIED.);
#7208=B_SPLINE_SURFACE_WITH_KNOTS('',3,1,((#13675,#13676),(#13677,#13678),
(#13679,#13680),(#13681,#13682),(#13683,#13684)),.UNSPECIFIED.,.F.,.F.,
 .F.,(4,1,4),(2,2),(0.,0.0227225007294105,0.0386038462231137),(0.,0.3),
 .UNSPECIFIED.);
#7209=B_SPLINE_SURFACE_WITH_KNOTS('',3,1,((#13720,#13721),(#13722,#13723),
(#13724,#13725),(#13726,#13727),(#13728,#13729)),.UNSPECIFIED.,.F.,.F.,
 .F.,(4,1,4),(2,2),(0.,0.0365766347607168,0.0654960933426256),(0.,0.3),
 .UNSPECIFIED.);
#7210=B_SPLINE_SURFACE_WITH_KNOTS('',3,1,((#13746,#13747),(#13748,#13749),
(#13750,#13751),(#13752,#13753),(#13754,#13755)),.UNSPECIFIED.,.F.,.F.,
 .F.,(4,1,4),(2,2),(0.,0.0242690119600179,0.0469161286298782),(0.,0.3),
 .UNSPECIFIED.);
#7211=B_SPLINE_SURFACE_WITH_KNOTS('',3,1,((#13769,#13770),(#13771,#13772),
(#13773,#13774),(#13775,#13776),(#13777,#13778)),.UNSPECIFIED.,.F.,.F.,
 .F.,(4,1,4),(2,2),(0.,0.0228804765333561,0.0485062417995294),(0.,0.3),
 .UNSPECIFIED.);
#7212=B_SPLINE_SURFACE_WITH_KNOTS('',3,1,((#13792,#13793),(#13794,#13795),
(#13796,#13797),(#13798,#13799),(#13800,#13801)),.UNSPECIFIED.,.F.,.F.,
 .F.,(4,1,4),(2,2),(0.,0.0301091681602408,0.0673198170546121),(0.,0.3),
 .UNSPECIFIED.);
#7213=B_SPLINE_SURFACE_WITH_KNOTS('',3,1,((#13815,#13816),(#13817,#13818),
(#13819,#13820),(#13821,#13822),(#13823,#13824)),.UNSPECIFIED.,.F.,.F.,
 .F.,(4,1,4),(2,2),(0.,0.025449948155599,0.0522922021388081),(0.,0.3),
 .UNSPECIFIED.);
#7214=B_SPLINE_SURFACE_WITH_KNOTS('',3,1,((#13841,#13842),(#13843,#13844),
(#13845,#13846),(#13847,#13848),(#13849,#13850)),.UNSPECIFIED.,.F.,.F.,
 .F.,(4,1,4),(2,2),(0.,0.0284555124005433,0.0584045885069177),(0.,0.3),
 .UNSPECIFIED.);
#7215=B_SPLINE_SURFACE_WITH_KNOTS('',3,1,((#13864,#13865),(#13866,#13867),
(#13868,#13869),(#13870,#13871),(#13872,#13873)),.UNSPECIFIED.,.F.,.F.,
 .F.,(4,1,4),(2,2),(0.,0.0318622602678922,0.0617135425722274),(0.,0.3),
 .UNSPECIFIED.);
#7216=B_SPLINE_SURFACE_WITH_KNOTS('',3,1,((#13887,#13888),(#13889,#13890),
(#13891,#13892),(#13893,#13894),(#13895,#13896)),.UNSPECIFIED.,.F.,.F.,
 .F.,(4,1,4),(2,2),(0.,0.0277111108542529,0.0543356417655333),(0.,0.3),
 .UNSPECIFIED.);
#7217=B_SPLINE_SURFACE_WITH_KNOTS('',3,1,((#13910,#13911),(#13912,#13913),
(#13914,#13915),(#13916,#13917),(#13918,#13919)),.UNSPECIFIED.,.F.,.F.,
 .F.,(4,1,4),(2,2),(0.,0.0256199236069573,0.0504289842771629),(0.,0.3),
 .UNSPECIFIED.);
#7218=B_SPLINE_SURFACE_WITH_KNOTS('',3,1,((#13933,#13934),(#13935,#13936),
(#13937,#13938),(#13939,#13940),(#13941,#13942)),.UNSPECIFIED.,.F.,.F.,
 .F.,(4,1,4),(2,2),(0.,0.0176042581597263,0.0343101654251283),(0.,0.3),
 .UNSPECIFIED.);
#7219=B_SPLINE_SURFACE_WITH_KNOTS('',3,1,((#13956,#13957),(#13958,#13959),
(#13960,#13961),(#13962,#13963),(#13964,#13965)),.UNSPECIFIED.,.F.,.F.,
 .F.,(4,1,4),(2,2),(0.,0.0159060313698907,0.0311362239089048),(0.,0.3),
 .UNSPECIFIED.);
#7220=B_SPLINE_SURFACE_WITH_KNOTS('',3,1,((#13979,#13980),(#13981,#13982),
(#13983,#13984),(#13985,#13986),(#13987,#13988)),.UNSPECIFIED.,.F.,.F.,
 .F.,(4,1,4),(2,2),(0.,0.0296516356924795,0.0678154307524676),(0.,0.3),
 .UNSPECIFIED.);
#7221=B_SPLINE_SURFACE_WITH_KNOTS('',3,1,((#14002,#14003),(#14004,#14005),
(#14006,#14007),(#14008,#14009),(#14010,#14011)),.UNSPECIFIED.,.F.,.F.,
 .F.,(4,1,4),(2,2),(0.,0.023345014113496,0.0480097369146752),(0.,0.3),
 .UNSPECIFIED.);
#7222=B_SPLINE_SURFACE_WITH_KNOTS('',3,1,((#14025,#14026),(#14027,#14028),
(#14029,#14030),(#14031,#14032),(#14033,#14034)),.UNSPECIFIED.,.F.,.F.,
 .F.,(4,1,4),(2,2),(0.,0.0240572689511338,0.0469692928739906),(0.,0.3),
 .UNSPECIFIED.);
#7223=B_SPLINE_SURFACE_WITH_KNOTS('',3,1,((#14048,#14049),(#14050,#14051),
(#14052,#14053),(#14054,#14055),(#14056,#14057)),.UNSPECIFIED.,.F.,.F.,
 .F.,(4,1,4),(2,2),(0.,0.0367230504878277,0.0652535708699071),(0.,0.3),
 .UNSPECIFIED.);
#7224=B_SPLINE_SURFACE_WITH_KNOTS('',3,1,((#14074,#14075),(#14076,#14077),
(#14078,#14079),(#14080,#14081),(#14082,#14083)),.UNSPECIFIED.,.F.,.F.,
 .F.,(4,1,4),(2,2),(0.,0.0264374142995997,0.0517499095518433),(0.,0.3),
 .UNSPECIFIED.);
#7225=B_SPLINE_SURFACE_WITH_KNOTS('',3,1,((#14097,#14098),(#14099,#14100),
(#14101,#14102),(#14103,#14104),(#14105,#14106)),.UNSPECIFIED.,.F.,.F.,
 .F.,(4,1,4),(2,2),(0.,0.0176821327747749,0.0374899795695331),(0.,0.3),
 .UNSPECIFIED.);
#7226=B_SPLINE_SURFACE_WITH_KNOTS('',3,1,((#14120,#14121),(#14122,#14123),
(#14124,#14125),(#14126,#14127),(#14128,#14129)),.UNSPECIFIED.,.F.,.F.,
 .F.,(4,1,4),(2,2),(0.,0.0192170963837849,0.0367261200675265),(0.,0.3),
 .UNSPECIFIED.);
#7227=B_SPLINE_SURFACE_WITH_KNOTS('',3,1,((#14165,#14166),(#14167,#14168),
(#14169,#14170),(#14171,#14172),(#14173,#14174)),.UNSPECIFIED.,.F.,.F.,
 .F.,(4,1,4),(2,2),(0.,0.0389146584371583,0.0686612441638376),(0.,0.3),
 .UNSPECIFIED.);
#7228=B_SPLINE_SURFACE_WITH_KNOTS('',3,1,((#14191,#14192),(#14193,#14194),
(#14195,#14196),(#14197,#14198),(#14199,#14200)),.UNSPECIFIED.,.F.,.F.,
 .F.,(4,1,4),(2,2),(0.,0.0247616011977997,0.0485170646511943),(0.,0.3),
 .UNSPECIFIED.);
#7229=B_SPLINE_SURFACE_WITH_KNOTS('',3,1,((#14214,#14215),(#14216,#14217),
(#14218,#14219),(#14220,#14221),(#14222,#14223)),.UNSPECIFIED.,.F.,.F.,
 .F.,(4,1,4),(2,2),(0.,0.0231117891732538,0.047009655681053),(0.,0.3),
 .UNSPECIFIED.);
#7230=B_SPLINE_SURFACE_WITH_KNOTS('',3,1,((#14237,#14238),(#14239,#14240),
(#14241,#14242),(#14243,#14244),(#14245,#14246)),.UNSPECIFIED.,.F.,.F.,
 .F.,(4,1,4),(2,2),(0.,0.0286047892822884,0.0662257516241682),(0.,0.3),
 .UNSPECIFIED.);
#7231=B_SPLINE_SURFACE_WITH_KNOTS('',3,1,((#14260,#14261),(#14262,#14263),
(#14264,#14265),(#14266,#14267),(#14268,#14269)),.UNSPECIFIED.,.F.,.F.,
 .F.,(4,1,4),(2,2),(0.,0.0252942766649134,0.0510657328240887),(0.,0.3),
 .UNSPECIFIED.);
#7232=B_SPLINE_SURFACE_WITH_KNOTS('',3,1,((#14286,#14287),(#14288,#14289),
(#14290,#14291),(#14292,#14293),(#14294,#14295)),.UNSPECIFIED.,.F.,.F.,
 .F.,(4,1,4),(2,2),(0.,0.018689096600262,0.0362755807903836),(0.,0.3),
 .UNSPECIFIED.);
#7233=B_SPLINE_SURFACE_WITH_KNOTS('',3,1,((#14309,#14310),(#14311,#14312),
(#14313,#14314),(#14315,#14316),(#14317,#14318)),.UNSPECIFIED.,.F.,.F.,
 .F.,(4,1,4),(2,2),(0.,0.0168290305905567,0.0331586280610737),(0.,0.3),
 .UNSPECIFIED.);
#7234=B_SPLINE_SURFACE_WITH_KNOTS('',3,1,((#14356,#14357),(#14358,#14359),
(#14360,#14361),(#14362,#14363),(#14364,#14365)),.UNSPECIFIED.,.F.,.F.,
 .F.,(4,1,4),(2,2),(0.,0.0280736357342223,0.0636790181043114),(0.,0.3),
 .UNSPECIFIED.);
#7235=B_SPLINE_SURFACE_WITH_KNOTS('',3,1,((#14379,#14380),(#14381,#14382),
(#14383,#14384),(#14385,#14386),(#14387,#14388)),.UNSPECIFIED.,.F.,.F.,
 .F.,(4,1,4),(2,2),(0.,0.0228399002056452,0.0465859465782024),(0.,0.3),
 .UNSPECIFIED.);
#7236=B_SPLINE_SURFACE_WITH_KNOTS('',3,1,((#14402,#14403),(#14404,#14405),
(#14406,#14407),(#14408,#14409),(#14410,#14411)),.UNSPECIFIED.,.F.,.F.,
 .F.,(4,1,4),(2,2),(0.,0.0246647228011791,0.0476108206172747),(0.,0.3),
 .UNSPECIFIED.);
#7237=B_SPLINE_SURFACE_WITH_KNOTS('',3,1,((#14425,#14426),(#14427,#14428),
(#14429,#14430),(#14431,#14432),(#14433,#14434)),.UNSPECIFIED.,.F.,.F.,
 .F.,(4,1,4),(2,2),(0.,0.0367412391733018,0.065844356339461),(0.,0.3),
 .UNSPECIFIED.);
#7238=B_SPLINE_SURFACE_WITH_KNOTS('',3,1,((#14445,#14446),(#14447,#14448),
(#14449,#14450),(#14451,#14452),(#14453,#14454)),.UNSPECIFIED.,.F.,.F.,
 .F.,(4,1,4),(2,2),(0.,0.0271148679999051,0.0527565405892002),(0.,0.3),
 .UNSPECIFIED.);
#7239=B_SPLINE_SURFACE_WITH_KNOTS('',3,1,((#14468,#14469),(#14470,#14471),
(#14472,#14473),(#14474,#14475),(#14476,#14477)),.UNSPECIFIED.,.F.,.F.,
 .F.,(4,1,4),(2,2),(0.,0.0311211005006545,0.06021452121502),(0.,0.3),
 .UNSPECIFIED.);
#7240=B_SPLINE_SURFACE_WITH_KNOTS('',3,1,((#14491,#14492),(#14493,#14494),
(#14495,#14496),(#14497,#14498),(#14499,#14500)),.UNSPECIFIED.,.F.,.F.,
 .F.,(4,1,4),(2,2),(0.,0.0290736416071569,0.0606763958113712),(0.,0.3),
 .UNSPECIFIED.);
#7241=B_SPLINE_SURFACE_WITH_KNOTS('',3,1,((#14514,#14515),(#14516,#14517),
(#14518,#14519),(#14520,#14521),(#14522,#14523)),.UNSPECIFIED.,.F.,.F.,
 .F.,(4,1,4),(2,2),(0.,0.0258016814437193,0.0527814693123524),(0.,0.3),
 .UNSPECIFIED.);
#7242=B_SPLINE_SURFACE_WITH_KNOTS('',3,1,((#14537,#14538),(#14539,#14540),
(#14541,#14542),(#14543,#14544),(#14545,#14546)),.UNSPECIFIED.,.F.,.F.,
 .F.,(4,1,4),(2,2),(0.,0.0252214200813241,0.0505339153335677),(0.,0.3),
 .UNSPECIFIED.);
#7243=B_SPLINE_SURFACE_WITH_KNOTS('',3,1,((#14560,#14561),(#14562,#14563),
(#14564,#14565),(#14566,#14567),(#14568,#14569)),.UNSPECIFIED.,.F.,.F.,
 .F.,(4,1,4),(2,2),(0.,0.0352101789775276,0.071374113378552),(0.,0.3),
 .UNSPECIFIED.);
#7244=ADVANCED_FACE('',(#313),#7025,.F.);
#7245=ADVANCED_FACE('',(#314),#7026,.F.);
#7246=ADVANCED_FACE('',(#315),#7027,.F.);
#7247=ADVANCED_FACE('',(#316),#7028,.F.);
#7248=ADVANCED_FACE('',(#317),#152,.F.);
#7249=ADVANCED_FACE('',(#318),#7029,.F.);
#7250=ADVANCED_FACE('',(#319),#7030,.F.);
#7251=ADVANCED_FACE('',(#320),#153,.F.);
#7252=ADVANCED_FACE('',(#321),#7031,.F.);
#7253=ADVANCED_FACE('',(#322),#7032,.F.);
#7254=ADVANCED_FACE('',(#323),#7033,.F.);
#7255=ADVANCED_FACE('',(#324),#7034,.F.);
#7256=ADVANCED_FACE('',(#325),#7035,.F.);
#7257=ADVANCED_FACE('',(#326),#7036,.F.);
#7258=ADVANCED_FACE('',(#327),#7037,.F.);
#7259=ADVANCED_FACE('',(#328),#154,.F.);
#7260=ADVANCED_FACE('',(#329),#7038,.F.);
#7261=ADVANCED_FACE('',(#330),#7039,.F.);
#7262=ADVANCED_FACE('',(#331),#7040,.F.);
#7263=ADVANCED_FACE('',(#332),#7041,.F.);
#7264=ADVANCED_FACE('',(#333),#7042,.F.);
#7265=ADVANCED_FACE('',(#334),#7043,.F.);
#7266=ADVANCED_FACE('',(#335),#7044,.F.);
#7267=ADVANCED_FACE('',(#336),#155,.F.);
#7268=ADVANCED_FACE('',(#337),#7045,.F.);
#7269=ADVANCED_FACE('',(#338),#7046,.F.);
#7270=ADVANCED_FACE('',(#339),#7047,.F.);
#7271=ADVANCED_FACE('',(#340),#7048,.F.);
#7272=ADVANCED_FACE('',(#341),#7049,.F.);
#7273=ADVANCED_FACE('',(#342),#7050,.F.);
#7274=ADVANCED_FACE('',(#343),#7051,.F.);
#7275=ADVANCED_FACE('',(#344),#7052,.F.);
#7276=ADVANCED_FACE('',(#345),#7053,.F.);
#7277=ADVANCED_FACE('',(#346),#7054,.F.);
#7278=ADVANCED_FACE('',(#347),#7055,.F.);
#7279=ADVANCED_FACE('',(#348),#7056,.F.);
#7280=ADVANCED_FACE('',(#349),#7057,.F.);
#7281=ADVANCED_FACE('',(#350,#93),#156,.T.);
#7282=ADVANCED_FACE('',(#351),#7058,.F.);
#7283=ADVANCED_FACE('',(#352),#7059,.F.);
#7284=ADVANCED_FACE('',(#353),#7060,.F.);
#7285=ADVANCED_FACE('',(#354),#7061,.F.);
#7286=ADVANCED_FACE('',(#355),#7062,.F.);
#7287=ADVANCED_FACE('',(#356),#7063,.F.);
#7288=ADVANCED_FACE('',(#357),#7064,.F.);
#7289=ADVANCED_FACE('',(#358),#7065,.F.);
#7290=ADVANCED_FACE('',(#359),#7066,.F.);
#7291=ADVANCED_FACE('',(#360),#7067,.F.);
#7292=ADVANCED_FACE('',(#361),#7068,.F.);
#7293=ADVANCED_FACE('',(#362),#7069,.F.);
#7294=ADVANCED_FACE('',(#363),#7070,.F.);
#7295=ADVANCED_FACE('',(#364),#7071,.F.);
#7296=ADVANCED_FACE('',(#365),#7072,.F.);
#7297=ADVANCED_FACE('',(#366),#7073,.F.);
#7298=ADVANCED_FACE('',(#367),#7074,.F.);
#7299=ADVANCED_FACE('',(#368,#94),#157,.T.);
#7300=ADVANCED_FACE('',(#369),#7075,.F.);
#7301=ADVANCED_FACE('',(#370),#7076,.F.);
#7302=ADVANCED_FACE('',(#371),#158,.F.);
#7303=ADVANCED_FACE('',(#372),#7077,.F.);
#7304=ADVANCED_FACE('',(#373),#7078,.F.);
#7305=ADVANCED_FACE('',(#374),#7079,.F.);
#7306=ADVANCED_FACE('',(#375),#7080,.F.);
#7307=ADVANCED_FACE('',(#376),#7081,.F.);
#7308=ADVANCED_FACE('',(#377),#7082,.F.);
#7309=ADVANCED_FACE('',(#378),#7083,.F.);
#7310=ADVANCED_FACE('',(#379),#7084,.F.);
#7311=ADVANCED_FACE('',(#380),#7085,.F.);
#7312=ADVANCED_FACE('',(#381),#7086,.F.);
#7313=ADVANCED_FACE('',(#382),#7087,.F.);
#7314=ADVANCED_FACE('',(#383),#7088,.F.);
#7315=ADVANCED_FACE('',(#384),#7089,.F.);
#7316=ADVANCED_FACE('',(#385),#7090,.F.);
#7317=ADVANCED_FACE('',(#386),#159,.F.);
#7318=ADVANCED_FACE('',(#387),#7091,.F.);
#7319=ADVANCED_FACE('',(#388),#160,.T.);
#7320=ADVANCED_FACE('',(#389),#161,.F.);
#7321=ADVANCED_FACE('',(#390),#162,.F.);
#7322=ADVANCED_FACE('',(#391),#163,.F.);
#7323=ADVANCED_FACE('',(#392),#164,.F.);
#7324=ADVANCED_FACE('',(#393),#165,.F.);
#7325=ADVANCED_FACE('',(#394),#166,.F.);
#7326=ADVANCED_FACE('',(#395),#167,.F.);
#7327=ADVANCED_FACE('',(#396),#168,.F.);
#7328=ADVANCED_FACE('',(#397),#169,.F.);
#7329=ADVANCED_FACE('',(#398),#170,.F.);
#7330=ADVANCED_FACE('',(#399),#171,.F.);
#7331=ADVANCED_FACE('',(#400),#172,.F.);
#7332=ADVANCED_FACE('',(#401),#7092,.F.);
#7333=ADVANCED_FACE('',(#402),#7093,.F.);
#7334=ADVANCED_FACE('',(#403),#7094,.F.);
#7335=ADVANCED_FACE('',(#404),#7095,.F.);
#7336=ADVANCED_FACE('',(#405),#7096,.F.);
#7337=ADVANCED_FACE('',(#406),#7097,.F.);
#7338=ADVANCED_FACE('',(#407),#173,.F.);
#7339=ADVANCED_FACE('',(#408),#174,.F.);
#7340=ADVANCED_FACE('',(#409),#175,.F.);
#7341=ADVANCED_FACE('',(#410),#176,.F.);
#7342=ADVANCED_FACE('',(#411),#177,.F.);
#7343=ADVANCED_FACE('',(#412),#178,.F.);
#7344=ADVANCED_FACE('',(#413),#179,.F.);
#7345=ADVANCED_FACE('',(#414),#7098,.F.);
#7346=ADVANCED_FACE('',(#415),#7099,.F.);
#7347=ADVANCED_FACE('',(#416),#7100,.F.);
#7348=ADVANCED_FACE('',(#417),#7101,.F.);
#7349=ADVANCED_FACE('',(#418),#7102,.F.);
#7350=ADVANCED_FACE('',(#419),#180,.F.);
#7351=ADVANCED_FACE('',(#420),#181,.T.);
#7352=ADVANCED_FACE('',(#421),#7103,.F.);
#7353=ADVANCED_FACE('',(#422),#182,.F.);
#7354=ADVANCED_FACE('',(#423),#7104,.F.);
#7355=ADVANCED_FACE('',(#424),#7105,.F.);
#7356=ADVANCED_FACE('',(#425),#7106,.F.);
#7357=ADVANCED_FACE('',(#426),#7107,.F.);
#7358=ADVANCED_FACE('',(#427),#7108,.F.);
#7359=ADVANCED_FACE('',(#428),#7109,.F.);
#7360=ADVANCED_FACE('',(#429),#7110,.F.);
#7361=ADVANCED_FACE('',(#430),#7111,.F.);
#7362=ADVANCED_FACE('',(#431),#7112,.F.);
#7363=ADVANCED_FACE('',(#432),#7113,.F.);
#7364=ADVANCED_FACE('',(#433),#7114,.F.);
#7365=ADVANCED_FACE('',(#434),#7115,.F.);
#7366=ADVANCED_FACE('',(#435),#7116,.F.);
#7367=ADVANCED_FACE('',(#436),#7117,.F.);
#7368=ADVANCED_FACE('',(#437),#7118,.F.);
#7369=ADVANCED_FACE('',(#438),#7119,.F.);
#7370=ADVANCED_FACE('',(#439),#7120,.F.);
#7371=ADVANCED_FACE('',(#440),#7121,.F.);
#7372=ADVANCED_FACE('',(#441),#7122,.F.);
#7373=ADVANCED_FACE('',(#442),#7123,.F.);
#7374=ADVANCED_FACE('',(#443),#7124,.F.);
#7375=ADVANCED_FACE('',(#444),#7125,.F.);
#7376=ADVANCED_FACE('',(#445),#7126,.F.);
#7377=ADVANCED_FACE('',(#446),#7127,.F.);
#7378=ADVANCED_FACE('',(#447),#7128,.F.);
#7379=ADVANCED_FACE('',(#448),#7129,.F.);
#7380=ADVANCED_FACE('',(#449),#7130,.F.);
#7381=ADVANCED_FACE('',(#450),#7131,.F.);
#7382=ADVANCED_FACE('',(#451),#7132,.F.);
#7383=ADVANCED_FACE('',(#452),#7133,.F.);
#7384=ADVANCED_FACE('',(#453),#183,.F.);
#7385=ADVANCED_FACE('',(#454),#184,.T.);
#7386=ADVANCED_FACE('',(#455),#185,.F.);
#7387=ADVANCED_FACE('',(#456),#186,.F.);
#7388=ADVANCED_FACE('',(#457),#187,.F.);
#7389=ADVANCED_FACE('',(#458),#188,.F.);
#7390=ADVANCED_FACE('',(#459),#189,.F.);
#7391=ADVANCED_FACE('',(#460),#190,.F.);
#7392=ADVANCED_FACE('',(#461),#191,.F.);
#7393=ADVANCED_FACE('',(#462),#192,.F.);
#7394=ADVANCED_FACE('',(#463),#193,.F.);
#7395=ADVANCED_FACE('',(#464),#194,.F.);
#7396=ADVANCED_FACE('',(#465),#195,.F.);
#7397=ADVANCED_FACE('',(#466),#196,.F.);
#7398=ADVANCED_FACE('',(#467),#197,.F.);
#7399=ADVANCED_FACE('',(#468),#198,.F.);
#7400=ADVANCED_FACE('',(#469),#7134,.F.);
#7401=ADVANCED_FACE('',(#470),#7135,.F.);
#7402=ADVANCED_FACE('',(#471),#7136,.F.);
#7403=ADVANCED_FACE('',(#472),#7137,.F.);
#7404=ADVANCED_FACE('',(#473),#7138,.F.);
#7405=ADVANCED_FACE('',(#474),#7139,.F.);
#7406=ADVANCED_FACE('',(#475),#199,.F.);
#7407=ADVANCED_FACE('',(#476),#200,.F.);
#7408=ADVANCED_FACE('',(#477),#201,.F.);
#7409=ADVANCED_FACE('',(#478),#202,.F.);
#7410=ADVANCED_FACE('',(#479),#203,.F.);
#7411=ADVANCED_FACE('',(#480),#7140,.F.);
#7412=ADVANCED_FACE('',(#481),#7141,.F.);
#7413=ADVANCED_FACE('',(#482),#7142,.F.);
#7414=ADVANCED_FACE('',(#483),#7143,.F.);
#7415=ADVANCED_FACE('',(#484),#7144,.F.);
#7416=ADVANCED_FACE('',(#485),#204,.F.);
#7417=ADVANCED_FACE('',(#486),#205,.F.);
#7418=ADVANCED_FACE('',(#487),#206,.T.);
#7419=ADVANCED_FACE('',(#488),#207,.F.);
#7420=ADVANCED_FACE('',(#489),#208,.F.);
#7421=ADVANCED_FACE('',(#490),#209,.F.);
#7422=ADVANCED_FACE('',(#491),#7145,.F.);
#7423=ADVANCED_FACE('',(#492),#7146,.F.);
#7424=ADVANCED_FACE('',(#493),#7147,.F.);
#7425=ADVANCED_FACE('',(#494),#7148,.F.);
#7426=ADVANCED_FACE('',(#495),#7149,.F.);
#7427=ADVANCED_FACE('',(#496),#210,.F.);
#7428=ADVANCED_FACE('',(#497),#7150,.F.);
#7429=ADVANCED_FACE('',(#498),#7151,.F.);
#7430=ADVANCED_FACE('',(#499),#7152,.F.);
#7431=ADVANCED_FACE('',(#500),#7153,.F.);
#7432=ADVANCED_FACE('',(#501),#211,.F.);
#7433=ADVANCED_FACE('',(#502),#212,.F.);
#7434=ADVANCED_FACE('',(#503),#213,.F.);
#7435=ADVANCED_FACE('',(#504),#214,.F.);
#7436=ADVANCED_FACE('',(#505),#215,.T.);
#7437=ADVANCED_FACE('',(#506),#7154,.F.);
#7438=ADVANCED_FACE('',(#507),#216,.F.);
#7439=ADVANCED_FACE('',(#508),#7155,.F.);
#7440=ADVANCED_FACE('',(#509),#7156,.F.);
#7441=ADVANCED_FACE('',(#510),#7157,.F.);
#7442=ADVANCED_FACE('',(#511),#7158,.F.);
#7443=ADVANCED_FACE('',(#512),#7159,.F.);
#7444=ADVANCED_FACE('',(#513),#7160,.F.);
#7445=ADVANCED_FACE('',(#514),#7161,.F.);
#7446=ADVANCED_FACE('',(#515),#7162,.F.);
#7447=ADVANCED_FACE('',(#516),#7163,.F.);
#7448=ADVANCED_FACE('',(#517),#7164,.F.);
#7449=ADVANCED_FACE('',(#518),#7165,.F.);
#7450=ADVANCED_FACE('',(#519),#7166,.F.);
#7451=ADVANCED_FACE('',(#520),#7167,.F.);
#7452=ADVANCED_FACE('',(#521),#7168,.F.);
#7453=ADVANCED_FACE('',(#522),#7169,.F.);
#7454=ADVANCED_FACE('',(#523),#7170,.F.);
#7455=ADVANCED_FACE('',(#524),#7171,.F.);
#7456=ADVANCED_FACE('',(#525),#7172,.F.);
#7457=ADVANCED_FACE('',(#526),#7173,.F.);
#7458=ADVANCED_FACE('',(#527),#7174,.F.);
#7459=ADVANCED_FACE('',(#528),#7175,.F.);
#7460=ADVANCED_FACE('',(#529),#7176,.F.);
#7461=ADVANCED_FACE('',(#530),#7177,.F.);
#7462=ADVANCED_FACE('',(#531),#7178,.F.);
#7463=ADVANCED_FACE('',(#532),#7179,.F.);
#7464=ADVANCED_FACE('',(#533),#7180,.F.);
#7465=ADVANCED_FACE('',(#534),#7181,.F.);
#7466=ADVANCED_FACE('',(#535),#7182,.F.);
#7467=ADVANCED_FACE('',(#536),#7183,.F.);
#7468=ADVANCED_FACE('',(#537),#7184,.F.);
#7469=ADVANCED_FACE('',(#538),#217,.F.);
#7470=ADVANCED_FACE('',(#539),#218,.T.);
#7471=ADVANCED_FACE('',(#540),#7185,.F.);
#7472=ADVANCED_FACE('',(#541),#7186,.F.);
#7473=ADVANCED_FACE('',(#542),#7187,.F.);
#7474=ADVANCED_FACE('',(#543),#7188,.F.);
#7475=ADVANCED_FACE('',(#544),#7189,.F.);
#7476=ADVANCED_FACE('',(#545),#219,.F.);
#7477=ADVANCED_FACE('',(#546),#220,.F.);
#7478=ADVANCED_FACE('',(#547),#221,.F.);
#7479=ADVANCED_FACE('',(#548),#7190,.F.);
#7480=ADVANCED_FACE('',(#549),#7191,.F.);
#7481=ADVANCED_FACE('',(#550),#7192,.F.);
#7482=ADVANCED_FACE('',(#551),#7193,.F.);
#7483=ADVANCED_FACE('',(#552),#7194,.F.);
#7484=ADVANCED_FACE('',(#553),#222,.F.);
#7485=ADVANCED_FACE('',(#554),#223,.F.);
#7486=ADVANCED_FACE('',(#555),#224,.F.);
#7487=ADVANCED_FACE('',(#556),#225,.F.);
#7488=ADVANCED_FACE('',(#557),#7195,.F.);
#7489=ADVANCED_FACE('',(#558),#7196,.F.);
#7490=ADVANCED_FACE('',(#559),#7197,.F.);
#7491=ADVANCED_FACE('',(#560),#7198,.F.);
#7492=ADVANCED_FACE('',(#561),#7199,.F.);
#7493=ADVANCED_FACE('',(#562),#7200,.F.);
#7494=ADVANCED_FACE('',(#563),#7201,.F.);
#7495=ADVANCED_FACE('',(#564),#226,.F.);
#7496=ADVANCED_FACE('',(#565),#227,.F.);
#7497=ADVANCED_FACE('',(#566),#228,.F.);
#7498=ADVANCED_FACE('',(#567),#229,.F.);
#7499=ADVANCED_FACE('',(#568),#230,.T.);
#7500=ADVANCED_FACE('',(#569),#231,.F.);
#7501=ADVANCED_FACE('',(#570),#232,.F.);
#7502=ADVANCED_FACE('',(#571),#233,.F.);
#7503=ADVANCED_FACE('',(#572),#234,.F.);
#7504=ADVANCED_FACE('',(#573),#235,.F.);
#7505=ADVANCED_FACE('',(#574),#7202,.F.);
#7506=ADVANCED_FACE('',(#575),#236,.F.);
#7507=ADVANCED_FACE('',(#576),#7203,.F.);
#7508=ADVANCED_FACE('',(#577),#7204,.F.);
#7509=ADVANCED_FACE('',(#578),#7205,.F.);
#7510=ADVANCED_FACE('',(#579),#7206,.F.);
#7511=ADVANCED_FACE('',(#580),#237,.F.);
#7512=ADVANCED_FACE('',(#581),#7207,.F.);
#7513=ADVANCED_FACE('',(#582),#7208,.F.);
#7514=ADVANCED_FACE('',(#583),#238,.F.);
#7515=ADVANCED_FACE('',(#584),#239,.F.);
#7516=ADVANCED_FACE('',(#585),#240,.F.);
#7517=ADVANCED_FACE('',(#586),#241,.F.);
#7518=ADVANCED_FACE('',(#587),#242,.T.);
#7519=ADVANCED_FACE('',(#588),#7209,.F.);
#7520=ADVANCED_FACE('',(#589),#7210,.F.);
#7521=ADVANCED_FACE('',(#590),#7211,.F.);
#7522=ADVANCED_FACE('',(#591),#7212,.F.);
#7523=ADVANCED_FACE('',(#592),#7213,.F.);
#7524=ADVANCED_FACE('',(#593),#7214,.F.);
#7525=ADVANCED_FACE('',(#594),#7215,.F.);
#7526=ADVANCED_FACE('',(#595),#7216,.F.);
#7527=ADVANCED_FACE('',(#596),#7217,.F.);
#7528=ADVANCED_FACE('',(#597),#7218,.F.);
#7529=ADVANCED_FACE('',(#598),#7219,.F.);
#7530=ADVANCED_FACE('',(#599),#7220,.F.);
#7531=ADVANCED_FACE('',(#600),#7221,.F.);
#7532=ADVANCED_FACE('',(#601),#7222,.F.);
#7533=ADVANCED_FACE('',(#602),#7223,.F.);
#7534=ADVANCED_FACE('',(#603),#243,.F.);
#7535=ADVANCED_FACE('',(#604),#7224,.F.);
#7536=ADVANCED_FACE('',(#605),#7225,.F.);
#7537=ADVANCED_FACE('',(#606),#7226,.F.);
#7538=ADVANCED_FACE('',(#607),#244,.F.);
#7539=ADVANCED_FACE('',(#608),#245,.F.);
#7540=ADVANCED_FACE('',(#609),#246,.F.);
#7541=ADVANCED_FACE('',(#610),#247,.F.);
#7542=ADVANCED_FACE('',(#611,#95),#248,.T.);
#7543=ADVANCED_FACE('',(#612),#7227,.F.);
#7544=ADVANCED_FACE('',(#613),#7228,.F.);
#7545=ADVANCED_FACE('',(#614),#7229,.F.);
#7546=ADVANCED_FACE('',(#615),#7230,.F.);
#7547=ADVANCED_FACE('',(#616),#7231,.F.);
#7548=ADVANCED_FACE('',(#617),#7232,.F.);
#7549=ADVANCED_FACE('',(#618),#7233,.F.);
#7550=ADVANCED_FACE('',(#619),#249,.F.);
#7551=ADVANCED_FACE('',(#620),#250,.F.);
#7552=ADVANCED_FACE('',(#621),#251,.F.);
#7553=ADVANCED_FACE('',(#622),#252,.F.);
#7554=ADVANCED_FACE('',(#623),#7234,.F.);
#7555=ADVANCED_FACE('',(#624),#7235,.F.);
#7556=ADVANCED_FACE('',(#625),#7236,.F.);
#7557=ADVANCED_FACE('',(#626),#7237,.F.);
#7558=ADVANCED_FACE('',(#627),#7238,.F.);
#7559=ADVANCED_FACE('',(#628),#7239,.F.);
#7560=ADVANCED_FACE('',(#629),#7240,.F.);
#7561=ADVANCED_FACE('',(#630),#7241,.F.);
#7562=ADVANCED_FACE('',(#631),#7242,.F.);
#7563=ADVANCED_FACE('',(#632),#7243,.F.);
#7564=ADVANCED_FACE('',(#633),#253,.F.);
#7565=ADVANCED_FACE('',(#634,#96),#254,.T.);
#7566=ADVANCED_FACE('',(#635,#97,#98,#99,#100,#101,#102,#103,#104,#105,
#106,#107,#108,#109,#110,#111,#112,#113,#114,#115,#116,#117),#255,.F.);
#7567=ADVANCED_FACE('',(#636),#256,.F.);
#7568=ADVANCED_FACE('',(#637),#257,.F.);
#7569=ADVANCED_FACE('',(#638),#258,.F.);
#7570=ADVANCED_FACE('',(#639),#27,.T.);
#7571=ADVANCED_FACE('',(#640),#259,.T.);
#7572=ADVANCED_FACE('',(#641,#118,#119,#120,#121),#260,.T.);
#7573=ADVANCED_FACE('',(#642),#28,.T.);
#7574=ADVANCED_FACE('',(#643),#261,.T.);
#7575=ADVANCED_FACE('',(#644),#29,.T.);
#7576=ADVANCED_FACE('',(#645),#262,.T.);
#7577=ADVANCED_FACE('',(#646),#30,.T.);
#7578=ADVANCED_FACE('',(#647),#263,.T.);
#7579=ADVANCED_FACE('',(#648),#264,.F.);
#7580=ADVANCED_FACE('',(#649),#265,.F.);
#7581=ADVANCED_FACE('',(#650),#266,.F.);
#7582=ADVANCED_FACE('',(#651),#267,.T.);
#7583=ADVANCED_FACE('',(#652),#268,.T.);
#7584=ADVANCED_FACE('',(#653),#269,.T.);
#7585=ADVANCED_FACE('',(#654),#270,.T.);
#7586=ADVANCED_FACE('',(#655),#31,.F.);
#7587=ADVANCED_FACE('',(#656),#32,.F.);
#7588=ADVANCED_FACE('',(#657),#33,.F.);
#7589=ADVANCED_FACE('',(#658),#34,.F.);
#7590=ADVANCED_FACE('',(#659),#271,.T.);
#7591=ADVANCED_FACE('',(#660),#272,.T.);
#7592=ADVANCED_FACE('',(#661),#273,.T.);
#7593=ADVANCED_FACE('',(#662),#274,.F.);
#7594=ADVANCED_FACE('',(#663),#35,.F.);
#7595=ADVANCED_FACE('',(#664,#122),#275,.F.);
#7596=ADVANCED_FACE('',(#665),#36,.F.);
#7597=ADVANCED_FACE('',(#666,#123),#276,.F.);
#7598=ADVANCED_FACE('',(#667),#37,.F.);
#7599=ADVANCED_FACE('',(#668,#124),#277,.F.);
#7600=ADVANCED_FACE('',(#669),#38,.F.);
#7601=ADVANCED_FACE('',(#670,#125),#278,.F.);
#7602=ADVANCED_FACE('',(#671),#39,.T.);
#7603=ADVANCED_FACE('',(#672),#279,.T.);
#7604=ADVANCED_FACE('',(#673,#126,#127,#128,#129,#130,#131,#132,#133,#134,
#135,#136,#137,#138),#280,.T.);
#7605=ADVANCED_FACE('',(#674),#40,.T.);
#7606=ADVANCED_FACE('',(#675),#281,.T.);
#7607=ADVANCED_FACE('',(#676),#41,.T.);
#7608=ADVANCED_FACE('',(#677),#42,.T.);
#7609=ADVANCED_FACE('',(#678),#282,.T.);
#7610=ADVANCED_FACE('',(#679),#283,.F.);
#7611=ADVANCED_FACE('',(#680),#284,.F.);
#7612=ADVANCED_FACE('',(#681),#285,.F.);
#7613=ADVANCED_FACE('',(#682),#286,.F.);
#7614=ADVANCED_FACE('',(#683),#43,.F.);
#7615=ADVANCED_FACE('',(#684),#44,.F.);
#7616=ADVANCED_FACE('',(#685),#287,.F.);
#7617=ADVANCED_FACE('',(#686),#288,.F.);
#7618=ADVANCED_FACE('',(#687),#289,.F.);
#7619=ADVANCED_FACE('',(#688),#290,.F.);
#7620=ADVANCED_FACE('',(#689),#291,.F.);
#7621=ADVANCED_FACE('',(#690),#292,.F.);
#7622=ADVANCED_FACE('',(#691),#293,.F.);
#7623=ADVANCED_FACE('',(#692),#294,.F.);
#7624=ADVANCED_FACE('',(#693),#295,.F.);
#7625=ADVANCED_FACE('',(#694),#296,.F.);
#7626=ADVANCED_FACE('',(#695),#297,.F.);
#7627=ADVANCED_FACE('',(#696),#298,.F.);
#7628=ADVANCED_FACE('',(#697),#299,.F.);
#7629=ADVANCED_FACE('',(#698),#300,.F.);
#7630=ADVANCED_FACE('',(#699),#301,.F.);
#7631=ADVANCED_FACE('',(#700),#302,.F.);
#7632=ADVANCED_FACE('',(#701),#303,.F.);
#7633=ADVANCED_FACE('',(#702),#304,.F.);
#7634=ADVANCED_FACE('',(#703),#305,.F.);
#7635=ADVANCED_FACE('',(#704),#306,.F.);
#7636=ADVANCED_FACE('',(#705),#307,.F.);
#7637=ADVANCED_FACE('',(#706),#308,.F.);
#7638=ADVANCED_FACE('',(#707),#309,.F.);
#7639=ADVANCED_FACE('',(#708),#310,.F.);
#7640=ADVANCED_FACE('',(#709),#45,.F.);
#7641=ADVANCED_FACE('',(#710),#46,.F.);
#7642=ADVANCED_FACE('',(#711),#47,.F.);
#7643=ADVANCED_FACE('',(#712),#48,.F.);
#7644=ADVANCED_FACE('',(#713),#311,.T.);
#7645=ADVANCED_FACE('',(#714,#139,#140,#141,#142,#143,#144,#145,#146,#147,
#148,#149,#150,#151),#312,.F.);
#7646=CLOSED_SHELL('',(#7244,#7245,#7246,#7247,#7248,#7249,#7250,#7251,
#7252,#7253,#7254,#7255,#7256,#7257,#7258,#7259,#7260,#7261,#7262,#7263,
#7264,#7265,#7266,#7267,#7268,#7269,#7270,#7271,#7272,#7273,#7274,#7275,
#7276,#7277,#7278,#7279,#7280,#7281,#7282,#7283,#7284,#7285,#7286,#7287,
#7288,#7289,#7290,#7291,#7292,#7293,#7294,#7295,#7296,#7297,#7298,#7299,
#7300,#7301,#7302,#7303,#7304,#7305,#7306,#7307,#7308,#7309,#7310,#7311,
#7312,#7313,#7314,#7315,#7316,#7317,#7318,#7319,#7320,#7321,#7322,#7323,
#7324,#7325,#7326,#7327,#7328,#7329,#7330,#7331,#7332,#7333,#7334,#7335,
#7336,#7337,#7338,#7339,#7340,#7341,#7342,#7343,#7344,#7345,#7346,#7347,
#7348,#7349,#7350,#7351,#7352,#7353,#7354,#7355,#7356,#7357,#7358,#7359,
#7360,#7361,#7362,#7363,#7364,#7365,#7366,#7367,#7368,#7369,#7370,#7371,
#7372,#7373,#7374,#7375,#7376,#7377,#7378,#7379,#7380,#7381,#7382,#7383,
#7384,#7385,#7386,#7387,#7388,#7389,#7390,#7391,#7392,#7393,#7394,#7395,
#7396,#7397,#7398,#7399,#7400,#7401,#7402,#7403,#7404,#7405,#7406,#7407,
#7408,#7409,#7410,#7411,#7412,#7413,#7414,#7415,#7416,#7417,#7418,#7419,
#7420,#7421,#7422,#7423,#7424,#7425,#7426,#7427,#7428,#7429,#7430,#7431,
#7432,#7433,#7434,#7435,#7436,#7437,#7438,#7439,#7440,#7441,#7442,#7443,
#7444,#7445,#7446,#7447,#7448,#7449,#7450,#7451,#7452,#7453,#7454,#7455,
#7456,#7457,#7458,#7459,#7460,#7461,#7462,#7463,#7464,#7465,#7466,#7467,
#7468,#7469,#7470,#7471,#7472,#7473,#7474,#7475,#7476,#7477,#7478,#7479,
#7480,#7481,#7482,#7483,#7484,#7485,#7486,#7487,#7488,#7489,#7490,#7491,
#7492,#7493,#7494,#7495,#7496,#7497,#7498,#7499,#7500,#7501,#7502,#7503,
#7504,#7505,#7506,#7507,#7508,#7509,#7510,#7511,#7512,#7513,#7514,#7515,
#7516,#7517,#7518,#7519,#7520,#7521,#7522,#7523,#7524,#7525,#7526,#7527,
#7528,#7529,#7530,#7531,#7532,#7533,#7534,#7535,#7536,#7537,#7538,#7539,
#7540,#7541,#7542,#7543,#7544,#7545,#7546,#7547,#7548,#7549,#7550,#7551,
#7552,#7553,#7554,#7555,#7556,#7557,#7558,#7559,#7560,#7561,#7562,#7563,
#7564,#7565,#7566,#7567,#7568,#7569,#7570,#7571,#7572,#7573,#7574,#7575,
#7576,#7577,#7578,#7579,#7580,#7581,#7582,#7583,#7584,#7585,#7586,#7587,
#7588,#7589,#7590,#7591,#7592,#7593,#7594,#7595,#7596,#7597,#7598,#7599,
#7600,#7601));
#7647=CLOSED_SHELL('',(#7602,#7603,#7604,#7605,#7606,#7607,#7608,#7609,
#7610,#7611,#7612,#7613,#7614,#7615,#7616,#7617,#7618,#7619,#7620,#7621,
#7622,#7623,#7624,#7625,#7626,#7627,#7628,#7629,#7630,#7631,#7632,#7633,
#7634,#7635,#7636,#7637,#7638,#7639,#7640,#7641,#7642,#7643,#7644,#7645));
#7648=DERIVED_UNIT_ELEMENT(#7652,1.);
#7649=DERIVED_UNIT_ELEMENT(#15024,-3.);
#7650=DERIVED_UNIT_ELEMENT(#7652,1.);
#7651=DERIVED_UNIT_ELEMENT(#15024,-3.);
#7652=(
MASS_UNIT()
NAMED_UNIT(*)
SI_UNIT(.KILO.,.GRAM.)
);
#7653=DERIVED_UNIT((#7648,#7649));
#7654=DERIVED_UNIT((#7650,#7651));
#7655=MEASURE_REPRESENTATION_ITEM('density measure',
POSITIVE_RATIO_MEASURE(7850.),#7653);
#7656=MEASURE_REPRESENTATION_ITEM('density measure',
POSITIVE_RATIO_MEASURE(7850.),#7654);
#7657=PROPERTY_DEFINITION_REPRESENTATION(#7667,#7661);
#7658=PROPERTY_DEFINITION_REPRESENTATION(#7668,#7662);
#7659=PROPERTY_DEFINITION_REPRESENTATION(#7669,#7663);
#7660=PROPERTY_DEFINITION_REPRESENTATION(#7670,#7664);
#7661=REPRESENTATION('material name',(#7665),#15020);
#7662=REPRESENTATION('density',(#7655),#15020);
#7663=REPRESENTATION('material name',(#7666),#15021);
#7664=REPRESENTATION('density',(#7656),#15021);
#7665=DESCRIPTIVE_REPRESENTATION_ITEM('Steel','Steel');
#7666=DESCRIPTIVE_REPRESENTATION_ITEM('Steel','Steel');
#7667=PROPERTY_DEFINITION('material property','material name',#15040);
#7668=PROPERTY_DEFINITION('material property','density of part',#15040);
#7669=PROPERTY_DEFINITION('material property','material name',#15041);
#7670=PROPERTY_DEFINITION('material property','density of part',#15041);
#7671=AXIS2_PLACEMENT_3D('',#9010,#7903,#7904);
#7672=AXIS2_PLACEMENT_3D('',#9011,#7905,#7906);
#7673=AXIS2_PLACEMENT_3D('',#9107,#7912,#7913);
#7674=AXIS2_PLACEMENT_3D('',#9162,#7920,#7921);
#7675=AXIS2_PLACEMENT_3D('',#9329,#7932,#7933);
#7676=AXIS2_PLACEMENT_3D('',#9493,#7943,#7944);
#7677=AXIS2_PLACEMENT_3D('',#9795,#7960,#7961);
#7678=AXIS2_PLACEMENT_3D('',#10187,#7979,#7980);
#7679=AXIS2_PLACEMENT_3D('',#10237,#7984,#7985);
#7680=AXIS2_PLACEMENT_3D('',#10565,#8003,#8004);
#7681=AXIS2_PLACEMENT_3D('',#10591,#8008,#8009);
#7682=AXIS2_PLACEMENT_3D('',#10592,#8010,#8011);
#7683=AXIS2_PLACEMENT_3D('',#10601,#8016,#8017);
#7684=AXIS2_PLACEMENT_3D('',#10607,#8021,#8022);
#7685=AXIS2_PLACEMENT_3D('',#10613,#8026,#8027);
#7686=AXIS2_PLACEMENT_3D('',#10616,#8030,#8031);
#7687=AXIS2_PLACEMENT_3D('',#10617,#8032,#8033);
#7688=AXIS2_PLACEMENT_3D('',#10626,#8038,#8039);
#7689=AXIS2_PLACEMENT_3D('',#10632,#8043,#8044);
#7690=AXIS2_PLACEMENT_3D('',#10638,#8048,#8049);
#7691=AXIS2_PLACEMENT_3D('',#10644,#8053,#8054);
#7692=AXIS2_PLACEMENT_3D('',#10650,#8058,#8059);
#7693=AXIS2_PLACEMENT_3D('',#10653,#8062,#8063);
#7694=AXIS2_PLACEMENT_3D('',#10795,#8071,#8072);
#7695=AXIS2_PLACEMENT_3D('',#10801,#8076,#8077);
#7696=AXIS2_PLACEMENT_3D('',#10807,#8081,#8082);
#7697=AXIS2_PLACEMENT_3D('',#10813,#8086,#8087);
#7698=AXIS2_PLACEMENT_3D('',#10819,#8091,#8092);
#7699=AXIS2_PLACEMENT_3D('',#10825,#8096,#8097);
#7700=AXIS2_PLACEMENT_3D('',#10831,#8101,#8102);
#7701=AXIS2_PLACEMENT_3D('',#10952,#8111,#8112);
#7702=AXIS2_PLACEMENT_3D('',#10955,#8115,#8116);
#7703=AXIS2_PLACEMENT_3D('',#10982,#8119,#8120);
#7704=AXIS2_PLACEMENT_3D('',#11678,#8154,#8155);
#7705=AXIS2_PLACEMENT_3D('',#11681,#8158,#8159);
#7706=AXIS2_PLACEMENT_3D('',#11682,#8160,#8161);
#7707=AXIS2_PLACEMENT_3D('',#11691,#8166,#8167);
#7708=AXIS2_PLACEMENT_3D('',#11697,#8171,#8172);
#7709=AXIS2_PLACEMENT_3D('',#11703,#8176,#8177);
#7710=AXIS2_PLACEMENT_3D('',#11709,#8181,#8182);
#7711=AXIS2_PLACEMENT_3D('',#11715,#8186,#8187);
#7712=AXIS2_PLACEMENT_3D('',#11721,#8191,#8192);
#7713=AXIS2_PLACEMENT_3D('',#11727,#8196,#8197);
#7714=AXIS2_PLACEMENT_3D('',#11733,#8201,#8202);
#7715=AXIS2_PLACEMENT_3D('',#11739,#8206,#8207);
#7716=AXIS2_PLACEMENT_3D('',#11745,#8211,#8212);
#7717=AXIS2_PLACEMENT_3D('',#11751,#8216,#8217);
#7718=AXIS2_PLACEMENT_3D('',#11754,#8220,#8221);
#7719=AXIS2_PLACEMENT_3D('',#11755,#8222,#8223);
#7720=AXIS2_PLACEMENT_3D('',#11902,#8234,#8235);
#7721=AXIS2_PLACEMENT_3D('',#11908,#8239,#8240);
#7722=AXIS2_PLACEMENT_3D('',#11914,#8244,#8245);
#7723=AXIS2_PLACEMENT_3D('',#11920,#8249,#8250);
#7724=AXIS2_PLACEMENT_3D('',#11926,#8254,#8255);
#7725=AXIS2_PLACEMENT_3D('',#12047,#8264,#8265);
#7726=AXIS2_PLACEMENT_3D('',#12053,#8269,#8270);
#7727=AXIS2_PLACEMENT_3D('',#12056,#8273,#8274);
#7728=AXIS2_PLACEMENT_3D('',#12057,#8275,#8276);
#7729=AXIS2_PLACEMENT_3D('',#12066,#8281,#8282);
#7730=AXIS2_PLACEMENT_3D('',#12072,#8286,#8287);
#7731=AXIS2_PLACEMENT_3D('',#12193,#8296,#8297);
#7732=AXIS2_PLACEMENT_3D('',#12291,#8305,#8306);
#7733=AXIS2_PLACEMENT_3D('',#12297,#8310,#8311);
#7734=AXIS2_PLACEMENT_3D('',#12303,#8315,#8316);
#7735=AXIS2_PLACEMENT_3D('',#12309,#8320,#8321);
#7736=AXIS2_PLACEMENT_3D('',#12312,#8324,#8325);
#7737=AXIS2_PLACEMENT_3D('',#12339,#8328,#8329);
#7738=AXIS2_PLACEMENT_3D('',#13035,#8363,#8364);
#7739=AXIS2_PLACEMENT_3D('',#13038,#8367,#8368);
#7740=AXIS2_PLACEMENT_3D('',#13157,#8375,#8376);
#7741=AXIS2_PLACEMENT_3D('',#13163,#8380,#8381);
#7742=AXIS2_PLACEMENT_3D('',#13169,#8385,#8386);
#7743=AXIS2_PLACEMENT_3D('',#13290,#8395,#8396);
#7744=AXIS2_PLACEMENT_3D('',#13296,#8400,#8401);
#7745=AXIS2_PLACEMENT_3D('',#13302,#8405,#8406);
#7746=AXIS2_PLACEMENT_3D('',#13308,#8410,#8411);
#7747=AXIS2_PLACEMENT_3D('',#13475,#8422,#8423);
#7748=AXIS2_PLACEMENT_3D('',#13481,#8427,#8428);
#7749=AXIS2_PLACEMENT_3D('',#13487,#8432,#8433);
#7750=AXIS2_PLACEMENT_3D('',#13493,#8437,#8438);
#7751=AXIS2_PLACEMENT_3D('',#13496,#8441,#8442);
#7752=AXIS2_PLACEMENT_3D('',#13497,#8443,#8444);
#7753=AXIS2_PLACEMENT_3D('',#13506,#8449,#8450);
#7754=AXIS2_PLACEMENT_3D('',#13512,#8454,#8455);
#7755=AXIS2_PLACEMENT_3D('',#13518,#8459,#8460);
#7756=AXIS2_PLACEMENT_3D('',#13521,#8463,#8464);
#7757=AXIS2_PLACEMENT_3D('',#13548,#8467,#8468);
#7758=AXIS2_PLACEMENT_3D('',#13646,#8476,#8477);
#7759=AXIS2_PLACEMENT_3D('',#13698,#8483,#8484);
#7760=AXIS2_PLACEMENT_3D('',#13704,#8488,#8489);
#7761=AXIS2_PLACEMENT_3D('',#13710,#8493,#8494);
#7762=AXIS2_PLACEMENT_3D('',#13716,#8498,#8499);
#7763=AXIS2_PLACEMENT_3D('',#13719,#8502,#8503);
#7764=AXIS2_PLACEMENT_3D('',#14068,#8520,#8521);
#7765=AXIS2_PLACEMENT_3D('',#14143,#8528,#8529);
#7766=AXIS2_PLACEMENT_3D('',#14149,#8533,#8534);
#7767=AXIS2_PLACEMENT_3D('',#14155,#8538,#8539);
#7768=AXIS2_PLACEMENT_3D('',#14161,#8543,#8544);
#7769=AXIS2_PLACEMENT_3D('',#14164,#8547,#8548);
#7770=AXIS2_PLACEMENT_3D('',#14332,#8558,#8559);
#7771=AXIS2_PLACEMENT_3D('',#14338,#8563,#8564);
#7772=AXIS2_PLACEMENT_3D('',#14344,#8568,#8569);
#7773=AXIS2_PLACEMENT_3D('',#14350,#8573,#8574);
#7774=AXIS2_PLACEMENT_3D('',#14583,#8587,#8588);
#7775=AXIS2_PLACEMENT_3D('',#14586,#8591,#8592);
#7776=AXIS2_PLACEMENT_3D('',#14587,#8593,#8594);
#7777=AXIS2_PLACEMENT_3D('',#14590,#8595,#8596);
#7778=AXIS2_PLACEMENT_3D('',#14594,#8598,#8599);
#7779=AXIS2_PLACEMENT_3D('',#14598,#8601,#8602);
#7780=AXIS2_PLACEMENT_3D('',#14602,#8604,#8605);
#7781=AXIS2_PLACEMENT_3D('',#14605,#8607,#8608);
#7782=AXIS2_PLACEMENT_3D('',#14607,#8609,#8610);
#7783=AXIS2_PLACEMENT_3D('',#14609,#8611,#8612);
#7784=AXIS2_PLACEMENT_3D('',#14623,#8619,#8620);
#7785=AXIS2_PLACEMENT_3D('',#14624,#8621,#8622);
#7786=AXIS2_PLACEMENT_3D('',#14625,#8623,#8624);
#7787=AXIS2_PLACEMENT_3D('',#14626,#8625,#8626);
#7788=AXIS2_PLACEMENT_3D('',#14627,#8627,#8628);
#7789=AXIS2_PLACEMENT_3D('',#14630,#8629,#8630);
#7790=AXIS2_PLACEMENT_3D('',#14633,#8633,#8634);
#7791=AXIS2_PLACEMENT_3D('',#14637,#8637,#8638);
#7792=AXIS2_PLACEMENT_3D('',#14641,#8640,#8641);
#7793=AXIS2_PLACEMENT_3D('',#14645,#8643,#8644);
#7794=AXIS2_PLACEMENT_3D('',#14664,#8654,#8655);
#7795=AXIS2_PLACEMENT_3D('',#14666,#8656,#8657);
#7796=AXIS2_PLACEMENT_3D('',#14668,#8658,#8659);
#7797=AXIS2_PLACEMENT_3D('',#14670,#8660,#8661);
#7798=AXIS2_PLACEMENT_3D('',#14672,#8662,#8663);
#7799=AXIS2_PLACEMENT_3D('',#14673,#8664,#8665);
#7800=AXIS2_PLACEMENT_3D('',#14675,#8667,#8668);
#7801=AXIS2_PLACEMENT_3D('',#14682,#8673,#8674);
#7802=AXIS2_PLACEMENT_3D('',#14684,#8676,#8677);
#7803=AXIS2_PLACEMENT_3D('',#14686,#8679,#8680);
#7804=AXIS2_PLACEMENT_3D('',#14688,#8682,#8683);
#7805=AXIS2_PLACEMENT_3D('',#14689,#8684,#8685);
#7806=AXIS2_PLACEMENT_3D('',#14693,#8688,#8689);
#7807=AXIS2_PLACEMENT_3D('',#14697,#8692,#8693);
#7808=AXIS2_PLACEMENT_3D('',#14699,#8695,#8696);
#7809=AXIS2_PLACEMENT_3D('',#14705,#8700,#8701);
#7810=AXIS2_PLACEMENT_3D('',#14709,#8704,#8705);
#7811=AXIS2_PLACEMENT_3D('',#14713,#8708,#8709);
#7812=AXIS2_PLACEMENT_3D('',#14716,#8712,#8713);
#7813=AXIS2_PLACEMENT_3D('',#14718,#8714,#8715);
#7814=AXIS2_PLACEMENT_3D('',#14720,#8717,#8718);
#7815=AXIS2_PLACEMENT_3D('',#14722,#8719,#8720);
#7816=AXIS2_PLACEMENT_3D('',#14724,#8722,#8723);
#7817=AXIS2_PLACEMENT_3D('',#14726,#8724,#8725);
#7818=AXIS2_PLACEMENT_3D('',#14728,#8727,#8728);
#7819=AXIS2_PLACEMENT_3D('',#14730,#8729,#8730);
#7820=AXIS2_PLACEMENT_3D('',#14732,#8732,#8733);
#7821=AXIS2_PLACEMENT_3D('',#14734,#8735,#8736);
#7822=AXIS2_PLACEMENT_3D('',#14736,#8738,#8739);
#7823=AXIS2_PLACEMENT_3D('',#14737,#8740,#8741);
#7824=AXIS2_PLACEMENT_3D('',#14738,#8742,#8743);
#7825=AXIS2_PLACEMENT_3D('',#14741,#8745,#8746);
#7826=AXIS2_PLACEMENT_3D('',#14742,#8747,#8748);
#7827=AXIS2_PLACEMENT_3D('',#14743,#8749,#8750);
#7828=AXIS2_PLACEMENT_3D('',#14746,#8752,#8753);
#7829=AXIS2_PLACEMENT_3D('',#14747,#8754,#8755);
#7830=AXIS2_PLACEMENT_3D('',#14748,#8756,#8757);
#7831=AXIS2_PLACEMENT_3D('',#14751,#8759,#8760);
#7832=AXIS2_PLACEMENT_3D('',#14752,#8761,#8762);
#7833=AXIS2_PLACEMENT_3D('',#14753,#8763,#8764);
#7834=AXIS2_PLACEMENT_3D('',#14756,#8766,#8767);
#7835=AXIS2_PLACEMENT_3D('',#14757,#8768,#8769);
#7836=AXIS2_PLACEMENT_3D('',#14758,#8770,#8771);
#7837=AXIS2_PLACEMENT_3D('',#14759,#8772,#8773);
#7838=AXIS2_PLACEMENT_3D('',#14762,#8774,#8775);
#7839=AXIS2_PLACEMENT_3D('',#14766,#8777,#8778);
#7840=AXIS2_PLACEMENT_3D('',#14768,#8780,#8781);
#7841=AXIS2_PLACEMENT_3D('',#14774,#8785,#8786);
#7842=AXIS2_PLACEMENT_3D('',#14778,#8788,#8789);
#7843=AXIS2_PLACEMENT_3D('',#14782,#8791,#8792);
#7844=AXIS2_PLACEMENT_3D('',#14785,#8794,#8795);
#7845=AXIS2_PLACEMENT_3D('',#14795,#8800,#8801);
#7846=AXIS2_PLACEMENT_3D('',#14797,#8802,#8803);
#7847=AXIS2_PLACEMENT_3D('',#14847,#8828,#8829);
#7848=AXIS2_PLACEMENT_3D('',#14849,#8830,#8831);
#7849=AXIS2_PLACEMENT_3D('',#14851,#8832,#8833);
#7850=AXIS2_PLACEMENT_3D('',#14853,#8834,#8835);
#7851=AXIS2_PLACEMENT_3D('',#14854,#8836,#8837);
#7852=AXIS2_PLACEMENT_3D('',#14858,#8839,#8840);
#7853=AXIS2_PLACEMENT_3D('',#14860,#8842,#8843);
#7854=AXIS2_PLACEMENT_3D('',#14864,#8846,#8847);
#7855=AXIS2_PLACEMENT_3D('',#14865,#8848,#8849);
#7856=AXIS2_PLACEMENT_3D('',#14866,#8850,#8851);
#7857=AXIS2_PLACEMENT_3D('',#14870,#8853,#8854);
#7858=AXIS2_PLACEMENT_3D('',#14872,#8856,#8857);
#7859=AXIS2_PLACEMENT_3D('',#14874,#8859,#8860);
#7860=AXIS2_PLACEMENT_3D('',#14880,#8864,#8865);
#7861=AXIS2_PLACEMENT_3D('',#14884,#8868,#8869);
#7862=AXIS2_PLACEMENT_3D('',#14888,#8872,#8873);
#7863=AXIS2_PLACEMENT_3D('',#14890,#8875,#8876);
#7864=AXIS2_PLACEMENT_3D('',#14893,#8878,#8879);
#7865=AXIS2_PLACEMENT_3D('',#14894,#8880,#8881);
#7866=AXIS2_PLACEMENT_3D('',#14897,#8883,#8884);
#7867=AXIS2_PLACEMENT_3D('',#14898,#8885,#8886);
#7868=AXIS2_PLACEMENT_3D('',#14904,#8890,#8891);
#7869=AXIS2_PLACEMENT_3D('',#14908,#8894,#8895);
#7870=AXIS2_PLACEMENT_3D('',#14912,#8898,#8899);
#7871=AXIS2_PLACEMENT_3D('',#14914,#8901,#8902);
#7872=AXIS2_PLACEMENT_3D('',#14920,#8906,#8907);
#7873=AXIS2_PLACEMENT_3D('',#14924,#8910,#8911);
#7874=AXIS2_PLACEMENT_3D('',#14928,#8914,#8915);
#7875=AXIS2_PLACEMENT_3D('',#14930,#8917,#8918);
#7876=AXIS2_PLACEMENT_3D('',#14936,#8922,#8923);
#7877=AXIS2_PLACEMENT_3D('',#14940,#8926,#8927);
#7878=AXIS2_PLACEMENT_3D('',#14944,#8930,#8931);
#7879=AXIS2_PLACEMENT_3D('',#14946,#8933,#8934);
#7880=AXIS2_PLACEMENT_3D('',#14952,#8938,#8939);
#7881=AXIS2_PLACEMENT_3D('',#14956,#8942,#8943);
#7882=AXIS2_PLACEMENT_3D('',#14960,#8946,#8947);
#7883=AXIS2_PLACEMENT_3D('',#14962,#8949,#8950);
#7884=AXIS2_PLACEMENT_3D('',#14968,#8954,#8955);
#7885=AXIS2_PLACEMENT_3D('',#14972,#8958,#8959);
#7886=AXIS2_PLACEMENT_3D('',#14976,#8962,#8963);
#7887=AXIS2_PLACEMENT_3D('',#14978,#8965,#8966);
#7888=AXIS2_PLACEMENT_3D('',#14984,#8970,#8971);
#7889=AXIS2_PLACEMENT_3D('',#14988,#8974,#8975);
#7890=AXIS2_PLACEMENT_3D('',#14992,#8978,#8979);
#7891=AXIS2_PLACEMENT_3D('',#14994,#8981,#8982);
#7892=AXIS2_PLACEMENT_3D('',#14997,#8984,#8985);
#7893=AXIS2_PLACEMENT_3D('',#14998,#8986,#8987);
#7894=AXIS2_PLACEMENT_3D('',#15001,#8989,#8990);
#7895=AXIS2_PLACEMENT_3D('',#15002,#8991,#8992);
#7896=AXIS2_PLACEMENT_3D('',#15005,#8994,#8995);
#7897=AXIS2_PLACEMENT_3D('',#15006,#8996,#8997);
#7898=AXIS2_PLACEMENT_3D('',#15009,#8999,#9000);
#7899=AXIS2_PLACEMENT_3D('',#15010,#9001,#9002);
#7900=AXIS2_PLACEMENT_3D('',#15012,#9004,#9005);
#7901=AXIS2_PLACEMENT_3D('',#15013,#9006,#9007);
#7902=AXIS2_PLACEMENT_3D('',#15014,#9008,#9009);
#7903=DIRECTION('axis',(0.,0.,1.));
#7904=DIRECTION('refdir',(1.,0.,0.));
#7905=DIRECTION('axis',(0.,0.,1.));
#7906=DIRECTION('refdir',(1.,0.,0.));
#7907=DIRECTION('',(0.,0.,-1.));
#7908=DIRECTION('',(0.,0.,-1.));
#7909=DIRECTION('',(0.,0.,-1.));
#7910=DIRECTION('',(0.,0.,-1.));
#7911=DIRECTION('',(0.,0.,-1.));
#7912=DIRECTION('center_axis',(1.,-3.83026943495679E-15,0.));
#7913=DIRECTION('ref_axis',(-3.83026943495679E-15,-1.,4.83223925737735E-16));
#7914=DIRECTION('',(-3.83026943495679E-15,-1.,0.));
#7915=DIRECTION('',(-3.83026943495679E-15,-1.,4.83223925737735E-16));
#7916=DIRECTION('',(0.,0.,-1.));
#7917=DIRECTION('',(0.,0.,-1.));
#7918=DIRECTION('',(0.,0.,-1.));
#7919=DIRECTION('',(0.,0.,-1.));
#7920=DIRECTION('center_axis',(0.135112326650789,0.990830287782429,0.));
#7921=DIRECTION('ref_axis',(0.990830287782429,-0.135112326650789,-6.09709729438417E-16));
#7922=DIRECTION('',(0.990830287782429,-0.135112326650789,0.));
#7923=DIRECTION('',(0.990830287782429,-0.135112326650789,-6.09709729438417E-16));
#7924=DIRECTION('',(0.,0.,-1.));
#7925=DIRECTION('',(0.,0.,-1.));
#7926=DIRECTION('',(0.,0.,-1.));
#7927=DIRECTION('',(0.,0.,-1.));
#7928=DIRECTION('',(0.,0.,-1.));
#7929=DIRECTION('',(0.,0.,-1.));
#7930=DIRECTION('',(0.,0.,-1.));
#7931=DIRECTION('',(0.,0.,-1.));
#7932=DIRECTION('center_axis',(-1.,3.83026943495679E-15,0.));
#7933=DIRECTION('ref_axis',(3.83026943495679E-15,1.,-4.83223925737735E-16));
#7934=DIRECTION('',(3.83026943495679E-15,1.,0.));
#7935=DIRECTION('',(3.83026943495679E-15,1.,-4.83223925737735E-16));
#7936=DIRECTION('',(0.,0.,-1.));
#7937=DIRECTION('',(0.,0.,-1.));
#7938=DIRECTION('',(0.,0.,-1.));
#7939=DIRECTION('',(0.,0.,-1.));
#7940=DIRECTION('',(0.,0.,-1.));
#7941=DIRECTION('',(0.,0.,-1.));
#7942=DIRECTION('',(0.,0.,-1.));
#7943=DIRECTION('center_axis',(3.83026943495679E-15,1.,0.));
#7944=DIRECTION('ref_axis',(1.,-3.83026943495679E-15,-6.81246068737846E-16));
#7945=DIRECTION('',(1.,-3.83026943495679E-15,0.));
#7946=DIRECTION('',(1.,-3.83026943495679E-15,-6.81246068737846E-16));
#7947=DIRECTION('',(0.,0.,-1.));
#7948=DIRECTION('',(0.,0.,-1.));
#7949=DIRECTION('',(0.,0.,-1.));
#7950=DIRECTION('',(0.,0.,-1.));
#7951=DIRECTION('',(0.,0.,-1.));
#7952=DIRECTION('',(0.,0.,-1.));
#7953=DIRECTION('',(0.,0.,-1.));
#7954=DIRECTION('',(0.,0.,-1.));
#7955=DIRECTION('',(0.,0.,-1.));
#7956=DIRECTION('',(0.,0.,-1.));
#7957=DIRECTION('',(0.,0.,-1.));
#7958=DIRECTION('',(0.,0.,-1.));
#7959=DIRECTION('',(0.,0.,-1.));
#7960=DIRECTION('center_axis',(6.81246068737847E-16,4.83223925737733E-16,
1.));
#7961=DIRECTION('ref_axis',(-1.,3.83026943495679E-15,6.81246068737846E-16));
#7962=DIRECTION('',(0.,0.,-1.));
#7963=DIRECTION('',(0.,0.,-1.));
#7964=DIRECTION('',(0.,0.,-1.));
#7965=DIRECTION('',(0.,0.,-1.));
#7966=DIRECTION('',(0.,0.,-1.));
#7967=DIRECTION('',(0.,0.,-1.));
#7968=DIRECTION('',(0.,0.,-1.));
#7969=DIRECTION('',(0.,0.,-1.));
#7970=DIRECTION('',(0.,0.,-1.));
#7971=DIRECTION('',(0.,0.,-1.));
#7972=DIRECTION('',(0.,0.,-1.));
#7973=DIRECTION('',(0.,0.,-1.));
#7974=DIRECTION('',(0.,0.,-1.));
#7975=DIRECTION('',(0.,0.,-1.));
#7976=DIRECTION('',(0.,0.,-1.));
#7977=DIRECTION('',(0.,0.,-1.));
#7978=DIRECTION('',(0.,0.,-1.));
#7979=DIRECTION('center_axis',(6.81246068737847E-16,4.83223925737733E-16,
1.));
#7980=DIRECTION('ref_axis',(-1.,3.83026943495679E-15,6.81246068737846E-16));
#7981=DIRECTION('',(0.,0.,-1.));
#7982=DIRECTION('',(0.,0.,-1.));
#7983=DIRECTION('',(0.,0.,-1.));
#7984=DIRECTION('center_axis',(-0.152481390118075,0.988306342015298,0.));
#7985=DIRECTION('ref_axis',(0.988306342015298,0.152481390118075,-7.46962466141407E-16));
#7986=DIRECTION('',(0.988306342015298,0.152481390118075,0.));
#7987=DIRECTION('',(0.988306342015298,0.152481390118075,-7.46962466141407E-16));
#7988=DIRECTION('',(0.,0.,-1.));
#7989=DIRECTION('',(0.,0.,-1.));
#7990=DIRECTION('',(0.,0.,-1.));
#7991=DIRECTION('',(0.,0.,-1.));
#7992=DIRECTION('',(0.,0.,-1.));
#7993=DIRECTION('',(0.,0.,-1.));
#7994=DIRECTION('',(0.,0.,-1.));
#7995=DIRECTION('',(0.,0.,-1.));
#7996=DIRECTION('',(0.,0.,-1.));
#7997=DIRECTION('',(0.,0.,-1.));
#7998=DIRECTION('',(0.,0.,-1.));
#7999=DIRECTION('',(0.,0.,-1.));
#8000=DIRECTION('',(0.,0.,-1.));
#8001=DIRECTION('',(0.,0.,-1.));
#8002=DIRECTION('',(0.,0.,-1.));
#8003=DIRECTION('center_axis',(-0.128860171282097,-0.991662773455346,0.));
#8004=DIRECTION('ref_axis',(-0.991662773455346,0.128860171282097,6.13298048091953E-16));
#8005=DIRECTION('',(-0.991662773455346,0.128860171282097,0.));
#8006=DIRECTION('',(0.,0.,-1.));
#8007=DIRECTION('',(-0.991662773455346,0.128860171282097,6.13298048091953E-16));
#8008=DIRECTION('center_axis',(6.81246068737847E-16,4.83223925737733E-16,
1.));
#8009=DIRECTION('ref_axis',(-1.,3.83026943495679E-15,6.81246068737846E-16));
#8010=DIRECTION('center_axis',(-3.83026943495679E-15,-1.,0.));
#8011=DIRECTION('ref_axis',(-1.,3.83026943495679E-15,6.81246068737846E-16));
#8012=DIRECTION('',(-1.,3.83026943495679E-15,0.));
#8013=DIRECTION('',(0.,0.,-1.));
#8014=DIRECTION('',(-1.,3.83026943495679E-15,6.81246068737846E-16));
#8015=DIRECTION('',(0.,0.,-1.));
#8016=DIRECTION('center_axis',(-1.,3.83026943495679E-15,0.));
#8017=DIRECTION('ref_axis',(3.83026943495679E-15,1.,-4.83223925737735E-16));
#8018=DIRECTION('',(3.83026943495679E-15,1.,0.));
#8019=DIRECTION('',(3.83026943495679E-15,1.,-4.83223925737735E-16));
#8020=DIRECTION('',(0.,0.,-1.));
#8021=DIRECTION('center_axis',(1.,-3.83026943495679E-15,0.));
#8022=DIRECTION('ref_axis',(-3.83026943495679E-15,-1.,4.83223925737735E-16));
#8023=DIRECTION('',(-3.83026943495679E-15,-1.,0.));
#8024=DIRECTION('',(0.,0.,-1.));
#8025=DIRECTION('',(-3.83026943495679E-15,-1.,4.83223925737735E-16));
#8026=DIRECTION('center_axis',(3.83026943495679E-15,1.,0.));
#8027=DIRECTION('ref_axis',(1.,-3.83026943495679E-15,-6.81246068737846E-16));
#8028=DIRECTION('',(1.,-3.83026943495679E-15,0.));
#8029=DIRECTION('',(1.,-3.83026943495679E-15,-6.81246068737846E-16));
#8030=DIRECTION('center_axis',(0.,0.,-1.));
#8031=DIRECTION('ref_axis',(-1.,0.,0.));
#8032=DIRECTION('center_axis',(-3.83026943495679E-15,-1.,0.));
#8033=DIRECTION('ref_axis',(-1.,3.83026943495679E-15,6.81246068737846E-16));
#8034=DIRECTION('',(-1.,3.83026943495679E-15,0.));
#8035=DIRECTION('',(0.,0.,-1.));
#8036=DIRECTION('',(-1.,3.83026943495679E-15,6.81246068737846E-16));
#8037=DIRECTION('',(0.,0.,-1.));
#8038=DIRECTION('center_axis',(-1.,3.83026943495679E-15,0.));
#8039=DIRECTION('ref_axis',(3.83026943495679E-15,1.,-4.83223925737735E-16));
#8040=DIRECTION('',(3.83026943495679E-15,1.,0.));
#8041=DIRECTION('',(3.83026943495679E-15,1.,-4.83223925737735E-16));
#8042=DIRECTION('',(0.,0.,-1.));
#8043=DIRECTION('center_axis',(-0.985000048032779,0.172554065079394,0.));
#8044=DIRECTION('ref_axis',(0.172554065079394,0.985000048032779,-5.93527368542326E-16));
#8045=DIRECTION('',(0.172554065079394,0.985000048032779,0.));
#8046=DIRECTION('',(0.172554065079394,0.985000048032779,-5.93527368542326E-16));
#8047=DIRECTION('',(0.,0.,-1.));
#8048=DIRECTION('center_axis',(1.,-3.83026943495679E-15,0.));
#8049=DIRECTION('ref_axis',(-3.83026943495679E-15,-1.,4.83223925737735E-16));
#8050=DIRECTION('',(-3.83026943495679E-15,-1.,0.));
#8051=DIRECTION('',(0.,0.,-1.));
#8052=DIRECTION('',(-3.83026943495679E-15,-1.,4.83223925737735E-16));
#8053=DIRECTION('center_axis',(0.986198358050914,0.165568108576747,0.));
#8054=DIRECTION('ref_axis',(0.165568108576747,-0.986198358050914,3.63762019057199E-16));
#8055=DIRECTION('',(0.165568108576747,-0.986198358050914,0.));
#8056=DIRECTION('',(0.,0.,-1.));
#8057=DIRECTION('',(0.165568108576747,-0.986198358050914,3.63762019057199E-16));
#8058=DIRECTION('center_axis',(3.83026943495679E-15,1.,0.));
#8059=DIRECTION('ref_axis',(1.,-3.83026943495679E-15,-6.81246068737846E-16));
#8060=DIRECTION('',(1.,-3.83026943495679E-15,0.));
#8061=DIRECTION('',(1.,-3.83026943495679E-15,-6.81246068737846E-16));
#8062=DIRECTION('center_axis',(0.,0.,-1.));
#8063=DIRECTION('ref_axis',(-1.,0.,0.));
#8064=DIRECTION('',(0.,0.,-1.));
#8065=DIRECTION('',(0.,0.,-1.));
#8066=DIRECTION('',(0.,0.,-1.));
#8067=DIRECTION('',(0.,0.,-1.));
#8068=DIRECTION('',(0.,0.,-1.));
#8069=DIRECTION('',(0.,0.,-1.));
#8070=DIRECTION('',(0.,0.,-1.));
#8071=DIRECTION('center_axis',(1.,-3.83026943495679E-15,0.));
#8072=DIRECTION('ref_axis',(-3.83026943495679E-15,-1.,4.83223925737735E-16));
#8073=DIRECTION('',(-3.83026943495679E-15,-1.,0.));
#8074=DIRECTION('',(-3.83026943495679E-15,-1.,4.83223925737735E-16));
#8075=DIRECTION('',(0.,0.,-1.));
#8076=DIRECTION('center_axis',(-3.83026943495679E-15,-1.,0.));
#8077=DIRECTION('ref_axis',(-1.,3.83026943495679E-15,6.81246068737846E-16));
#8078=DIRECTION('',(-1.,3.83026943495679E-15,0.));
#8079=DIRECTION('',(-1.,3.83026943495679E-15,6.81246068737846E-16));
#8080=DIRECTION('',(0.,0.,-1.));
#8081=DIRECTION('center_axis',(-1.,3.83026943495679E-15,0.));
#8082=DIRECTION('ref_axis',(3.83026943495679E-15,1.,-4.83223925737735E-16));
#8083=DIRECTION('',(3.83026943495679E-15,1.,0.));
#8084=DIRECTION('',(3.83026943495679E-15,1.,-4.83223925737735E-16));
#8085=DIRECTION('',(0.,0.,-1.));
#8086=DIRECTION('center_axis',(3.83026943495679E-15,1.,0.));
#8087=DIRECTION('ref_axis',(1.,-3.83026943495679E-15,-6.81246068737846E-16));
#8088=DIRECTION('',(1.,-3.83026943495679E-15,0.));
#8089=DIRECTION('',(1.,-3.83026943495679E-15,-6.81246068737846E-16));
#8090=DIRECTION('',(0.,0.,-1.));
#8091=DIRECTION('center_axis',(-1.,3.83026943495679E-15,0.));
#8092=DIRECTION('ref_axis',(3.83026943495679E-15,1.,-4.83223925737735E-16));
#8093=DIRECTION('',(3.83026943495679E-15,1.,0.));
#8094=DIRECTION('',(0.,0.,-1.));
#8095=DIRECTION('',(3.83026943495679E-15,1.,-4.83223925737735E-16));
#8096=DIRECTION('center_axis',(-3.83026943495679E-15,-1.,0.));
#8097=DIRECTION('ref_axis',(-1.,3.83026943495679E-15,6.81246068737846E-16));
#8098=DIRECTION('',(-1.,3.83026943495679E-15,0.));
#8099=DIRECTION('',(0.,0.,-1.));
#8100=DIRECTION('',(-1.,3.83026943495679E-15,6.81246068737846E-16));
#8101=DIRECTION('center_axis',(1.,-3.83026943495679E-15,0.));
#8102=DIRECTION('ref_axis',(-3.83026943495679E-15,-1.,4.83223925737735E-16));
#8103=DIRECTION('',(-3.83026943495679E-15,-1.,0.));
#8104=DIRECTION('',(0.,0.,-1.));
#8105=DIRECTION('',(-3.83026943495679E-15,-1.,4.83223925737735E-16));
#8106=DIRECTION('',(0.,0.,-1.));
#8107=DIRECTION('',(0.,0.,-1.));
#8108=DIRECTION('',(0.,0.,-1.));
#8109=DIRECTION('',(0.,0.,-1.));
#8110=DIRECTION('',(0.,0.,-1.));
#8111=DIRECTION('center_axis',(1.,-3.83026943495679E-15,0.));
#8112=DIRECTION('ref_axis',(-3.83026943495679E-15,-1.,4.83223925737735E-16));
#8113=DIRECTION('',(-3.83026943495679E-15,-1.,0.));
#8114=DIRECTION('',(-3.83026943495679E-15,-1.,4.83223925737735E-16));
#8115=DIRECTION('center_axis',(6.81246068737847E-16,4.83223925737733E-16,
1.));
#8116=DIRECTION('ref_axis',(-1.,3.83026943495679E-15,6.81246068737846E-16));
#8117=DIRECTION('',(0.,0.,-1.));
#8118=DIRECTION('',(0.,0.,-1.));
#8119=DIRECTION('center_axis',(-0.135113168146423,0.99083017303342,0.));
#8120=DIRECTION('ref_axis',(0.99083017303342,0.135113168146423,-7.40289075696435E-16));
#8121=DIRECTION('',(0.99083017303342,0.135113168146423,0.));
#8122=DIRECTION('',(0.99083017303342,0.135113168146423,-7.40289075696435E-16));
#8123=DIRECTION('',(0.,0.,-1.));
#8124=DIRECTION('',(0.,0.,-1.));
#8125=DIRECTION('',(0.,0.,-1.));
#8126=DIRECTION('',(0.,0.,-1.));
#8127=DIRECTION('',(0.,0.,-1.));
#8128=DIRECTION('',(0.,0.,-1.));
#8129=DIRECTION('',(0.,0.,-1.));
#8130=DIRECTION('',(0.,0.,-1.));
#8131=DIRECTION('',(0.,0.,-1.));
#8132=DIRECTION('',(0.,0.,-1.));
#8133=DIRECTION('',(0.,0.,-1.));
#8134=DIRECTION('',(0.,0.,-1.));
#8135=DIRECTION('',(0.,0.,-1.));
#8136=DIRECTION('',(0.,0.,-1.));
#8137=DIRECTION('',(0.,0.,-1.));
#8138=DIRECTION('',(0.,0.,-1.));
#8139=DIRECTION('',(0.,0.,-1.));
#8140=DIRECTION('',(0.,0.,-1.));
#8141=DIRECTION('',(0.,0.,-1.));
#8142=DIRECTION('',(0.,0.,-1.));
#8143=DIRECTION('',(0.,0.,-1.));
#8144=DIRECTION('',(0.,0.,-1.));
#8145=DIRECTION('',(0.,0.,-1.));
#8146=DIRECTION('',(0.,0.,-1.));
#8147=DIRECTION('',(0.,0.,-1.));
#8148=DIRECTION('',(0.,0.,-1.));
#8149=DIRECTION('',(0.,0.,-1.));
#8150=DIRECTION('',(0.,0.,-1.));
#8151=DIRECTION('',(0.,0.,-1.));
#8152=DIRECTION('',(0.,0.,-1.));
#8153=DIRECTION('',(0.,0.,-1.));
#8154=DIRECTION('center_axis',(0.155392545941865,-0.987852801112446,0.));
#8155=DIRECTION('ref_axis',(-0.987852801112446,-0.155392545941865,7.48060233329933E-16));
#8156=DIRECTION('',(-0.987852801112446,-0.155392545941865,0.));
#8157=DIRECTION('',(-0.987852801112446,-0.155392545941865,7.48060233329933E-16));
#8158=DIRECTION('center_axis',(6.81246068737847E-16,4.83223925737733E-16,
1.));
#8159=DIRECTION('ref_axis',(-1.,3.83026943495679E-15,6.81246068737846E-16));
#8160=DIRECTION('center_axis',(-0.805287895458987,-0.592883972989012,0.));
#8161=DIRECTION('ref_axis',(-0.592883972989012,0.805287895458987,1.47654976236724E-17));
#8162=DIRECTION('',(-0.592883972989012,0.805287895458987,0.));
#8163=DIRECTION('',(0.,0.,-1.));
#8164=DIRECTION('',(-0.592883972989012,0.805287895458987,1.47654976236724E-17));
#8165=DIRECTION('',(0.,0.,-1.));
#8166=DIRECTION('center_axis',(3.83026943495679E-15,1.,0.));
#8167=DIRECTION('ref_axis',(1.,-3.83026943495679E-15,-6.81246068737846E-16));
#8168=DIRECTION('',(1.,-3.83026943495679E-15,0.));
#8169=DIRECTION('',(1.,-3.83026943495679E-15,-6.81246068737846E-16));
#8170=DIRECTION('',(0.,0.,-1.));
#8171=DIRECTION('center_axis',(0.81788324263918,0.575384220682164,0.));
#8172=DIRECTION('ref_axis',(0.575384220682164,-0.817883242639179,3.24251294969674E-18));
#8173=DIRECTION('',(0.575384220682164,-0.817883242639179,0.));
#8174=DIRECTION('',(0.575384220682164,-0.817883242639179,3.24251294969674E-18));
#8175=DIRECTION('',(0.,0.,-1.));
#8176=DIRECTION('center_axis',(-0.698100062348148,0.716000211556891,0.));
#8177=DIRECTION('ref_axis',(0.716000211556891,0.698100062348148,-8.25110982024227E-16));
#8178=DIRECTION('',(0.716000211556891,0.698100062348148,0.));
#8179=DIRECTION('',(0.716000211556891,0.698100062348148,-8.25110982024227E-16));
#8180=DIRECTION('',(0.,0.,-1.));
#8181=DIRECTION('center_axis',(-1.,3.83026943495679E-15,0.));
#8182=DIRECTION('ref_axis',(3.83026943495679E-15,1.,-4.83223925737735E-16));
#8183=DIRECTION('',(3.83026943495679E-15,1.,0.));
#8184=DIRECTION('',(3.83026943495679E-15,1.,-4.83223925737735E-16));
#8185=DIRECTION('',(0.,0.,-1.));
#8186=DIRECTION('center_axis',(3.83026943495679E-15,1.,0.));
#8187=DIRECTION('ref_axis',(1.,-3.83026943495679E-15,-6.81246068737846E-16));
#8188=DIRECTION('',(1.,-3.83026943495679E-15,0.));
#8189=DIRECTION('',(1.,-3.83026943495679E-15,-6.81246068737846E-16));
#8190=DIRECTION('',(0.,0.,-1.));
#8191=DIRECTION('center_axis',(-0.694719700795356,0.719280569268218,0.));
#8192=DIRECTION('ref_axis',(0.719280569268218,0.694719700795356,-8.25712241239169E-16));
#8193=DIRECTION('',(0.719280569268218,0.694719700795356,0.));
#8194=DIRECTION('',(0.,0.,-1.));
#8195=DIRECTION('',(0.719280569268218,0.694719700795356,-8.25712241239169E-16));
#8196=DIRECTION('center_axis',(-3.83026943495679E-15,-1.,0.));
#8197=DIRECTION('ref_axis',(-1.,3.83026943495679E-15,6.81246068737846E-16));
#8198=DIRECTION('',(-1.,3.83026943495679E-15,0.));
#8199=DIRECTION('',(0.,0.,-1.));
#8200=DIRECTION('',(-1.,3.83026943495679E-15,6.81246068737846E-16));
#8201=DIRECTION('center_axis',(0.706620632250245,-0.707592596116059,0.));
#8202=DIRECTION('ref_axis',(-0.707592596116059,-0.706620632250245,8.23500670295315E-16));
#8203=DIRECTION('',(-0.707592596116059,-0.706620632250245,0.));
#8204=DIRECTION('',(0.,0.,-1.));
#8205=DIRECTION('',(-0.707592596116059,-0.706620632250245,8.23500670295315E-16));
#8206=DIRECTION('center_axis',(-1.,3.83026943495679E-15,0.));
#8207=DIRECTION('ref_axis',(3.83026943495679E-15,1.,-4.83223925737735E-16));
#8208=DIRECTION('',(3.83026943495679E-15,1.,0.));
#8209=DIRECTION('',(0.,0.,-1.));
#8210=DIRECTION('',(3.83026943495679E-15,1.,-4.83223925737735E-16));
#8211=DIRECTION('center_axis',(-3.83026943495679E-15,-1.,0.));
#8212=DIRECTION('ref_axis',(-1.,3.83026943495679E-15,6.81246068737846E-16));
#8213=DIRECTION('',(-1.,3.83026943495679E-15,0.));
#8214=DIRECTION('',(0.,0.,-1.));
#8215=DIRECTION('',(-1.,3.83026943495679E-15,6.81246068737846E-16));
#8216=DIRECTION('center_axis',(1.,-3.83026943495679E-15,0.));
#8217=DIRECTION('ref_axis',(-3.83026943495679E-15,-1.,4.83223925737735E-16));
#8218=DIRECTION('',(-3.83026943495679E-15,-1.,0.));
#8219=DIRECTION('',(-3.83026943495679E-15,-1.,4.83223925737735E-16));
#8220=DIRECTION('center_axis',(0.,0.,-1.));
#8221=DIRECTION('ref_axis',(-1.,0.,0.));
#8222=DIRECTION('center_axis',(-1.,3.83026943495679E-15,0.));
#8223=DIRECTION('ref_axis',(3.83026943495679E-15,1.,-4.83223925737735E-16));
#8224=DIRECTION('',(3.83026943495679E-15,1.,0.));
#8225=DIRECTION('',(0.,0.,-1.));
#8226=DIRECTION('',(3.83026943495679E-15,1.,-4.83223925737735E-16));
#8227=DIRECTION('',(0.,0.,-1.));
#8228=DIRECTION('',(0.,0.,-1.));
#8229=DIRECTION('',(0.,0.,-1.));
#8230=DIRECTION('',(0.,0.,-1.));
#8231=DIRECTION('',(0.,0.,-1.));
#8232=DIRECTION('',(0.,0.,-1.));
#8233=DIRECTION('',(0.,0.,-1.));
#8234=DIRECTION('center_axis',(1.,-3.83026943495679E-15,0.));
#8235=DIRECTION('ref_axis',(-3.83026943495679E-15,-1.,4.83223925737735E-16));
#8236=DIRECTION('',(-3.83026943495679E-15,-1.,0.));
#8237=DIRECTION('',(-3.83026943495679E-15,-1.,4.83223925737735E-16));
#8238=DIRECTION('',(0.,0.,-1.));
#8239=DIRECTION('center_axis',(-3.83026943495679E-15,-1.,0.));
#8240=DIRECTION('ref_axis',(-1.,3.83026943495679E-15,6.81246068737846E-16));
#8241=DIRECTION('',(-1.,3.83026943495679E-15,0.));
#8242=DIRECTION('',(-1.,3.83026943495679E-15,6.81246068737846E-16));
#8243=DIRECTION('',(0.,0.,-1.));
#8244=DIRECTION('center_axis',(-1.,3.83026943495679E-15,0.));
#8245=DIRECTION('ref_axis',(3.83026943495679E-15,1.,-4.83223925737735E-16));
#8246=DIRECTION('',(3.83026943495679E-15,1.,0.));
#8247=DIRECTION('',(3.83026943495679E-15,1.,-4.83223925737735E-16));
#8248=DIRECTION('',(0.,0.,-1.));
#8249=DIRECTION('center_axis',(-3.83026943495679E-15,-1.,0.));
#8250=DIRECTION('ref_axis',(-1.,3.83026943495679E-15,6.81246068737846E-16));
#8251=DIRECTION('',(-1.,3.83026943495679E-15,0.));
#8252=DIRECTION('',(0.,0.,-1.));
#8253=DIRECTION('',(-1.,3.83026943495679E-15,6.81246068737846E-16));
#8254=DIRECTION('center_axis',(1.,-3.83026943495679E-15,0.));
#8255=DIRECTION('ref_axis',(-3.83026943495679E-15,-1.,4.83223925737735E-16));
#8256=DIRECTION('',(-3.83026943495679E-15,-1.,0.));
#8257=DIRECTION('',(0.,0.,-1.));
#8258=DIRECTION('',(-3.83026943495679E-15,-1.,4.83223925737735E-16));
#8259=DIRECTION('',(0.,0.,-1.));
#8260=DIRECTION('',(0.,0.,-1.));
#8261=DIRECTION('',(0.,0.,-1.));
#8262=DIRECTION('',(0.,0.,-1.));
#8263=DIRECTION('',(0.,0.,-1.));
#8264=DIRECTION('center_axis',(1.,-3.83026943495679E-15,0.));
#8265=DIRECTION('ref_axis',(-3.83026943495679E-15,-1.,4.83223925737735E-16));
#8266=DIRECTION('',(-3.83026943495679E-15,-1.,0.));
#8267=DIRECTION('',(0.,0.,-1.));
#8268=DIRECTION('',(-3.83026943495679E-15,-1.,4.83223925737735E-16));
#8269=DIRECTION('center_axis',(3.83026943495679E-15,1.,0.));
#8270=DIRECTION('ref_axis',(1.,-3.83026943495679E-15,-6.81246068737846E-16));
#8271=DIRECTION('',(1.,-3.83026943495679E-15,0.));
#8272=DIRECTION('',(1.,-3.83026943495679E-15,-6.81246068737846E-16));
#8273=DIRECTION('center_axis',(6.81246068737847E-16,4.83223925737733E-16,
1.));
#8274=DIRECTION('ref_axis',(-1.,3.83026943495679E-15,6.81246068737846E-16));
#8275=DIRECTION('center_axis',(-1.,3.83026943495679E-15,0.));
#8276=DIRECTION('ref_axis',(3.83026943495679E-15,1.,-4.83223925737735E-16));
#8277=DIRECTION('',(3.83026943495679E-15,1.,0.));
#8278=DIRECTION('',(0.,0.,-1.));
#8279=DIRECTION('',(3.83026943495679E-15,1.,-4.83223925737735E-16));
#8280=DIRECTION('',(0.,0.,-1.));
#8281=DIRECTION('center_axis',(3.83026943495679E-15,1.,0.));
#8282=DIRECTION('ref_axis',(1.,-3.83026943495679E-15,-6.81246068737846E-16));
#8283=DIRECTION('',(1.,-3.83026943495679E-15,0.));
#8284=DIRECTION('',(1.,-3.83026943495679E-15,-6.81246068737846E-16));
#8285=DIRECTION('',(0.,0.,-1.));
#8286=DIRECTION('center_axis',(1.,-3.83026943495679E-15,0.));
#8287=DIRECTION('ref_axis',(-3.83026943495679E-15,-1.,4.83223925737735E-16));
#8288=DIRECTION('',(-3.83026943495679E-15,-1.,0.));
#8289=DIRECTION('',(-3.83026943495679E-15,-1.,4.83223925737735E-16));
#8290=DIRECTION('',(0.,0.,-1.));
#8291=DIRECTION('',(0.,0.,-1.));
#8292=DIRECTION('',(0.,0.,-1.));
#8293=DIRECTION('',(0.,0.,-1.));
#8294=DIRECTION('',(0.,0.,-1.));
#8295=DIRECTION('',(0.,0.,-1.));
#8296=DIRECTION('center_axis',(-1.,3.83026943495679E-15,0.));
#8297=DIRECTION('ref_axis',(3.83026943495679E-15,1.,-4.83223925737735E-16));
#8298=DIRECTION('',(3.83026943495679E-15,1.,0.));
#8299=DIRECTION('',(3.83026943495679E-15,1.,-4.83223925737735E-16));
#8300=DIRECTION('',(0.,0.,-1.));
#8301=DIRECTION('',(0.,0.,-1.));
#8302=DIRECTION('',(0.,0.,-1.));
#8303=DIRECTION('',(0.,0.,-1.));
#8304=DIRECTION('',(0.,0.,-1.));
#8305=DIRECTION('center_axis',(-1.,3.83026943495679E-15,0.));
#8306=DIRECTION('ref_axis',(3.83026943495679E-15,1.,-4.83223925737735E-16));
#8307=DIRECTION('',(3.83026943495679E-15,1.,0.));
#8308=DIRECTION('',(0.,0.,-1.));
#8309=DIRECTION('',(3.83026943495679E-15,1.,-4.83223925737735E-16));
#8310=DIRECTION('center_axis',(-3.83026943495679E-15,-1.,0.));
#8311=DIRECTION('ref_axis',(-1.,3.83026943495679E-15,6.81246068737846E-16));
#8312=DIRECTION('',(-1.,3.83026943495679E-15,0.));
#8313=DIRECTION('',(0.,0.,-1.));
#8314=DIRECTION('',(-1.,3.83026943495679E-15,6.81246068737846E-16));
#8315=DIRECTION('center_axis',(1.,-3.83026943495679E-15,0.));
#8316=DIRECTION('ref_axis',(-3.83026943495679E-15,-1.,4.83223925737735E-16));
#8317=DIRECTION('',(-3.83026943495679E-15,-1.,0.));
#8318=DIRECTION('',(0.,0.,-1.));
#8319=DIRECTION('',(-3.83026943495679E-15,-1.,4.83223925737735E-16));
#8320=DIRECTION('center_axis',(3.83026943495679E-15,1.,0.));
#8321=DIRECTION('ref_axis',(1.,-3.83026943495679E-15,-6.81246068737846E-16));
#8322=DIRECTION('',(1.,-3.83026943495679E-15,0.));
#8323=DIRECTION('',(1.,-3.83026943495679E-15,-6.81246068737846E-16));
#8324=DIRECTION('center_axis',(6.81246068737847E-16,4.83223925737733E-16,
1.));
#8325=DIRECTION('ref_axis',(-1.,3.83026943495679E-15,6.81246068737846E-16));
#8326=DIRECTION('',(0.,0.,-1.));
#8327=DIRECTION('',(0.,0.,-1.));
#8328=DIRECTION('center_axis',(-0.13511360719036,0.990830113163709,0.));
#8329=DIRECTION('ref_axis',(0.990830113163709,0.13511360719036,-7.40289247066965E-16));
#8330=DIRECTION('',(0.990830113163709,0.13511360719036,0.));
#8331=DIRECTION('',(0.990830113163709,0.13511360719036,-7.40289247066965E-16));
#8332=DIRECTION('',(0.,0.,-1.));
#8333=DIRECTION('',(0.,0.,-1.));
#8334=DIRECTION('',(0.,0.,-1.));
#8335=DIRECTION('',(0.,0.,-1.));
#8336=DIRECTION('',(0.,0.,-1.));
#8337=DIRECTION('',(0.,0.,-1.));
#8338=DIRECTION('',(0.,0.,-1.));
#8339=DIRECTION('',(0.,0.,-1.));
#8340=DIRECTION('',(0.,0.,-1.));
#8341=DIRECTION('',(0.,0.,-1.));
#8342=DIRECTION('',(0.,0.,-1.));
#8343=DIRECTION('',(0.,0.,-1.));
#8344=DIRECTION('',(0.,0.,-1.));
#8345=DIRECTION('',(0.,0.,-1.));
#8346=DIRECTION('',(0.,0.,-1.));
#8347=DIRECTION('',(0.,0.,-1.));
#8348=DIRECTION('',(0.,0.,-1.));
#8349=DIRECTION('',(0.,0.,-1.));
#8350=DIRECTION('',(0.,0.,-1.));
#8351=DIRECTION('',(0.,0.,-1.));
#8352=DIRECTION('',(0.,0.,-1.));
#8353=DIRECTION('',(0.,0.,-1.));
#8354=DIRECTION('',(0.,0.,-1.));
#8355=DIRECTION('',(0.,0.,-1.));
#8356=DIRECTION('',(0.,0.,-1.));
#8357=DIRECTION('',(0.,0.,-1.));
#8358=DIRECTION('',(0.,0.,-1.));
#8359=DIRECTION('',(0.,0.,-1.));
#8360=DIRECTION('',(0.,0.,-1.));
#8361=DIRECTION('',(0.,0.,-1.));
#8362=DIRECTION('',(0.,0.,-1.));
#8363=DIRECTION('center_axis',(0.155392794076925,-0.98785276207994,0.));
#8364=DIRECTION('ref_axis',(-0.98785276207994,-0.155392794076925,7.4806032664399E-16));
#8365=DIRECTION('',(-0.98785276207994,-0.155392794076925,0.));
#8366=DIRECTION('',(-0.98785276207994,-0.155392794076925,7.4806032664399E-16));
#8367=DIRECTION('center_axis',(6.81246068737847E-16,4.83223925737733E-16,
1.));
#8368=DIRECTION('ref_axis',(-1.,3.83026943495679E-15,6.81246068737846E-16));
#8369=DIRECTION('',(0.,0.,-1.));
#8370=DIRECTION('',(0.,0.,-1.));
#8371=DIRECTION('',(0.,0.,-1.));
#8372=DIRECTION('',(0.,0.,-1.));
#8373=DIRECTION('',(0.,0.,-1.));
#8374=DIRECTION('',(0.,0.,-1.));
#8375=DIRECTION('center_axis',(-1.,3.83026943495679E-15,0.));
#8376=DIRECTION('ref_axis',(3.83026943495679E-15,1.,-4.83223925737735E-16));
#8377=DIRECTION('',(3.83026943495679E-15,1.,0.));
#8378=DIRECTION('',(3.83026943495679E-15,1.,-4.83223925737735E-16));
#8379=DIRECTION('',(0.,0.,-1.));
#8380=DIRECTION('center_axis',(3.83026943495679E-15,1.,0.));
#8381=DIRECTION('ref_axis',(1.,-3.83026943495679E-15,-6.81246068737846E-16));
#8382=DIRECTION('',(1.,-3.83026943495679E-15,0.));
#8383=DIRECTION('',(1.,-3.83026943495679E-15,-6.81246068737846E-16));
#8384=DIRECTION('',(0.,0.,-1.));
#8385=DIRECTION('center_axis',(1.,-3.83026943495679E-15,0.));
#8386=DIRECTION('ref_axis',(-3.83026943495679E-15,-1.,4.83223925737735E-16));
#8387=DIRECTION('',(-3.83026943495679E-15,-1.,0.));
#8388=DIRECTION('',(-3.83026943495679E-15,-1.,4.83223925737735E-16));
#8389=DIRECTION('',(0.,0.,-1.));
#8390=DIRECTION('',(0.,0.,-1.));
#8391=DIRECTION('',(0.,0.,-1.));
#8392=DIRECTION('',(0.,0.,-1.));
#8393=DIRECTION('',(0.,0.,-1.));
#8394=DIRECTION('',(0.,0.,-1.));
#8395=DIRECTION('center_axis',(-1.,3.83026943495679E-15,0.));
#8396=DIRECTION('ref_axis',(3.83026943495679E-15,1.,-4.83223925737735E-16));
#8397=DIRECTION('',(3.83026943495679E-15,1.,0.));
#8398=DIRECTION('',(3.83026943495679E-15,1.,-4.83223925737735E-16));
#8399=DIRECTION('',(0.,0.,-1.));
#8400=DIRECTION('center_axis',(1.,-3.83026943495679E-15,0.));
#8401=DIRECTION('ref_axis',(-3.83026943495679E-15,-1.,4.83223925737735E-16));
#8402=DIRECTION('',(-3.83026943495679E-15,-1.,0.));
#8403=DIRECTION('',(0.,0.,-1.));
#8404=DIRECTION('',(-3.83026943495679E-15,-1.,4.83223925737735E-16));
#8405=DIRECTION('center_axis',(3.83026943495679E-15,1.,0.));
#8406=DIRECTION('ref_axis',(1.,-3.83026943495679E-15,-6.81246068737846E-16));
#8407=DIRECTION('',(1.,-3.83026943495679E-15,0.));
#8408=DIRECTION('',(0.,0.,-1.));
#8409=DIRECTION('',(1.,-3.83026943495679E-15,-6.81246068737846E-16));
#8410=DIRECTION('center_axis',(-1.,3.83026943495679E-15,0.));
#8411=DIRECTION('ref_axis',(3.83026943495679E-15,1.,-4.83223925737735E-16));
#8412=DIRECTION('',(3.83026943495679E-15,1.,0.));
#8413=DIRECTION('',(0.,0.,-1.));
#8414=DIRECTION('',(3.83026943495679E-15,1.,-4.83223925737735E-16));
#8415=DIRECTION('',(0.,0.,-1.));
#8416=DIRECTION('',(0.,0.,-1.));
#8417=DIRECTION('',(0.,0.,-1.));
#8418=DIRECTION('',(0.,0.,-1.));
#8419=DIRECTION('',(0.,0.,-1.));
#8420=DIRECTION('',(0.,0.,-1.));
#8421=DIRECTION('',(0.,0.,-1.));
#8422=DIRECTION('center_axis',(-1.,3.83026943495679E-15,0.));
#8423=DIRECTION('ref_axis',(3.83026943495679E-15,1.,-4.83223925737735E-16));
#8424=DIRECTION('',(3.83026943495679E-15,1.,0.));
#8425=DIRECTION('',(0.,0.,-1.));
#8426=DIRECTION('',(3.83026943495679E-15,1.,-4.83223925737735E-16));
#8427=DIRECTION('center_axis',(-3.83026943495679E-15,-1.,0.));
#8428=DIRECTION('ref_axis',(-1.,3.83026943495679E-15,6.81246068737846E-16));
#8429=DIRECTION('',(-1.,3.83026943495679E-15,0.));
#8430=DIRECTION('',(0.,0.,-1.));
#8431=DIRECTION('',(-1.,3.83026943495679E-15,6.81246068737846E-16));
#8432=DIRECTION('center_axis',(1.,-3.83026943495679E-15,0.));
#8433=DIRECTION('ref_axis',(-3.83026943495679E-15,-1.,4.83223925737735E-16));
#8434=DIRECTION('',(-3.83026943495679E-15,-1.,0.));
#8435=DIRECTION('',(0.,0.,-1.));
#8436=DIRECTION('',(-3.83026943495679E-15,-1.,4.83223925737735E-16));
#8437=DIRECTION('center_axis',(3.83026943495679E-15,1.,0.));
#8438=DIRECTION('ref_axis',(1.,-3.83026943495679E-15,-6.81246068737846E-16));
#8439=DIRECTION('',(1.,-3.83026943495679E-15,0.));
#8440=DIRECTION('',(1.,-3.83026943495679E-15,-6.81246068737846E-16));
#8441=DIRECTION('center_axis',(6.81246068737847E-16,4.83223925737733E-16,
1.));
#8442=DIRECTION('ref_axis',(-1.,3.83026943495679E-15,6.81246068737846E-16));
#8443=DIRECTION('center_axis',(-3.83026943495679E-15,-1.,0.));
#8444=DIRECTION('ref_axis',(-1.,3.83026943495679E-15,6.81246068737846E-16));
#8445=DIRECTION('',(-1.,3.83026943495679E-15,0.));
#8446=DIRECTION('',(0.,0.,-1.));
#8447=DIRECTION('',(-1.,3.83026943495679E-15,6.81246068737846E-16));
#8448=DIRECTION('',(0.,0.,-1.));
#8449=DIRECTION('center_axis',(-1.,3.83026943495679E-15,0.));
#8450=DIRECTION('ref_axis',(3.83026943495679E-15,1.,-4.83223925737735E-16));
#8451=DIRECTION('',(3.83026943495679E-15,1.,0.));
#8452=DIRECTION('',(3.83026943495679E-15,1.,-4.83223925737735E-16));
#8453=DIRECTION('',(0.,0.,-1.));
#8454=DIRECTION('center_axis',(1.,-3.83026943495679E-15,0.));
#8455=DIRECTION('ref_axis',(-3.83026943495679E-15,-1.,4.83223925737735E-16));
#8456=DIRECTION('',(-3.83026943495679E-15,-1.,0.));
#8457=DIRECTION('',(0.,0.,-1.));
#8458=DIRECTION('',(-3.83026943495679E-15,-1.,4.83223925737735E-16));
#8459=DIRECTION('center_axis',(3.83026943495679E-15,1.,0.));
#8460=DIRECTION('ref_axis',(1.,-3.83026943495679E-15,-6.81246068737846E-16));
#8461=DIRECTION('',(1.,-3.83026943495679E-15,0.));
#8462=DIRECTION('',(1.,-3.83026943495679E-15,-6.81246068737846E-16));
#8463=DIRECTION('center_axis',(0.,0.,-1.));
#8464=DIRECTION('ref_axis',(-1.,0.,0.));
#8465=DIRECTION('',(0.,0.,-1.));
#8466=DIRECTION('',(0.,0.,-1.));
#8467=DIRECTION('center_axis',(-0.937477257815625,0.34804653579442,0.));
#8468=DIRECTION('ref_axis',(0.34804653579442,0.937477257815625,-6.90116775059286E-16));
#8469=DIRECTION('',(0.34804653579442,0.937477257815625,0.));
#8470=DIRECTION('',(0.34804653579442,0.937477257815625,-6.90116775059286E-16));
#8471=DIRECTION('',(0.,0.,-1.));
#8472=DIRECTION('',(0.,0.,-1.));
#8473=DIRECTION('',(0.,0.,-1.));
#8474=DIRECTION('',(0.,0.,-1.));
#8475=DIRECTION('',(0.,0.,-1.));
#8476=DIRECTION('center_axis',(-1.,3.83026943495679E-15,0.));
#8477=DIRECTION('ref_axis',(3.83026943495679E-15,1.,-4.83223925737735E-16));
#8478=DIRECTION('',(3.83026943495679E-15,1.,0.));
#8479=DIRECTION('',(3.83026943495679E-15,1.,-4.83223925737735E-16));
#8480=DIRECTION('',(0.,0.,-1.));
#8481=DIRECTION('',(0.,0.,-1.));
#8482=DIRECTION('',(0.,0.,-1.));
#8483=DIRECTION('center_axis',(-1.,3.83026943495679E-15,0.));
#8484=DIRECTION('ref_axis',(3.83026943495679E-15,1.,-4.83223925737735E-16));
#8485=DIRECTION('',(3.83026943495679E-15,1.,0.));
#8486=DIRECTION('',(0.,0.,-1.));
#8487=DIRECTION('',(3.83026943495679E-15,1.,-4.83223925737735E-16));
#8488=DIRECTION('center_axis',(-3.83026943495679E-15,-1.,0.));
#8489=DIRECTION('ref_axis',(-1.,3.83026943495679E-15,6.81246068737846E-16));
#8490=DIRECTION('',(-1.,3.83026943495679E-15,0.));
#8491=DIRECTION('',(0.,0.,-1.));
#8492=DIRECTION('',(-1.,3.83026943495679E-15,6.81246068737846E-16));
#8493=DIRECTION('center_axis',(1.,-3.83026943495679E-15,0.));
#8494=DIRECTION('ref_axis',(-3.83026943495679E-15,-1.,4.83223925737735E-16));
#8495=DIRECTION('',(-3.83026943495679E-15,-1.,0.));
#8496=DIRECTION('',(0.,0.,-1.));
#8497=DIRECTION('',(-3.83026943495679E-15,-1.,4.83223925737735E-16));
#8498=DIRECTION('center_axis',(3.83026943495679E-15,1.,0.));
#8499=DIRECTION('ref_axis',(1.,-3.83026943495679E-15,-6.81246068737846E-16));
#8500=DIRECTION('',(1.,-3.83026943495679E-15,0.));
#8501=DIRECTION('',(1.,-3.83026943495679E-15,-6.81246068737846E-16));
#8502=DIRECTION('center_axis',(6.81246068737847E-16,4.83223925737733E-16,
1.));
#8503=DIRECTION('ref_axis',(-1.,3.83026943495679E-15,6.81246068737846E-16));
#8504=DIRECTION('',(0.,0.,-1.));
#8505=DIRECTION('',(0.,0.,-1.));
#8506=DIRECTION('',(0.,0.,-1.));
#8507=DIRECTION('',(0.,0.,-1.));
#8508=DIRECTION('',(0.,0.,-1.));
#8509=DIRECTION('',(0.,0.,-1.));
#8510=DIRECTION('',(0.,0.,-1.));
#8511=DIRECTION('',(0.,0.,-1.));
#8512=DIRECTION('',(0.,0.,-1.));
#8513=DIRECTION('',(0.,0.,-1.));
#8514=DIRECTION('',(0.,0.,-1.));
#8515=DIRECTION('',(0.,0.,-1.));
#8516=DIRECTION('',(0.,0.,-1.));
#8517=DIRECTION('',(0.,0.,-1.));
#8518=DIRECTION('',(0.,0.,-1.));
#8519=DIRECTION('',(0.,0.,-1.));
#8520=DIRECTION('center_axis',(-1.,3.83026943495679E-15,0.));
#8521=DIRECTION('ref_axis',(3.83026943495679E-15,1.,-4.83223925737735E-16));
#8522=DIRECTION('',(3.83026943495679E-15,1.,0.));
#8523=DIRECTION('',(3.83026943495679E-15,1.,-4.83223925737735E-16));
#8524=DIRECTION('',(0.,0.,-1.));
#8525=DIRECTION('',(0.,0.,-1.));
#8526=DIRECTION('',(0.,0.,-1.));
#8527=DIRECTION('',(0.,0.,-1.));
#8528=DIRECTION('center_axis',(-1.,3.83026943495679E-15,0.));
#8529=DIRECTION('ref_axis',(3.83026943495679E-15,1.,-4.83223925737735E-16));
#8530=DIRECTION('',(3.83026943495679E-15,1.,0.));
#8531=DIRECTION('',(0.,0.,-1.));
#8532=DIRECTION('',(3.83026943495679E-15,1.,-4.83223925737735E-16));
#8533=DIRECTION('center_axis',(-3.83026943495679E-15,-1.,0.));
#8534=DIRECTION('ref_axis',(-1.,3.83026943495679E-15,6.81246068737846E-16));
#8535=DIRECTION('',(-1.,3.83026943495679E-15,0.));
#8536=DIRECTION('',(0.,0.,-1.));
#8537=DIRECTION('',(-1.,3.83026943495679E-15,6.81246068737846E-16));
#8538=DIRECTION('center_axis',(1.,-3.83026943495679E-15,0.));
#8539=DIRECTION('ref_axis',(-3.83026943495679E-15,-1.,4.83223925737735E-16));
#8540=DIRECTION('',(-3.83026943495679E-15,-1.,0.));
#8541=DIRECTION('',(0.,0.,-1.));
#8542=DIRECTION('',(-3.83026943495679E-15,-1.,4.83223925737735E-16));
#8543=DIRECTION('center_axis',(3.83026943495679E-15,1.,0.));
#8544=DIRECTION('ref_axis',(1.,-3.83026943495679E-15,-6.81246068737846E-16));
#8545=DIRECTION('',(1.,-3.83026943495679E-15,0.));
#8546=DIRECTION('',(1.,-3.83026943495679E-15,-6.81246068737846E-16));
#8547=DIRECTION('center_axis',(6.81246068737847E-16,4.83223925737733E-16,
1.));
#8548=DIRECTION('ref_axis',(-1.,3.83026943495679E-15,6.81246068737846E-16));
#8549=DIRECTION('',(0.,0.,-1.));
#8550=DIRECTION('',(0.,0.,-1.));
#8551=DIRECTION('',(0.,0.,-1.));
#8552=DIRECTION('',(0.,0.,-1.));
#8553=DIRECTION('',(0.,0.,-1.));
#8554=DIRECTION('',(0.,0.,-1.));
#8555=DIRECTION('',(0.,0.,-1.));
#8556=DIRECTION('',(0.,0.,-1.));
#8557=DIRECTION('',(0.,0.,-1.));
#8558=DIRECTION('center_axis',(1.,-3.83026943495679E-15,0.));
#8559=DIRECTION('ref_axis',(-3.83026943495679E-15,-1.,4.83223925737735E-16));
#8560=DIRECTION('',(-3.83026943495679E-15,-1.,0.));
#8561=DIRECTION('',(-3.83026943495679E-15,-1.,4.83223925737735E-16));
#8562=DIRECTION('',(0.,0.,-1.));
#8563=DIRECTION('center_axis',(-3.83026943495679E-15,-1.,0.));
#8564=DIRECTION('ref_axis',(-1.,3.83026943495679E-15,6.81246068737846E-16));
#8565=DIRECTION('',(-1.,3.83026943495679E-15,0.));
#8566=DIRECTION('',(-1.,3.83026943495679E-15,6.81246068737846E-16));
#8567=DIRECTION('',(0.,0.,-1.));
#8568=DIRECTION('center_axis',(-1.,3.83026943495679E-15,0.));
#8569=DIRECTION('ref_axis',(3.83026943495679E-15,1.,-4.83223925737735E-16));
#8570=DIRECTION('',(3.83026943495679E-15,1.,0.));
#8571=DIRECTION('',(3.83026943495679E-15,1.,-4.83223925737735E-16));
#8572=DIRECTION('',(0.,0.,-1.));
#8573=DIRECTION('center_axis',(3.83026943495679E-15,1.,0.));
#8574=DIRECTION('ref_axis',(1.,-3.83026943495679E-15,-6.81246068737846E-16));
#8575=DIRECTION('',(1.,-3.83026943495679E-15,0.));
#8576=DIRECTION('',(1.,-3.83026943495679E-15,-6.81246068737846E-16));
#8577=DIRECTION('',(0.,0.,-1.));
#8578=DIRECTION('',(0.,0.,-1.));
#8579=DIRECTION('',(0.,0.,-1.));
#8580=DIRECTION('',(0.,0.,-1.));
#8581=DIRECTION('',(0.,0.,-1.));
#8582=DIRECTION('',(0.,0.,-1.));
#8583=DIRECTION('',(0.,0.,-1.));
#8584=DIRECTION('',(0.,0.,-1.));
#8585=DIRECTION('',(0.,0.,-1.));
#8586=DIRECTION('',(0.,0.,-1.));
#8587=DIRECTION('center_axis',(1.,-3.83026943495679E-15,0.));
#8588=DIRECTION('ref_axis',(-3.83026943495679E-15,-1.,4.83223925737735E-16));
#8589=DIRECTION('',(-3.83026943495679E-15,-1.,0.));
#8590=DIRECTION('',(-3.83026943495679E-15,-1.,4.83223925737735E-16));
#8591=DIRECTION('center_axis',(6.81246068737847E-16,4.83223925737733E-16,
1.));
#8592=DIRECTION('ref_axis',(-1.,3.83026943495679E-15,6.81246068737846E-16));
#8593=DIRECTION('center_axis',(0.,0.,-1.));
#8594=DIRECTION('ref_axis',(1.,0.,0.));
#8595=DIRECTION('center_axis',(0.,0.,-1.));
#8596=DIRECTION('ref_axis',(0.707106781186547,-0.707106781186547,0.));
#8597=DIRECTION('',(0.,-1.,0.));
#8598=DIRECTION('center_axis',(0.,0.,-1.));
#8599=DIRECTION('ref_axis',(0.707106781186547,0.707106781186547,0.));
#8600=DIRECTION('',(1.,2.16860288649504E-16,0.));
#8601=DIRECTION('center_axis',(0.,0.,-1.));
#8602=DIRECTION('ref_axis',(-0.707106781186547,0.707106781186547,0.));
#8603=DIRECTION('',(0.,1.,0.));
#8604=DIRECTION('center_axis',(0.,0.,-1.));
#8605=DIRECTION('ref_axis',(-0.707106781186547,-0.707106781186547,0.));
#8606=DIRECTION('',(-1.,0.,0.));
#8607=DIRECTION('center_axis',(0.,0.,1.));
#8608=DIRECTION('ref_axis',(1.,0.,0.));
#8609=DIRECTION('center_axis',(0.,0.,1.));
#8610=DIRECTION('ref_axis',(1.,0.,0.));
#8611=DIRECTION('center_axis',(0.,0.,1.));
#8612=DIRECTION('ref_axis',(1.,0.,0.));
#8613=DIRECTION('',(0.,1.,0.));
#8614=DIRECTION('',(1.,0.,0.));
#8615=DIRECTION('',(0.,1.,0.));
#8616=DIRECTION('',(-1.,0.,0.));
#8617=DIRECTION('',(0.,-1.,0.));
#8618=DIRECTION('',(-1.,-1.41176780401371E-16,0.));
#8619=DIRECTION('center_axis',(0.,0.,1.));
#8620=DIRECTION('ref_axis',(1.,0.,0.));
#8621=DIRECTION('center_axis',(0.,0.,-1.));
#8622=DIRECTION('ref_axis',(1.,0.,0.));
#8623=DIRECTION('center_axis',(0.,0.,-1.));
#8624=DIRECTION('ref_axis',(1.,0.,0.));
#8625=DIRECTION('center_axis',(0.,0.,-1.));
#8626=DIRECTION('ref_axis',(1.,0.,0.));
#8627=DIRECTION('center_axis',(0.,0.,-1.));
#8628=DIRECTION('ref_axis',(0.707106781186547,-0.707106781186547,0.));
#8629=DIRECTION('center_axis',(0.,0.,1.));
#8630=DIRECTION('ref_axis',(0.707106781186547,-0.707106781186547,0.));
#8631=DIRECTION('',(0.,0.,1.));
#8632=DIRECTION('',(0.,0.,-1.));
#8633=DIRECTION('center_axis',(1.,0.,0.));
#8634=DIRECTION('ref_axis',(0.,-1.,0.));
#8635=DIRECTION('',(0.,-1.,0.));
#8636=DIRECTION('',(0.,0.,-1.));
#8637=DIRECTION('center_axis',(0.,0.,-1.));
#8638=DIRECTION('ref_axis',(1.,0.,0.));
#8639=DIRECTION('',(-1.,0.,0.));
#8640=DIRECTION('center_axis',(0.,0.,1.));
#8641=DIRECTION('ref_axis',(-0.707106781186547,-0.707106781186547,0.));
#8642=DIRECTION('',(0.,1.,0.));
#8643=DIRECTION('center_axis',(0.,0.,1.));
#8644=DIRECTION('ref_axis',(-0.707106781186547,0.707106781186547,0.));
#8645=DIRECTION('',(1.,2.16860288649504E-16,0.));
#8646=DIRECTION('',(0.,-1.,0.));
#8647=DIRECTION('',(-1.,-1.41176780401371E-16,0.));
#8648=DIRECTION('',(0.,-1.,0.));
#8649=DIRECTION('',(1.,0.,0.));
#8650=DIRECTION('',(0.,1.,0.));
#8651=DIRECTION('',(-1.,-1.41176780401371E-16,0.));
#8652=DIRECTION('',(0.,1.,0.));
#8653=DIRECTION('',(1.,2.16860288649504E-16,0.));
#8654=DIRECTION('center_axis',(0.,0.,1.));
#8655=DIRECTION('ref_axis',(0.707106781186547,0.707106781186547,0.));
#8656=DIRECTION('center_axis',(0.,0.,1.));
#8657=DIRECTION('ref_axis',(1.,0.,0.));
#8658=DIRECTION('center_axis',(0.,0.,1.));
#8659=DIRECTION('ref_axis',(1.,0.,0.));
#8660=DIRECTION('center_axis',(0.,0.,1.));
#8661=DIRECTION('ref_axis',(1.,0.,0.));
#8662=DIRECTION('center_axis',(0.,0.,1.));
#8663=DIRECTION('ref_axis',(1.,0.,0.));
#8664=DIRECTION('center_axis',(0.,0.,-1.));
#8665=DIRECTION('ref_axis',(0.707106781186547,0.707106781186547,0.));
#8666=DIRECTION('',(0.,0.,1.));
#8667=DIRECTION('center_axis',(-2.16860288649504E-16,1.,0.));
#8668=DIRECTION('ref_axis',(1.,2.16860288649504E-16,0.));
#8669=DIRECTION('',(0.,0.,1.));
#8670=DIRECTION('',(-1.,-2.16860288649504E-16,0.));
#8671=DIRECTION('',(0.,0.,-1.));
#8672=DIRECTION('',(0.,0.,-1.));
#8673=DIRECTION('center_axis',(0.,0.,-1.));
#8674=DIRECTION('ref_axis',(-0.707106781186547,0.707106781186547,0.));
#8675=DIRECTION('',(0.,0.,1.));
#8676=DIRECTION('center_axis',(-1.,0.,0.));
#8677=DIRECTION('ref_axis',(0.,1.,0.));
#8678=DIRECTION('',(0.,0.,-1.));
#8679=DIRECTION('center_axis',(0.,0.,-1.));
#8680=DIRECTION('ref_axis',(-0.707106781186547,-0.707106781186547,0.));
#8681=DIRECTION('',(0.,0.,1.));
#8682=DIRECTION('center_axis',(0.,-1.,0.));
#8683=DIRECTION('ref_axis',(-1.,0.,0.));
#8684=DIRECTION('center_axis',(-1.,0.,0.));
#8685=DIRECTION('ref_axis',(0.,-1.,0.));
#8686=DIRECTION('',(0.,-1.,0.));
#8687=DIRECTION('',(0.,0.,1.));
#8688=DIRECTION('center_axis',(1.,0.,0.));
#8689=DIRECTION('ref_axis',(0.,1.,0.));
#8690=DIRECTION('',(0.,0.,-1.));
#8691=DIRECTION('',(0.,1.,0.));
#8692=DIRECTION('center_axis',(0.,0.,1.));
#8693=DIRECTION('ref_axis',(1.,0.,0.));
#8694=DIRECTION('',(1.,1.41176780401371E-16,0.));
#8695=DIRECTION('center_axis',(1.,0.,0.));
#8696=DIRECTION('ref_axis',(0.,-1.,0.));
#8697=DIRECTION('',(0.,0.,1.));
#8698=DIRECTION('',(0.,-1.,0.));
#8699=DIRECTION('',(0.,0.,-1.));
#8700=DIRECTION('center_axis',(0.,1.,0.));
#8701=DIRECTION('ref_axis',(1.,0.,0.));
#8702=DIRECTION('',(1.,0.,0.));
#8703=DIRECTION('',(0.,0.,-1.));
#8704=DIRECTION('center_axis',(0.,0.,-1.));
#8705=DIRECTION('ref_axis',(-1.,0.,0.));
#8706=DIRECTION('',(1.,0.,0.));
#8707=DIRECTION('',(0.,-1.,0.));
#8708=DIRECTION('center_axis',(1.,0.,0.));
#8709=DIRECTION('ref_axis',(0.,-1.,0.));
#8710=DIRECTION('',(0.,0.,-1.));
#8711=DIRECTION('',(0.,0.,-1.));
#8712=DIRECTION('center_axis',(0.,0.,-1.));
#8713=DIRECTION('ref_axis',(1.,0.,0.));
#8714=DIRECTION('center_axis',(0.,0.,-1.));
#8715=DIRECTION('ref_axis',(1.,0.,0.));
#8716=DIRECTION('',(0.,0.,1.));
#8717=DIRECTION('center_axis',(0.,0.,-1.));
#8718=DIRECTION('ref_axis',(1.,0.,0.));
#8719=DIRECTION('center_axis',(0.,0.,-1.));
#8720=DIRECTION('ref_axis',(1.,0.,0.));
#8721=DIRECTION('',(0.,0.,1.));
#8722=DIRECTION('center_axis',(0.,0.,-1.));
#8723=DIRECTION('ref_axis',(1.,0.,0.));
#8724=DIRECTION('center_axis',(0.,0.,-1.));
#8725=DIRECTION('ref_axis',(1.,0.,0.));
#8726=DIRECTION('',(0.,0.,1.));
#8727=DIRECTION('center_axis',(0.,0.,-1.));
#8728=DIRECTION('ref_axis',(1.,0.,0.));
#8729=DIRECTION('center_axis',(0.,0.,-1.));
#8730=DIRECTION('ref_axis',(1.,0.,0.));
#8731=DIRECTION('',(0.,0.,1.));
#8732=DIRECTION('center_axis',(0.,1.,0.));
#8733=DIRECTION('ref_axis',(1.,0.,0.));
#8734=DIRECTION('',(0.,0.,-1.));
#8735=DIRECTION('center_axis',(1.41176780401371E-16,-1.,0.));
#8736=DIRECTION('ref_axis',(-1.,-1.41176780401371E-16,0.));
#8737=DIRECTION('',(0.,0.,-1.));
#8738=DIRECTION('center_axis',(-1.,0.,0.));
#8739=DIRECTION('ref_axis',(0.,1.,0.));
#8740=DIRECTION('center_axis',(0.,0.,-1.));
#8741=DIRECTION('ref_axis',(1.,0.,0.));
#8742=DIRECTION('center_axis',(0.,0.,-1.));
#8743=DIRECTION('ref_axis',(1.,0.,0.));
#8744=DIRECTION('',(0.,0.,1.));
#8745=DIRECTION('center_axis',(0.,0.,1.));
#8746=DIRECTION('ref_axis',(1.,0.,0.));
#8747=DIRECTION('center_axis',(0.,0.,-1.));
#8748=DIRECTION('ref_axis',(1.,0.,0.));
#8749=DIRECTION('center_axis',(0.,0.,-1.));
#8750=DIRECTION('ref_axis',(1.,0.,0.));
#8751=DIRECTION('',(0.,0.,1.));
#8752=DIRECTION('center_axis',(0.,0.,1.));
#8753=DIRECTION('ref_axis',(1.,0.,0.));
#8754=DIRECTION('center_axis',(0.,0.,-1.));
#8755=DIRECTION('ref_axis',(1.,0.,0.));
#8756=DIRECTION('center_axis',(0.,0.,-1.));
#8757=DIRECTION('ref_axis',(1.,0.,0.));
#8758=DIRECTION('',(0.,0.,1.));
#8759=DIRECTION('center_axis',(0.,0.,1.));
#8760=DIRECTION('ref_axis',(1.,0.,0.));
#8761=DIRECTION('center_axis',(0.,0.,-1.));
#8762=DIRECTION('ref_axis',(1.,0.,0.));
#8763=DIRECTION('center_axis',(0.,0.,-1.));
#8764=DIRECTION('ref_axis',(1.,0.,0.));
#8765=DIRECTION('',(0.,0.,1.));
#8766=DIRECTION('center_axis',(0.,0.,1.));
#8767=DIRECTION('ref_axis',(1.,0.,0.));
#8768=DIRECTION('center_axis',(0.,0.,-1.));
#8769=DIRECTION('ref_axis',(1.,0.,0.));
#8770=DIRECTION('axis',(0.,0.,1.));
#8771=DIRECTION('refdir',(1.,0.,0.));
#8772=DIRECTION('center_axis',(0.,0.,1.));
#8773=DIRECTION('ref_axis',(-0.707106781186548,0.707106781186548,0.));
#8774=DIRECTION('center_axis',(0.,0.,-1.));
#8775=DIRECTION('ref_axis',(-0.707106781186548,0.707106781186548,0.));
#8776=DIRECTION('',(0.,0.,-1.));
#8777=DIRECTION('center_axis',(0.,0.,1.));
#8778=DIRECTION('ref_axis',(-0.707106781186548,0.707106781186548,0.));
#8779=DIRECTION('',(0.,0.,1.));
#8780=DIRECTION('center_axis',(0.,1.,0.));
#8781=DIRECTION('ref_axis',(-1.,0.,0.));
#8782=DIRECTION('',(-1.,0.,0.));
#8783=DIRECTION('',(0.,0.,1.));
#8784=DIRECTION('',(1.,0.,0.));
#8785=DIRECTION('center_axis',(0.,0.,1.));
#8786=DIRECTION('ref_axis',(1.,0.,0.));
#8787=DIRECTION('',(0.,-1.,0.));
#8788=DIRECTION('center_axis',(0.,0.,-1.));
#8789=DIRECTION('ref_axis',(-0.707106781186548,-0.707106781186548,0.));
#8790=DIRECTION('',(1.,0.,0.));
#8791=DIRECTION('center_axis',(0.,0.,-1.));
#8792=DIRECTION('ref_axis',(0.707106781186548,-0.707106781186548,0.));
#8793=DIRECTION('',(0.,1.,0.));
#8794=DIRECTION('center_axis',(0.,0.,-1.));
#8795=DIRECTION('ref_axis',(0.707106781186548,0.707106781186548,0.));
#8796=DIRECTION('',(-1.,0.,0.));
#8797=DIRECTION('',(0.,1.,0.));
#8798=DIRECTION('',(1.,0.,0.));
#8799=DIRECTION('',(0.,-1.,0.));
#8800=DIRECTION('center_axis',(0.,0.,-1.));
#8801=DIRECTION('ref_axis',(-1.,0.,0.));
#8802=DIRECTION('center_axis',(0.,0.,-1.));
#8803=DIRECTION('ref_axis',(-1.,0.,0.));
#8804=DIRECTION('',(-1.,0.,0.));
#8805=DIRECTION('',(0.,1.,0.));
#8806=DIRECTION('',(1.,0.,0.));
#8807=DIRECTION('',(0.,-1.,0.));
#8808=DIRECTION('',(-1.,0.,0.));
#8809=DIRECTION('',(0.,1.,0.));
#8810=DIRECTION('',(1.,0.,0.));
#8811=DIRECTION('',(0.,-1.,0.));
#8812=DIRECTION('',(-1.,0.,0.));
#8813=DIRECTION('',(0.,1.,0.));
#8814=DIRECTION('',(1.,0.,0.));
#8815=DIRECTION('',(0.,-1.,0.));
#8816=DIRECTION('',(-1.,0.,0.));
#8817=DIRECTION('',(0.,1.,0.));
#8818=DIRECTION('',(1.,0.,0.));
#8819=DIRECTION('',(0.,-1.,0.));
#8820=DIRECTION('',(-1.,0.,0.));
#8821=DIRECTION('',(0.,1.,0.));
#8822=DIRECTION('',(1.,0.,0.));
#8823=DIRECTION('',(0.,-1.,0.));
#8824=DIRECTION('',(-1.,0.,0.));
#8825=DIRECTION('',(0.,1.,0.));
#8826=DIRECTION('',(1.,0.,0.));
#8827=DIRECTION('',(0.,-1.,0.));
#8828=DIRECTION('center_axis',(0.,0.,-1.));
#8829=DIRECTION('ref_axis',(-1.,0.,0.));
#8830=DIRECTION('center_axis',(0.,0.,-1.));
#8831=DIRECTION('ref_axis',(-1.,0.,0.));
#8832=DIRECTION('center_axis',(0.,0.,-1.));
#8833=DIRECTION('ref_axis',(-1.,0.,0.));
#8834=DIRECTION('center_axis',(0.,0.,-1.));
#8835=DIRECTION('ref_axis',(-1.,0.,0.));
#8836=DIRECTION('center_axis',(0.,0.,1.));
#8837=DIRECTION('ref_axis',(0.707106781186548,-0.707106781186548,0.));
#8838=DIRECTION('',(0.,0.,-1.));
#8839=DIRECTION('center_axis',(0.,0.,1.));
#8840=DIRECTION('ref_axis',(0.707106781186548,-0.707106781186548,0.));
#8841=DIRECTION('',(0.,0.,1.));
#8842=DIRECTION('center_axis',(1.,0.,0.));
#8843=DIRECTION('ref_axis',(0.,1.,0.));
#8844=DIRECTION('',(0.,-1.,0.));
#8845=DIRECTION('',(0.,0.,-1.));
#8846=DIRECTION('center_axis',(0.,0.,1.));
#8847=DIRECTION('ref_axis',(0.707106781186548,0.707106781186548,0.));
#8848=DIRECTION('center_axis',(0.,0.,1.));
#8849=DIRECTION('ref_axis',(0.707106781186548,0.707106781186548,0.));
#8850=DIRECTION('center_axis',(0.,0.,1.));
#8851=DIRECTION('ref_axis',(-0.707106781186548,-0.707106781186548,0.));
#8852=DIRECTION('',(0.,0.,-1.));
#8853=DIRECTION('center_axis',(0.,0.,1.));
#8854=DIRECTION('ref_axis',(-0.707106781186548,-0.707106781186548,0.));
#8855=DIRECTION('',(0.,0.,1.));
#8856=DIRECTION('center_axis',(0.,-1.,0.));
#8857=DIRECTION('ref_axis',(1.,0.,0.));
#8858=DIRECTION('',(-1.,0.,0.));
#8859=DIRECTION('center_axis',(0.,1.,0.));
#8860=DIRECTION('ref_axis',(1.,0.,0.));
#8861=DIRECTION('',(-1.,0.,0.));
#8862=DIRECTION('',(0.,0.,-1.));
#8863=DIRECTION('',(0.,0.,-1.));
#8864=DIRECTION('center_axis',(-1.,0.,0.));
#8865=DIRECTION('ref_axis',(0.,1.,0.));
#8866=DIRECTION('',(0.,-1.,0.));
#8867=DIRECTION('',(0.,0.,-1.));
#8868=DIRECTION('center_axis',(0.,-1.,0.));
#8869=DIRECTION('ref_axis',(-1.,0.,0.));
#8870=DIRECTION('',(1.,0.,0.));
#8871=DIRECTION('',(0.,0.,-1.));
#8872=DIRECTION('center_axis',(1.,0.,0.));
#8873=DIRECTION('ref_axis',(0.,-1.,0.));
#8874=DIRECTION('',(0.,1.,0.));
#8875=DIRECTION('center_axis',(0.,0.,-1.));
#8876=DIRECTION('ref_axis',(-1.,0.,0.));
#8877=DIRECTION('',(0.,0.,-1.));
#8878=DIRECTION('center_axis',(0.,0.,1.));
#8879=DIRECTION('ref_axis',(-1.,0.,0.));
#8880=DIRECTION('center_axis',(0.,0.,-1.));
#8881=DIRECTION('ref_axis',(-1.,0.,0.));
#8882=DIRECTION('',(0.,0.,-1.));
#8883=DIRECTION('center_axis',(0.,0.,1.));
#8884=DIRECTION('ref_axis',(-1.,0.,0.));
#8885=DIRECTION('center_axis',(0.,1.,0.));
#8886=DIRECTION('ref_axis',(1.,0.,0.));
#8887=DIRECTION('',(-1.,0.,0.));
#8888=DIRECTION('',(0.,0.,-1.));
#8889=DIRECTION('',(0.,0.,-1.));
#8890=DIRECTION('center_axis',(-1.,0.,0.));
#8891=DIRECTION('ref_axis',(0.,1.,0.));
#8892=DIRECTION('',(0.,-1.,0.));
#8893=DIRECTION('',(0.,0.,-1.));
#8894=DIRECTION('center_axis',(0.,-1.,0.));
#8895=DIRECTION('ref_axis',(-1.,0.,0.));
#8896=DIRECTION('',(1.,0.,0.));
#8897=DIRECTION('',(0.,0.,-1.));
#8898=DIRECTION('center_axis',(1.,0.,0.));
#8899=DIRECTION('ref_axis',(0.,-1.,0.));
#8900=DIRECTION('',(0.,1.,0.));
#8901=DIRECTION('center_axis',(0.,1.,0.));
#8902=DIRECTION('ref_axis',(1.,0.,0.));
#8903=DIRECTION('',(-1.,0.,0.));
#8904=DIRECTION('',(0.,0.,-1.));
#8905=DIRECTION('',(0.,0.,-1.));
#8906=DIRECTION('center_axis',(-1.,0.,0.));
#8907=DIRECTION('ref_axis',(0.,1.,0.));
#8908=DIRECTION('',(0.,-1.,0.));
#8909=DIRECTION('',(0.,0.,-1.));
#8910=DIRECTION('center_axis',(0.,-1.,0.));
#8911=DIRECTION('ref_axis',(-1.,0.,0.));
#8912=DIRECTION('',(1.,0.,0.));
#8913=DIRECTION('',(0.,0.,-1.));
#8914=DIRECTION('center_axis',(1.,0.,0.));
#8915=DIRECTION('ref_axis',(0.,-1.,0.));
#8916=DIRECTION('',(0.,1.,0.));
#8917=DIRECTION('center_axis',(0.,1.,0.));
#8918=DIRECTION('ref_axis',(1.,0.,0.));
#8919=DIRECTION('',(-1.,0.,0.));
#8920=DIRECTION('',(0.,0.,-1.));
#8921=DIRECTION('',(0.,0.,-1.));
#8922=DIRECTION('center_axis',(-1.,0.,0.));
#8923=DIRECTION('ref_axis',(0.,1.,0.));
#8924=DIRECTION('',(0.,-1.,0.));
#8925=DIRECTION('',(0.,0.,-1.));
#8926=DIRECTION('center_axis',(0.,-1.,0.));
#8927=DIRECTION('ref_axis',(-1.,0.,0.));
#8928=DIRECTION('',(1.,0.,0.));
#8929=DIRECTION('',(0.,0.,-1.));
#8930=DIRECTION('center_axis',(1.,0.,0.));
#8931=DIRECTION('ref_axis',(0.,-1.,0.));
#8932=DIRECTION('',(0.,1.,0.));
#8933=DIRECTION('center_axis',(0.,1.,0.));
#8934=DIRECTION('ref_axis',(1.,0.,0.));
#8935=DIRECTION('',(-1.,0.,0.));
#8936=DIRECTION('',(0.,0.,-1.));
#8937=DIRECTION('',(0.,0.,-1.));
#8938=DIRECTION('center_axis',(-1.,0.,0.));
#8939=DIRECTION('ref_axis',(0.,1.,0.));
#8940=DIRECTION('',(0.,-1.,0.));
#8941=DIRECTION('',(0.,0.,-1.));
#8942=DIRECTION('center_axis',(0.,-1.,0.));
#8943=DIRECTION('ref_axis',(-1.,0.,0.));
#8944=DIRECTION('',(1.,0.,0.));
#8945=DIRECTION('',(0.,0.,-1.));
#8946=DIRECTION('center_axis',(1.,0.,0.));
#8947=DIRECTION('ref_axis',(0.,-1.,0.));
#8948=DIRECTION('',(0.,1.,0.));
#8949=DIRECTION('center_axis',(0.,1.,0.));
#8950=DIRECTION('ref_axis',(1.,0.,0.));
#8951=DIRECTION('',(-1.,0.,0.));
#8952=DIRECTION('',(0.,0.,-1.));
#8953=DIRECTION('',(0.,0.,-1.));
#8954=DIRECTION('center_axis',(-1.,0.,0.));
#8955=DIRECTION('ref_axis',(0.,1.,0.));
#8956=DIRECTION('',(0.,-1.,0.));
#8957=DIRECTION('',(0.,0.,-1.));
#8958=DIRECTION('center_axis',(0.,-1.,0.));
#8959=DIRECTION('ref_axis',(-1.,0.,0.));
#8960=DIRECTION('',(1.,0.,0.));
#8961=DIRECTION('',(0.,0.,-1.));
#8962=DIRECTION('center_axis',(1.,0.,0.));
#8963=DIRECTION('ref_axis',(0.,-1.,0.));
#8964=DIRECTION('',(0.,1.,0.));
#8965=DIRECTION('center_axis',(0.,1.,0.));
#8966=DIRECTION('ref_axis',(1.,0.,0.));
#8967=DIRECTION('',(-1.,0.,0.));
#8968=DIRECTION('',(0.,0.,-1.));
#8969=DIRECTION('',(0.,0.,-1.));
#8970=DIRECTION('center_axis',(-1.,0.,0.));
#8971=DIRECTION('ref_axis',(0.,1.,0.));
#8972=DIRECTION('',(0.,-1.,0.));
#8973=DIRECTION('',(0.,0.,-1.));
#8974=DIRECTION('center_axis',(0.,-1.,0.));
#8975=DIRECTION('ref_axis',(-1.,0.,0.));
#8976=DIRECTION('',(1.,0.,0.));
#8977=DIRECTION('',(0.,0.,-1.));
#8978=DIRECTION('center_axis',(1.,0.,0.));
#8979=DIRECTION('ref_axis',(0.,-1.,0.));
#8980=DIRECTION('',(0.,1.,0.));
#8981=DIRECTION('center_axis',(0.,0.,-1.));
#8982=DIRECTION('ref_axis',(-1.,0.,0.));
#8983=DIRECTION('',(0.,0.,-1.));
#8984=DIRECTION('center_axis',(0.,0.,1.));
#8985=DIRECTION('ref_axis',(-1.,0.,0.));
#8986=DIRECTION('center_axis',(0.,0.,-1.));
#8987=DIRECTION('ref_axis',(-1.,0.,0.));
#8988=DIRECTION('',(0.,0.,-1.));
#8989=DIRECTION('center_axis',(0.,0.,1.));
#8990=DIRECTION('ref_axis',(-1.,0.,0.));
#8991=DIRECTION('center_axis',(0.,0.,-1.));
#8992=DIRECTION('ref_axis',(-1.,0.,0.));
#8993=DIRECTION('',(0.,0.,-1.));
#8994=DIRECTION('center_axis',(0.,0.,1.));
#8995=DIRECTION('ref_axis',(-1.,0.,0.));
#8996=DIRECTION('center_axis',(0.,0.,-1.));
#8997=DIRECTION('ref_axis',(-1.,0.,0.));
#8998=DIRECTION('',(0.,0.,-1.));
#8999=DIRECTION('center_axis',(0.,0.,1.));
#9000=DIRECTION('ref_axis',(-1.,0.,0.));
#9001=DIRECTION('center_axis',(-1.,0.,0.));
#9002=DIRECTION('ref_axis',(0.,-1.,0.));
#9003=DIRECTION('',(0.,1.,0.));
#9004=DIRECTION('center_axis',(0.,0.,1.));
#9005=DIRECTION('ref_axis',(1.,0.,0.));
#9006=DIRECTION('',(-3.18770690435214E-16,3.92247296928981E-16,1.));
#9007=DIRECTION('',(0.999999999999991,5.93969318174456E-15,1.00001667627992E-15));
#9008=DIRECTION('',(-1.20595386610063E-15,1.8231935341605E-16,0.99999999999999));
#9009=DIRECTION('',(-1.,-7.57970755342223E-15,1.25572478933982E-16));
#9010=CARTESIAN_POINT('',(0.,0.,0.));
#9011=CARTESIAN_POINT('',(0.,0.,0.));
#9012=CARTESIAN_POINT('Ctrl Pts',(137.816126006912,-110.422040016077,0.200000000000011));
#9013=CARTESIAN_POINT('Ctrl Pts',(137.816126006912,-110.422040016077,-2.79999999999999));
#9014=CARTESIAN_POINT('Ctrl Pts',(137.771367664097,-110.393463226825,0.200000000000011));
#9015=CARTESIAN_POINT('Ctrl Pts',(137.771367664097,-110.393463226825,-2.79999999999999));
#9016=CARTESIAN_POINT('Ctrl Pts',(137.672036578129,-110.33004346346,0.200000000000011));
#9017=CARTESIAN_POINT('Ctrl Pts',(137.672036578129,-110.33004346346,-2.79999999999999));
#9018=CARTESIAN_POINT('Ctrl Pts',(137.553712254705,-110.326022485059,0.200000000000011));
#9019=CARTESIAN_POINT('Ctrl Pts',(137.553712254705,-110.326022485059,-2.79999999999999));
#9020=CARTESIAN_POINT('Ctrl Pts',(137.488704580139,-110.323813349627,0.200000000000011));
#9021=CARTESIAN_POINT('Ctrl Pts',(137.488704580139,-110.323813349627,-2.79999999999999));
#9022=CARTESIAN_POINT('',(137.816126006912,-110.422040016077,1.11782714089999E-14));
#9023=CARTESIAN_POINT('',(137.488704580139,-110.323813349627,1.13538604952415E-14));
#9024=CARTESIAN_POINT('Ctrl Pts',(137.816126006912,-110.422040016077,1.11782714089999E-14));
#9025=CARTESIAN_POINT('Ctrl Pts',(137.771367664097,-110.393463226825,1.11949538635168E-14));
#9026=CARTESIAN_POINT('Ctrl Pts',(137.672036578129,-110.33004346346,1.12319768299171E-14));
#9027=CARTESIAN_POINT('Ctrl Pts',(137.553712254705,-110.326022485059,1.13106417806171E-14));
#9028=CARTESIAN_POINT('Ctrl Pts',(137.488704580139,-110.323813349627,1.13538604952415E-14));
#9029=CARTESIAN_POINT('',(137.816126006912,-110.422040016077,-2.79999999999999));
#9030=CARTESIAN_POINT('',(137.816126006912,-110.422040016077,0.200000000000011));
#9031=CARTESIAN_POINT('',(137.488704580139,-110.323813349627,-2.79999999999999));
#9032=CARTESIAN_POINT('Ctrl Pts',(137.816126006912,-110.422040016077,-2.79999999999999));
#9033=CARTESIAN_POINT('Ctrl Pts',(137.771367664097,-110.393463226825,-2.79999999999999));
#9034=CARTESIAN_POINT('Ctrl Pts',(137.672036578129,-110.33004346346,-2.79999999999999));
#9035=CARTESIAN_POINT('Ctrl Pts',(137.553712254705,-110.326022485059,-2.79999999999999));
#9036=CARTESIAN_POINT('Ctrl Pts',(137.488704580139,-110.323813349627,-2.79999999999999));
#9037=CARTESIAN_POINT('',(137.488704580139,-110.323813349627,0.200000000000011));
#9038=CARTESIAN_POINT('Ctrl Pts',(137.488704580139,-110.323813349627,0.200000000000011));
#9039=CARTESIAN_POINT('Ctrl Pts',(137.488704580139,-110.323813349627,-2.79999999999999));
#9040=CARTESIAN_POINT('Ctrl Pts',(137.420616067948,-110.327164494123,0.200000000000011));
#9041=CARTESIAN_POINT('Ctrl Pts',(137.420616067948,-110.327164494123,-2.79999999999999));
#9042=CARTESIAN_POINT('Ctrl Pts',(137.288437910148,-110.333669969007,0.200000000000012));
#9043=CARTESIAN_POINT('Ctrl Pts',(137.288437910148,-110.333669969007,-2.79999999999999));
#9044=CARTESIAN_POINT('Ctrl Pts',(137.168350473623,-110.389048952859,0.200000000000012));
#9045=CARTESIAN_POINT('Ctrl Pts',(137.168350473623,-110.389048952859,-2.79999999999999));
#9046=CARTESIAN_POINT('Ctrl Pts',(137.110123294662,-110.415900737665,0.200000000000012));
#9047=CARTESIAN_POINT('Ctrl Pts',(137.110123294662,-110.415900737665,-2.79999999999999));
#9048=CARTESIAN_POINT('',(137.110123294662,-110.415900737665,1.1656266332778E-14));
#9049=CARTESIAN_POINT('Ctrl Pts',(137.488704580139,-110.323813349627,1.13538604952415E-14));
#9050=CARTESIAN_POINT('Ctrl Pts',(137.420616067948,-110.327164494123,1.14018648798435E-14));
#9051=CARTESIAN_POINT('Ctrl Pts',(137.288437910148,-110.333669969007,1.14950543280065E-14));
#9052=CARTESIAN_POINT('Ctrl Pts',(137.168350473623,-110.389048952859,1.16036238720352E-14));
#9053=CARTESIAN_POINT('Ctrl Pts',(137.110123294662,-110.415900737665,1.1656266332778E-14));
#9054=CARTESIAN_POINT('',(137.110123294662,-110.415900737665,-2.79999999999999));
#9055=CARTESIAN_POINT('Ctrl Pts',(137.488704580139,-110.323813349627,-2.79999999999999));
#9056=CARTESIAN_POINT('Ctrl Pts',(137.420616067948,-110.327164494123,-2.79999999999999));
#9057=CARTESIAN_POINT('Ctrl Pts',(137.288437910148,-110.333669969007,-2.79999999999999));
#9058=CARTESIAN_POINT('Ctrl Pts',(137.168350473623,-110.389048952859,-2.79999999999999));
#9059=CARTESIAN_POINT('Ctrl Pts',(137.110123294662,-110.415900737665,-2.79999999999999));
#9060=CARTESIAN_POINT('',(137.110123294662,-110.415900737665,0.200000000000012));
#9061=CARTESIAN_POINT('Ctrl Pts',(137.110123294662,-110.415900737665,0.200000000000012));
#9062=CARTESIAN_POINT('Ctrl Pts',(137.110123294662,-110.415900737665,-2.79999999999999));
#9063=CARTESIAN_POINT('Ctrl Pts',(137.058756674528,-110.449641292654,0.200000000000012));
#9064=CARTESIAN_POINT('Ctrl Pts',(137.058756674528,-110.449641292654,-2.79999999999999));
#9065=CARTESIAN_POINT('Ctrl Pts',(136.95766670156,-110.516043010009,0.200000000000012));
#9066=CARTESIAN_POINT('Ctrl Pts',(136.95766670156,-110.516043010009,-2.79999999999999));
#9067=CARTESIAN_POINT('Ctrl Pts',(136.896626526462,-110.620378906526,0.200000000000012));
#9068=CARTESIAN_POINT('Ctrl Pts',(136.896626526462,-110.620378906526,-2.79999999999999));
#9069=CARTESIAN_POINT('Ctrl Pts',(136.866602557968,-110.671698839091,0.200000000000012));
#9070=CARTESIAN_POINT('Ctrl Pts',(136.866602557968,-110.671698839091,-2.79999999999999));
#9071=CARTESIAN_POINT('',(136.866602557968,-110.671698839091,1.19457716434608E-14));
#9072=CARTESIAN_POINT('Ctrl Pts',(137.110123294662,-110.415900737665,1.1656266332778E-14));
#9073=CARTESIAN_POINT('Ctrl Pts',(137.058756674528,-110.449641292654,1.17075638846987E-14));
#9074=CARTESIAN_POINT('Ctrl Pts',(136.95766670156,-110.516043010009,1.18085179325152E-14));
#9075=CARTESIAN_POINT('Ctrl Pts',(136.896626526462,-110.620378906526,1.19005189123896E-14));
#9076=CARTESIAN_POINT('Ctrl Pts',(136.866602557968,-110.671698839091,1.19457716434608E-14));
#9077=CARTESIAN_POINT('',(136.866602557968,-110.671698839091,-2.79999999999999));
#9078=CARTESIAN_POINT('Ctrl Pts',(137.110123294662,-110.415900737665,-2.79999999999999));
#9079=CARTESIAN_POINT('Ctrl Pts',(137.058756674528,-110.449641292654,-2.79999999999999));
#9080=CARTESIAN_POINT('Ctrl Pts',(136.95766670156,-110.516043010009,-2.79999999999999));
#9081=CARTESIAN_POINT('Ctrl Pts',(136.896626526462,-110.620378906526,-2.79999999999999));
#9082=CARTESIAN_POINT('Ctrl Pts',(136.866602557968,-110.671698839091,-2.79999999999999));
#9083=CARTESIAN_POINT('',(136.866602557968,-110.671698839091,0.200000000000012));
#9084=CARTESIAN_POINT('Ctrl Pts',(136.866602557968,-110.671698839091,0.200000000000012));
#9085=CARTESIAN_POINT('Ctrl Pts',(136.866602557968,-110.671698839091,-2.79999999999999));
#9086=CARTESIAN_POINT('Ctrl Pts',(136.849382201876,-110.722778169872,0.200000000000012));
#9087=CARTESIAN_POINT('Ctrl Pts',(136.849382201876,-110.722778169872,-2.79999999999999));
#9088=CARTESIAN_POINT('Ctrl Pts',(136.809203358308,-110.841957380226,0.200000000000012));
#9089=CARTESIAN_POINT('Ctrl Pts',(136.809203358308,-110.841957380226,-2.79999999999999));
#9090=CARTESIAN_POINT('Ctrl Pts',(136.807965252329,-110.968016617508,0.200000000000012));
#9091=CARTESIAN_POINT('Ctrl Pts',(136.807965252329,-110.968016617508,-2.79999999999999));
#9092=CARTESIAN_POINT('Ctrl Pts',(136.807257789444,-111.040047795199,0.200000000000012));
#9093=CARTESIAN_POINT('Ctrl Pts',(136.807257789444,-111.040047795199,-2.79999999999999));
#9094=CARTESIAN_POINT('',(136.807257789444,-111.040047795199,1.2164195057632E-14));
#9095=CARTESIAN_POINT('Ctrl Pts',(136.866602557968,-110.671698839091,1.19457716434608E-14));
#9096=CARTESIAN_POINT('Ctrl Pts',(136.849382201876,-110.722778169872,1.19821856973967E-14));
#9097=CARTESIAN_POINT('Ctrl Pts',(136.809203358308,-110.841957380226,1.20671476225484E-14));
#9098=CARTESIAN_POINT('Ctrl Pts',(136.807965252329,-110.968016617508,1.21289059155624E-14));
#9099=CARTESIAN_POINT('Ctrl Pts',(136.807257789444,-111.040047795199,1.2164195057632E-14));
#9100=CARTESIAN_POINT('',(136.807257789444,-111.040047795199,-2.79999999999999));
#9101=CARTESIAN_POINT('Ctrl Pts',(136.866602557968,-110.671698839091,-2.79999999999999));
#9102=CARTESIAN_POINT('Ctrl Pts',(136.849382201876,-110.722778169872,-2.79999999999999));
#9103=CARTESIAN_POINT('Ctrl Pts',(136.809203358308,-110.841957380226,-2.79999999999999));
#9104=CARTESIAN_POINT('Ctrl Pts',(136.807965252329,-110.968016617508,-2.79999999999999));
#9105=CARTESIAN_POINT('Ctrl Pts',(136.807257789444,-111.040047795199,-2.79999999999999));
#9106=CARTESIAN_POINT('',(136.807257789444,-111.040047795199,0.200000000000012));
#9107=CARTESIAN_POINT('Origin',(136.807257789444,-111.040047795199,0.200000000000012));
#9108=CARTESIAN_POINT('',(136.807257789444,-111.175109536074,1.22294601249503E-14));
#9109=CARTESIAN_POINT('',(136.807257789444,-93.687554768037,0.));
#9110=CARTESIAN_POINT('',(136.807257789444,-111.175109536074,-2.79999999999999));
#9111=CARTESIAN_POINT('',(136.807257789444,-111.040047795199,-2.79999999999999));
#9112=CARTESIAN_POINT('',(136.807257789444,-111.175109536074,0.200000000000012));
#9113=CARTESIAN_POINT('Ctrl Pts',(137.329085725616,-112.001848608874,0.200000000000012));
#9114=CARTESIAN_POINT('Ctrl Pts',(137.329085725616,-112.001848608874,-2.79999999999999));
#9115=CARTESIAN_POINT('Ctrl Pts',(137.406139332604,-112.000584679722,0.200000000000012));
#9116=CARTESIAN_POINT('Ctrl Pts',(137.406139332604,-112.000584679722,-2.79999999999999));
#9117=CARTESIAN_POINT('Ctrl Pts',(137.541833986907,-111.998358847136,0.200000000000012));
#9118=CARTESIAN_POINT('Ctrl Pts',(137.541833986907,-111.998358847136,-2.79999999999999));
#9119=CARTESIAN_POINT('Ctrl Pts',(137.661913426539,-111.936495876345,0.200000000000012));
#9120=CARTESIAN_POINT('Ctrl Pts',(137.661913426539,-111.936495876345,-2.79999999999999));
#9121=CARTESIAN_POINT('Ctrl Pts',(137.713806289505,-111.909761518858,0.200000000000012));
#9122=CARTESIAN_POINT('Ctrl Pts',(137.713806289505,-111.909761518858,-2.79999999999999));
#9123=CARTESIAN_POINT('',(137.329085725616,-112.001848608874,1.22734669979419E-14));
#9124=CARTESIAN_POINT('',(137.713806289505,-111.909761518858,1.19668789393643E-14));
#9125=CARTESIAN_POINT('Ctrl Pts',(137.329085725616,-112.001848608874,1.22734669979419E-14));
#9126=CARTESIAN_POINT('Ctrl Pts',(137.406139332604,-112.000584679722,1.22203637686466E-14));
#9127=CARTESIAN_POINT('Ctrl Pts',(137.541833986907,-111.998358847136,1.21268467445532E-14));
#9128=CARTESIAN_POINT('Ctrl Pts',(137.661913426539,-111.936495876345,1.20151494321052E-14));
#9129=CARTESIAN_POINT('Ctrl Pts',(137.713806289505,-111.909761518858,1.19668789393643E-14));
#9130=CARTESIAN_POINT('',(137.329085725616,-112.001848608874,-2.79999999999999));
#9131=CARTESIAN_POINT('',(137.329085725616,-112.001848608874,0.200000000000012));
#9132=CARTESIAN_POINT('',(137.713806289505,-111.909761518858,-2.79999999999999));
#9133=CARTESIAN_POINT('Ctrl Pts',(137.329085725616,-112.001848608874,-2.79999999999999));
#9134=CARTESIAN_POINT('Ctrl Pts',(137.406139332604,-112.000584679722,-2.79999999999999));
#9135=CARTESIAN_POINT('Ctrl Pts',(137.541833986907,-111.998358847136,-2.79999999999999));
#9136=CARTESIAN_POINT('Ctrl Pts',(137.661913426539,-111.936495876345,-2.79999999999999));
#9137=CARTESIAN_POINT('Ctrl Pts',(137.713806289505,-111.909761518858,-2.79999999999999));
#9138=CARTESIAN_POINT('',(137.713806289505,-111.909761518858,0.200000000000012));
#9139=CARTESIAN_POINT('Ctrl Pts',(137.713806289505,-111.909761518858,0.200000000000012));
#9140=CARTESIAN_POINT('Ctrl Pts',(137.713806289505,-111.909761518858,-2.79999999999999));
#9141=CARTESIAN_POINT('Ctrl Pts',(137.75295752942,-111.87006789225,0.200000000000012));
#9142=CARTESIAN_POINT('Ctrl Pts',(137.75295752942,-111.87006789225,-2.79999999999999));
#9143=CARTESIAN_POINT('Ctrl Pts',(137.841983753821,-111.779808331701,0.200000000000012));
#9144=CARTESIAN_POINT('Ctrl Pts',(137.841983753821,-111.779808331701,-2.79999999999999));
#9145=CARTESIAN_POINT('Ctrl Pts',(137.876562346137,-111.657179294107,0.200000000000012));
#9146=CARTESIAN_POINT('Ctrl Pts',(137.876562346137,-111.657179294107,-2.79999999999999));
#9147=CARTESIAN_POINT('Ctrl Pts',(137.895934242081,-111.588479072474,0.200000000000012));
#9148=CARTESIAN_POINT('Ctrl Pts',(137.895934242081,-111.588479072474,-2.79999999999999));
#9149=CARTESIAN_POINT('',(137.895934242081,-111.588479072474,1.1687553620539E-14));
#9150=CARTESIAN_POINT('Ctrl Pts',(137.713806289505,-111.909761518858,1.19668789393643E-14));
#9151=CARTESIAN_POINT('Ctrl Pts',(137.75295752942,-111.87006789225,1.19210264030873E-14));
#9152=CARTESIAN_POINT('Ctrl Pts',(137.841983753821,-111.779808331701,1.18167620570415E-14));
#9153=CARTESIAN_POINT('Ctrl Pts',(137.876562346137,-111.657179294107,1.17339482413585E-14));
#9154=CARTESIAN_POINT('Ctrl Pts',(137.895934242081,-111.588479072474,1.1687553620539E-14));
#9155=CARTESIAN_POINT('',(137.895934242081,-111.588479072474,-2.79999999999999));
#9156=CARTESIAN_POINT('Ctrl Pts',(137.713806289505,-111.909761518858,-2.79999999999999));
#9157=CARTESIAN_POINT('Ctrl Pts',(137.75295752942,-111.87006789225,-2.79999999999999));
#9158=CARTESIAN_POINT('Ctrl Pts',(137.841983753821,-111.779808331701,-2.79999999999999));
#9159=CARTESIAN_POINT('Ctrl Pts',(137.876562346137,-111.657179294107,-2.79999999999999));
#9160=CARTESIAN_POINT('Ctrl Pts',(137.895934242081,-111.588479072474,-2.79999999999999));
#9161=CARTESIAN_POINT('',(137.895934242081,-111.588479072474,0.200000000000012));
#9162=CARTESIAN_POINT('Origin',(137.895934242081,-111.588479072474,0.200000000000012));
#9163=CARTESIAN_POINT('',(138.256098884415,-111.637592107676,1.14659254729282E-14));
#9164=CARTESIAN_POINT('',(132.306865746279,-110.826338413685,0.));
#9165=CARTESIAN_POINT('',(138.256098884415,-111.637592107676,-2.79999999999999));
#9166=CARTESIAN_POINT('',(137.895934242081,-111.588479072474,-2.79999999999999));
#9167=CARTESIAN_POINT('',(138.256098884415,-111.637592107676,0.200000000000012));
#9168=CARTESIAN_POINT('Ctrl Pts',(138.256098884415,-111.637592107676,0.200000000000012));
#9169=CARTESIAN_POINT('Ctrl Pts',(138.256098884415,-111.637592107676,-2.79999999999999));
#9170=CARTESIAN_POINT('Ctrl Pts',(138.238559090206,-111.708996578702,0.200000000000012));
#9171=CARTESIAN_POINT('Ctrl Pts',(138.238559090206,-111.708996578702,-2.79999999999999));
#9172=CARTESIAN_POINT('Ctrl Pts',(138.20576436613,-111.842503842082,0.200000000000012));
#9173=CARTESIAN_POINT('Ctrl Pts',(138.20576436613,-111.842503842082,-2.79999999999999));
#9174=CARTESIAN_POINT('Ctrl Pts',(138.129779727933,-111.956846165395,0.200000000000012));
#9175=CARTESIAN_POINT('Ctrl Pts',(138.129779727933,-111.956846165395,-2.79999999999999));
#9176=CARTESIAN_POINT('Ctrl Pts',(138.094434398483,-112.010034114741,0.200000000000012));
#9177=CARTESIAN_POINT('Ctrl Pts',(138.094434398483,-112.010034114741,-2.79999999999999));
#9178=CARTESIAN_POINT('',(138.094434398483,-112.010034114741,1.17560316517439E-14));
#9179=CARTESIAN_POINT('Ctrl Pts',(138.256098884415,-111.637592107676,1.14659254729282E-14));
#9180=CARTESIAN_POINT('Ctrl Pts',(138.238559090206,-111.708996578702,1.15123787367173E-14));
#9181=CARTESIAN_POINT('Ctrl Pts',(138.20576436613,-111.842503842082,1.15992339169909E-14));
#9182=CARTESIAN_POINT('Ctrl Pts',(138.129779727933,-111.956846165395,1.17062510952998E-14));
#9183=CARTESIAN_POINT('Ctrl Pts',(138.094434398483,-112.010034114741,1.17560316517439E-14));
#9184=CARTESIAN_POINT('',(138.094434398483,-112.010034114741,-2.79999999999999));
#9185=CARTESIAN_POINT('Ctrl Pts',(138.256098884415,-111.637592107676,-2.79999999999999));
#9186=CARTESIAN_POINT('Ctrl Pts',(138.238559090206,-111.708996578702,-2.79999999999999));
#9187=CARTESIAN_POINT('Ctrl Pts',(138.20576436613,-111.842503842082,-2.79999999999999));
#9188=CARTESIAN_POINT('Ctrl Pts',(138.129779727933,-111.956846165395,-2.79999999999999));
#9189=CARTESIAN_POINT('Ctrl Pts',(138.094434398483,-112.010034114741,-2.79999999999999));
#9190=CARTESIAN_POINT('',(138.094434398483,-112.010034114741,0.200000000000012));
#9191=CARTESIAN_POINT('Ctrl Pts',(138.094434398483,-112.010034114741,0.200000000000012));
#9192=CARTESIAN_POINT('Ctrl Pts',(138.094434398483,-112.010034114741,-2.79999999999999));
#9193=CARTESIAN_POINT('Ctrl Pts',(138.050914630676,-112.055592230861,0.200000000000012));
#9194=CARTESIAN_POINT('Ctrl Pts',(138.050914630676,-112.055592230861,-2.79999999999999));
#9195=CARTESIAN_POINT('Ctrl Pts',(137.958630948774,-112.15219823103,0.200000000000012));
#9196=CARTESIAN_POINT('Ctrl Pts',(137.958630948774,-112.15219823103,-2.79999999999999));
#9197=CARTESIAN_POINT('Ctrl Pts',(137.834598816782,-112.20244590593,0.200000000000012));
#9198=CARTESIAN_POINT('Ctrl Pts',(137.834598816782,-112.20244590593,-2.79999999999999));
#9199=CARTESIAN_POINT('Ctrl Pts',(137.769058603119,-112.228997439764,0.200000000000012));
#9200=CARTESIAN_POINT('Ctrl Pts',(137.769058603119,-112.228997439764,-2.79999999999999));
#9201=CARTESIAN_POINT('',(137.769058603119,-112.228997439764,1.20835009501713E-14));
#9202=CARTESIAN_POINT('Ctrl Pts',(138.094434398483,-112.010034114741,1.17560316517439E-14));
#9203=CARTESIAN_POINT('Ctrl Pts',(138.050914630676,-112.055592230861,1.18076940937123E-14));
#9204=CARTESIAN_POINT('Ctrl Pts',(137.958630948774,-112.15219823103,1.19172443223957E-14));
#9205=CARTESIAN_POINT('Ctrl Pts',(137.834598816782,-112.20244590593,1.20260216045634E-14));
#9206=CARTESIAN_POINT('Ctrl Pts',(137.769058603119,-112.228997439764,1.20835009501713E-14));
#9207=CARTESIAN_POINT('',(137.769058603119,-112.228997439764,-2.79999999999999));
#9208=CARTESIAN_POINT('Ctrl Pts',(138.094434398483,-112.010034114741,-2.79999999999999));
#9209=CARTESIAN_POINT('Ctrl Pts',(138.050914630676,-112.055592230861,-2.79999999999999));
#9210=CARTESIAN_POINT('Ctrl Pts',(137.958630948774,-112.15219823103,-2.79999999999999));
#9211=CARTESIAN_POINT('Ctrl Pts',(137.834598816782,-112.20244590593,-2.79999999999999));
#9212=CARTESIAN_POINT('Ctrl Pts',(137.769058603119,-112.228997439764,-2.79999999999999));
#9213=CARTESIAN_POINT('',(137.769058603119,-112.228997439764,0.200000000000012));
#9214=CARTESIAN_POINT('Ctrl Pts',(137.769058603119,-112.228997439764,0.200000000000012));
#9215=CARTESIAN_POINT('Ctrl Pts',(137.769058603119,-112.228997439764,-2.79999999999999));
#9216=CARTESIAN_POINT('Ctrl Pts',(137.693013445206,-112.251660104177,0.200000000000012));
#9217=CARTESIAN_POINT('Ctrl Pts',(137.693013445206,-112.251660104177,-2.79999999999999));
#9218=CARTESIAN_POINT('Ctrl Pts',(137.532197704481,-112.299585748155,0.200000000000012));
#9219=CARTESIAN_POINT('Ctrl Pts',(137.532197704481,-112.299585748155,-2.79999999999999));
#9220=CARTESIAN_POINT('Ctrl Pts',(137.364354955583,-112.304283646667,0.200000000000012));
#9221=CARTESIAN_POINT('Ctrl Pts',(137.364354955583,-112.304283646667,-2.79999999999999));
#9222=CARTESIAN_POINT('Ctrl Pts',(137.275880235504,-112.306760043524,0.200000000000013));
#9223=CARTESIAN_POINT('Ctrl Pts',(137.275880235504,-112.306760043524,-2.79999999999999));
#9224=CARTESIAN_POINT('',(137.275880235504,-112.306760043524,1.24570535269075E-14));
#9225=CARTESIAN_POINT('Ctrl Pts',(137.769058603119,-112.228997439764,1.20835009501713E-14));
#9226=CARTESIAN_POINT('Ctrl Pts',(137.693013445206,-112.251660104177,1.21462575591948E-14));
#9227=CARTESIAN_POINT('Ctrl Pts',(137.532197704481,-112.299585748155,1.22789714671922E-14));
#9228=CARTESIAN_POINT('Ctrl Pts',(137.364354955583,-112.304283646667,1.23955838206656E-14));
#9229=CARTESIAN_POINT('Ctrl Pts',(137.275880235504,-112.306760043524,1.24570535269075E-14));
#9230=CARTESIAN_POINT('',(137.275880235504,-112.306760043524,-2.79999999999999));
#9231=CARTESIAN_POINT('Ctrl Pts',(137.769058603119,-112.228997439764,-2.79999999999999));
#9232=CARTESIAN_POINT('Ctrl Pts',(137.693013445206,-112.251660104177,-2.79999999999999));
#9233=CARTESIAN_POINT('Ctrl Pts',(137.532197704481,-112.299585748155,-2.79999999999999));
#9234=CARTESIAN_POINT('Ctrl Pts',(137.364354955583,-112.304283646667,-2.79999999999999));
#9235=CARTESIAN_POINT('Ctrl Pts',(137.275880235504,-112.306760043524,-2.79999999999999));
#9236=CARTESIAN_POINT('',(137.275880235504,-112.306760043524,0.200000000000013));
#9237=CARTESIAN_POINT('Ctrl Pts',(137.275880235504,-112.306760043524,0.200000000000013));
#9238=CARTESIAN_POINT('Ctrl Pts',(137.275880235504,-112.306760043524,-2.79999999999999));
#9239=CARTESIAN_POINT('Ctrl Pts',(137.191187179855,-112.305333754689,0.200000000000013));
#9240=CARTESIAN_POINT('Ctrl Pts',(137.191187179855,-112.305333754689,-2.79999999999999));
#9241=CARTESIAN_POINT('Ctrl Pts',(137.03747401853,-112.302745120188,0.200000000000013));
#9242=CARTESIAN_POINT('Ctrl Pts',(137.03747401853,-112.302745120188,-2.79999999999999));
#9243=CARTESIAN_POINT('Ctrl Pts',(136.889894697147,-112.260323710716,0.200000000000013));
#9244=CARTESIAN_POINT('Ctrl Pts',(136.889894697147,-112.260323710716,-2.79999999999999));
#9245=CARTESIAN_POINT('Ctrl Pts',(136.823628801178,-112.241275698565,0.200000000000013));
#9246=CARTESIAN_POINT('Ctrl Pts',(136.823628801178,-112.241275698565,-2.79999999999999));
#9247=CARTESIAN_POINT('',(136.823628801178,-112.241275698565,1.27335044385992E-14));
#9248=CARTESIAN_POINT('Ctrl Pts',(137.275880235504,-112.306760043524,1.24570535269075E-14));
#9249=CARTESIAN_POINT('Ctrl Pts',(137.191187179855,-112.305333754689,1.25140611190044E-14));
#9250=CARTESIAN_POINT('Ctrl Pts',(137.03747401853,-112.302745120188,1.26175267187712E-14));
#9251=CARTESIAN_POINT('Ctrl Pts',(136.889894697147,-112.260323710716,1.26975655089353E-14));
#9252=CARTESIAN_POINT('Ctrl Pts',(136.823628801178,-112.241275698565,1.27335044385992E-14));
#9253=CARTESIAN_POINT('',(136.823628801178,-112.241275698565,-2.79999999999999));
#9254=CARTESIAN_POINT('Ctrl Pts',(137.275880235504,-112.306760043524,-2.79999999999999));
#9255=CARTESIAN_POINT('Ctrl Pts',(137.191187179855,-112.305333754689,-2.79999999999999));
#9256=CARTESIAN_POINT('Ctrl Pts',(137.03747401853,-112.302745120188,-2.79999999999999));
#9257=CARTESIAN_POINT('Ctrl Pts',(136.889894697147,-112.260323710716,-2.79999999999999));
#9258=CARTESIAN_POINT('Ctrl Pts',(136.823628801178,-112.241275698565,-2.79999999999999));
#9259=CARTESIAN_POINT('',(136.823628801178,-112.241275698565,0.200000000000013));
#9260=CARTESIAN_POINT('Ctrl Pts',(136.823628801178,-112.241275698565,0.200000000000013));
#9261=CARTESIAN_POINT('Ctrl Pts',(136.823628801178,-112.241275698565,-2.79999999999999));
#9262=CARTESIAN_POINT('Ctrl Pts',(136.771110759617,-112.219870019513,0.200000000000013));
#9263=CARTESIAN_POINT('Ctrl Pts',(136.771110759617,-112.219870019513,-2.79999999999999));
#9264=CARTESIAN_POINT('Ctrl Pts',(136.675111219591,-112.180741840284,0.200000000000013));
#9265=CARTESIAN_POINT('Ctrl Pts',(136.675111219591,-112.180741840284,-2.79999999999999));
#9266=CARTESIAN_POINT('Ctrl Pts',(136.601274082518,-112.108320759719,0.200000000000013));
#9267=CARTESIAN_POINT('Ctrl Pts',(136.601274082518,-112.108320759719,-2.79999999999999));
#9268=CARTESIAN_POINT('Ctrl Pts',(136.567830699753,-112.075518757723,0.200000000000013));
#9269=CARTESIAN_POINT('Ctrl Pts',(136.567830699753,-112.075518757723,-2.79999999999999));
#9270=CARTESIAN_POINT('',(136.567830699753,-112.075518757723,1.28276681649031E-14));
#9271=CARTESIAN_POINT('Ctrl Pts',(136.823628801178,-112.241275698565,1.27335044385992E-14));
#9272=CARTESIAN_POINT('Ctrl Pts',(136.771110759617,-112.219870019513,1.27589384102301E-14));
#9273=CARTESIAN_POINT('Ctrl Pts',(136.675111219591,-112.180741840284,1.28054300469278E-14));
#9274=CARTESIAN_POINT('Ctrl Pts',(136.601274082518,-112.108320759719,1.28207357089459E-14));
#9275=CARTESIAN_POINT('Ctrl Pts',(136.567830699753,-112.075518757723,1.28276681649031E-14));
#9276=CARTESIAN_POINT('',(136.567830699753,-112.075518757723,-2.79999999999999));
#9277=CARTESIAN_POINT('Ctrl Pts',(136.823628801178,-112.241275698565,-2.79999999999999));
#9278=CARTESIAN_POINT('Ctrl Pts',(136.771110759617,-112.219870019513,-2.79999999999999));
#9279=CARTESIAN_POINT('Ctrl Pts',(136.675111219591,-112.180741840284,-2.79999999999999));
#9280=CARTESIAN_POINT('Ctrl Pts',(136.601274082518,-112.108320759719,-2.79999999999999));
#9281=CARTESIAN_POINT('Ctrl Pts',(136.567830699753,-112.075518757723,-2.79999999999999));
#9282=CARTESIAN_POINT('',(136.567830699753,-112.075518757723,0.200000000000013));
#9283=CARTESIAN_POINT('Ctrl Pts',(136.567830699753,-112.075518757723,0.200000000000013));
#9284=CARTESIAN_POINT('Ctrl Pts',(136.567830699753,-112.075518757723,-2.79999999999999));
#9285=CARTESIAN_POINT('Ctrl Pts',(136.542355156621,-112.039407743962,0.200000000000013));
#9286=CARTESIAN_POINT('Ctrl Pts',(136.542355156621,-112.039407743962,-2.79999999999999));
#9287=CARTESIAN_POINT('Ctrl Pts',(136.488723483381,-111.963386044231,0.200000000000013));
#9288=CARTESIAN_POINT('Ctrl Pts',(136.488723483381,-111.963386044231,-2.79999999999999));
#9289=CARTESIAN_POINT('Ctrl Pts',(136.465451298456,-111.873204243898,0.200000000000013));
#9290=CARTESIAN_POINT('Ctrl Pts',(136.465451298456,-111.873204243898,-2.79999999999999));
#9291=CARTESIAN_POINT('Ctrl Pts',(136.453233617615,-111.825859636687,0.200000000000013));
#9292=CARTESIAN_POINT('Ctrl Pts',(136.453233617615,-111.825859636687,-2.79999999999999));
#9293=CARTESIAN_POINT('',(136.453233617615,-111.825859636687,1.27850957182195E-14));
#9294=CARTESIAN_POINT('Ctrl Pts',(136.567830699753,-112.075518757723,1.28276681649031E-14));
#9295=CARTESIAN_POINT('Ctrl Pts',(136.542355156621,-112.039407743962,1.28275735768001E-14));
#9296=CARTESIAN_POINT('Ctrl Pts',(136.488723483381,-111.963386044231,1.28273744372035E-14));
#9297=CARTESIAN_POINT('Ctrl Pts',(136.465451298456,-111.873204243898,1.27996505194443E-14));
#9298=CARTESIAN_POINT('Ctrl Pts',(136.453233617615,-111.825859636687,1.27850957182195E-14));
#9299=CARTESIAN_POINT('',(136.453233617615,-111.825859636687,-2.79999999999999));
#9300=CARTESIAN_POINT('Ctrl Pts',(136.567830699753,-112.075518757723,-2.79999999999999));
#9301=CARTESIAN_POINT('Ctrl Pts',(136.542355156621,-112.039407743962,-2.79999999999999));
#9302=CARTESIAN_POINT('Ctrl Pts',(136.488723483381,-111.963386044231,-2.79999999999999));
#9303=CARTESIAN_POINT('Ctrl Pts',(136.465451298456,-111.873204243898,-2.79999999999999));
#9304=CARTESIAN_POINT('Ctrl Pts',(136.453233617615,-111.825859636687,-2.79999999999999));
#9305=CARTESIAN_POINT('',(136.453233617615,-111.825859636687,0.200000000000013));
#9306=CARTESIAN_POINT('Ctrl Pts',(136.453233617615,-111.825859636687,0.200000000000013));
#9307=CARTESIAN_POINT('Ctrl Pts',(136.453233617615,-111.825859636687,-2.79999999999999));
#9308=CARTESIAN_POINT('Ctrl Pts',(136.447922587278,-111.781907085157,0.200000000000013));
#9309=CARTESIAN_POINT('Ctrl Pts',(136.447922587278,-111.781907085157,-2.79999999999999));
#9310=CARTESIAN_POINT('Ctrl Pts',(136.434297252663,-111.66914775527,0.200000000000013));
#9311=CARTESIAN_POINT('Ctrl Pts',(136.434297252663,-111.66914775527,-2.79999999999999));
#9312=CARTESIAN_POINT('Ctrl Pts',(136.43461927897,-111.555505499159,0.200000000000013));
#9313=CARTESIAN_POINT('Ctrl Pts',(136.43461927897,-111.555505499159,-2.79999999999999));
#9314=CARTESIAN_POINT('Ctrl Pts',(136.434815782379,-111.486159951113,0.200000000000013));
#9315=CARTESIAN_POINT('Ctrl Pts',(136.434815782379,-111.486159951113,-2.79999999999999));
#9316=CARTESIAN_POINT('',(136.434815782379,-111.486159951113,1.26334917802224E-14));
#9317=CARTESIAN_POINT('Ctrl Pts',(136.453233617615,-111.825859636687,1.27850957182195E-14));
#9318=CARTESIAN_POINT('Ctrl Pts',(136.447922587278,-111.781907085157,1.27674749141516E-14));
#9319=CARTESIAN_POINT('Ctrl Pts',(136.434297252663,-111.66914775527,1.27222691131725E-14));
#9320=CARTESIAN_POINT('Ctrl Pts',(136.43461927897,-111.555505499159,1.26671350768913E-14));
#9321=CARTESIAN_POINT('Ctrl Pts',(136.434815782379,-111.486159951113,1.26334917802224E-14));
#9322=CARTESIAN_POINT('',(136.434815782379,-111.486159951113,-2.79999999999999));
#9323=CARTESIAN_POINT('Ctrl Pts',(136.453233617615,-111.825859636687,-2.79999999999999));
#9324=CARTESIAN_POINT('Ctrl Pts',(136.447922587278,-111.781907085157,-2.79999999999999));
#9325=CARTESIAN_POINT('Ctrl Pts',(136.434297252663,-111.66914775527,-2.79999999999999));
#9326=CARTESIAN_POINT('Ctrl Pts',(136.43461927897,-111.555505499159,-2.79999999999999));
#9327=CARTESIAN_POINT('Ctrl Pts',(136.434815782379,-111.486159951113,-2.79999999999999));
#9328=CARTESIAN_POINT('',(136.434815782379,-111.486159951113,0.200000000000013));
#9329=CARTESIAN_POINT('Origin',(136.434815782379,-111.486159951113,0.200000000000013));
#9330=CARTESIAN_POINT('',(136.434815782379,-110.995027810953,1.23961649812204E-14));
#9331=CARTESIAN_POINT('',(136.434815782379,-93.5975139054767,0.));
#9332=CARTESIAN_POINT('',(136.434815782379,-110.995027810953,-2.79999999999999));
#9333=CARTESIAN_POINT('',(136.434815782379,-111.486159951113,-2.79999999999999));
#9334=CARTESIAN_POINT('',(136.434815782379,-110.995027810953,0.200000000000012));
#9335=CARTESIAN_POINT('Ctrl Pts',(136.434815782379,-110.995027810953,0.200000000000012));
#9336=CARTESIAN_POINT('Ctrl Pts',(136.434815782379,-110.995027810953,-2.79999999999999));
#9337=CARTESIAN_POINT('Ctrl Pts',(136.435614963878,-110.85507584592,0.200000000000012));
#9338=CARTESIAN_POINT('Ctrl Pts',(136.435614963878,-110.85507584592,-2.79999999999999));
#9339=CARTESIAN_POINT('Ctrl Pts',(136.436855801045,-110.637781526858,0.200000000000012));
#9340=CARTESIAN_POINT('Ctrl Pts',(136.436855801045,-110.637781526858,-2.79999999999999));
#9341=CARTESIAN_POINT('Ctrl Pts',(136.418749967239,-110.421322468852,0.200000000000012));
#9342=CARTESIAN_POINT('Ctrl Pts',(136.418749967239,-110.421322468852,-2.79999999999999));
#9343=CARTESIAN_POINT('Ctrl Pts',(136.412305492233,-110.344277412318,0.200000000000012));
#9344=CARTESIAN_POINT('Ctrl Pts',(136.412305492233,-110.344277412318,-2.79999999999999));
#9345=CARTESIAN_POINT('',(136.412305492233,-110.344277412318,1.20970418637116E-14));
#9346=CARTESIAN_POINT('Ctrl Pts',(136.434815782379,-110.995027810953,1.23961649812204E-14));
#9347=CARTESIAN_POINT('Ctrl Pts',(136.435614963878,-110.85507584592,1.23279924071362E-14));
#9348=CARTESIAN_POINT('Ctrl Pts',(136.436855801045,-110.637781526858,1.22221452758037E-14));
#9349=CARTESIAN_POINT('Ctrl Pts',(136.418749967239,-110.421322468852,1.21298816081821E-14));
#9350=CARTESIAN_POINT('Ctrl Pts',(136.412305492233,-110.344277412318,1.20970418637116E-14));
#9351=CARTESIAN_POINT('',(136.412305492233,-110.344277412318,-2.79999999999999));
#9352=CARTESIAN_POINT('Ctrl Pts',(136.434815782379,-110.995027810953,-2.79999999999999));
#9353=CARTESIAN_POINT('Ctrl Pts',(136.435614963878,-110.85507584592,-2.79999999999999));
#9354=CARTESIAN_POINT('Ctrl Pts',(136.436855801045,-110.637781526858,-2.79999999999999));
#9355=CARTESIAN_POINT('Ctrl Pts',(136.418749967239,-110.421322468852,-2.79999999999999));
#9356=CARTESIAN_POINT('Ctrl Pts',(136.412305492233,-110.344277412318,-2.79999999999999));
#9357=CARTESIAN_POINT('',(136.412305492233,-110.344277412318,0.200000000000012));
#9358=CARTESIAN_POINT('Ctrl Pts',(136.412305492233,-110.344277412318,0.200000000000012));
#9359=CARTESIAN_POINT('Ctrl Pts',(136.412305492233,-110.344277412318,-2.79999999999999));
#9360=CARTESIAN_POINT('Ctrl Pts',(136.402127161458,-110.299474190396,0.200000000000012));
#9361=CARTESIAN_POINT('Ctrl Pts',(136.402127161458,-110.299474190396,-2.79999999999999));
#9362=CARTESIAN_POINT('Ctrl Pts',(136.381559445315,-110.208938721355,0.200000000000012));
#9363=CARTESIAN_POINT('Ctrl Pts',(136.381559445315,-110.208938721355,-2.79999999999999));
#9364=CARTESIAN_POINT('Ctrl Pts',(136.339445117622,-110.12618679865,0.200000000000012));
#9365=CARTESIAN_POINT('Ctrl Pts',(136.339445117622,-110.12618679865,-2.79999999999999));
#9366=CARTESIAN_POINT('Ctrl Pts',(136.318171876739,-110.084386259936,0.200000000000012));
#9367=CARTESIAN_POINT('Ctrl Pts',(136.318171876739,-110.084386259936,-2.79999999999999));
#9368=CARTESIAN_POINT('',(136.318171876739,-110.084386259936,1.20355843997427E-14));
#9369=CARTESIAN_POINT('Ctrl Pts',(136.412305492233,-110.344277412318,1.20970418637116E-14));
#9370=CARTESIAN_POINT('Ctrl Pts',(136.402127161458,-110.299474190396,1.20823258243059E-14));
#9371=CARTESIAN_POINT('Ctrl Pts',(136.381559445315,-110.208938721355,1.20525885985665E-14));
#9372=CARTESIAN_POINT('Ctrl Pts',(136.339445117622,-110.12618679865,1.2041291106381E-14));
#9373=CARTESIAN_POINT('Ctrl Pts',(136.318171876739,-110.084386259936,1.20355843997427E-14));
#9374=CARTESIAN_POINT('',(136.318171876739,-110.084386259936,-2.79999999999999));
#9375=CARTESIAN_POINT('Ctrl Pts',(136.412305492233,-110.344277412318,-2.79999999999999));
#9376=CARTESIAN_POINT('Ctrl Pts',(136.402127161458,-110.299474190396,-2.79999999999999));
#9377=CARTESIAN_POINT('Ctrl Pts',(136.381559445315,-110.208938721355,-2.79999999999999));
#9378=CARTESIAN_POINT('Ctrl Pts',(136.339445117622,-110.12618679865,-2.79999999999999));
#9379=CARTESIAN_POINT('Ctrl Pts',(136.318171876739,-110.084386259936,-2.79999999999999));
#9380=CARTESIAN_POINT('',(136.318171876739,-110.084386259936,0.200000000000012));
#9381=CARTESIAN_POINT('Ctrl Pts',(137.92663063414,-110.667605788134,0.200000000000011));
#9382=CARTESIAN_POINT('Ctrl Pts',(137.92663063414,-110.667605788134,-2.79999999999999));
#9383=CARTESIAN_POINT('Ctrl Pts',(137.922008337397,-110.620522833134,0.200000000000011));
#9384=CARTESIAN_POINT('Ctrl Pts',(137.922008337397,-110.620522833134,-2.79999999999999));
#9385=CARTESIAN_POINT('Ctrl Pts',(137.912754568123,-110.526263458068,0.200000000000011));
#9386=CARTESIAN_POINT('Ctrl Pts',(137.912754568123,-110.526263458068,-2.79999999999999));
#9387=CARTESIAN_POINT('Ctrl Pts',(137.848356812344,-110.456804121412,0.200000000000011));
#9388=CARTESIAN_POINT('Ctrl Pts',(137.848356812344,-110.456804121412,-2.79999999999999));
#9389=CARTESIAN_POINT('Ctrl Pts',(137.816126006912,-110.422040016077,0.200000000000011));
#9390=CARTESIAN_POINT('Ctrl Pts',(137.816126006912,-110.422040016077,-2.79999999999999));
#9391=CARTESIAN_POINT('',(137.92663063414,-110.667605788134,1.12216538226675E-14));
#9392=CARTESIAN_POINT('Ctrl Pts',(137.92663063414,-110.667605788134,1.12216538226675E-14));
#9393=CARTESIAN_POINT('Ctrl Pts',(137.922008337397,-110.620522833134,1.12020511310751E-14));
#9394=CARTESIAN_POINT('Ctrl Pts',(137.912754568123,-110.526263458068,1.11628068414502E-14));
#9395=CARTESIAN_POINT('Ctrl Pts',(137.848356812344,-110.456804121412,1.11731131479232E-14));
#9396=CARTESIAN_POINT('Ctrl Pts',(137.816126006912,-110.422040016077,1.11782714089999E-14));
#9397=CARTESIAN_POINT('',(137.92663063414,-110.667605788134,-2.79999999999999));
#9398=CARTESIAN_POINT('',(137.92663063414,-110.667605788134,0.200000000000011));
#9399=CARTESIAN_POINT('Ctrl Pts',(137.92663063414,-110.667605788134,-2.79999999999999));
#9400=CARTESIAN_POINT('Ctrl Pts',(137.922008337397,-110.620522833134,-2.79999999999999));
#9401=CARTESIAN_POINT('Ctrl Pts',(137.912754568123,-110.526263458068,-2.79999999999999));
#9402=CARTESIAN_POINT('Ctrl Pts',(137.848356812344,-110.456804121412,-2.79999999999999));
#9403=CARTESIAN_POINT('Ctrl Pts',(137.816126006912,-110.422040016077,-2.79999999999999));
#9404=CARTESIAN_POINT('Ctrl Pts',(137.875470775436,-110.841548830889,0.200000000000011));
#9405=CARTESIAN_POINT('Ctrl Pts',(137.875470775436,-110.841548830889,-2.79999999999999));
#9406=CARTESIAN_POINT('Ctrl Pts',(137.89039207934,-110.814723034334,0.200000000000011));
#9407=CARTESIAN_POINT('Ctrl Pts',(137.89039207934,-110.814723034334,-2.79999999999999));
#9408=CARTESIAN_POINT('Ctrl Pts',(137.920497277536,-110.760599351357,0.200000000000011));
#9409=CARTESIAN_POINT('Ctrl Pts',(137.920497277536,-110.760599351357,-2.79999999999999));
#9410=CARTESIAN_POINT('Ctrl Pts',(137.924574328014,-110.698783370998,0.200000000000011));
#9411=CARTESIAN_POINT('Ctrl Pts',(137.924574328014,-110.698783370998,-2.79999999999999));
#9412=CARTESIAN_POINT('Ctrl Pts',(137.92663063414,-110.667605788134,0.200000000000011));
#9413=CARTESIAN_POINT('Ctrl Pts',(137.92663063414,-110.667605788134,-2.79999999999999));
#9414=CARTESIAN_POINT('',(137.875470775436,-110.841548830889,1.1340559716369E-14));
#9415=CARTESIAN_POINT('Ctrl Pts',(137.875470775436,-110.841548830889,1.1340559716369E-14));
#9416=CARTESIAN_POINT('Ctrl Pts',(137.89039207934,-110.814723034334,1.13174317671215E-14));
#9417=CARTESIAN_POINT('Ctrl Pts',(137.920497277536,-110.760599351357,1.1270768862678E-14));
#9418=CARTESIAN_POINT('Ctrl Pts',(137.924574328014,-110.698783370998,1.12381204285395E-14));
#9419=CARTESIAN_POINT('Ctrl Pts',(137.92663063414,-110.667605788134,1.12216538226675E-14));
#9420=CARTESIAN_POINT('',(137.875470775436,-110.841548830889,-2.79999999999999));
#9421=CARTESIAN_POINT('',(137.875470775436,-110.841548830889,0.200000000000011));
#9422=CARTESIAN_POINT('Ctrl Pts',(137.875470775436,-110.841548830889,-2.79999999999999));
#9423=CARTESIAN_POINT('Ctrl Pts',(137.89039207934,-110.814723034334,-2.79999999999999));
#9424=CARTESIAN_POINT('Ctrl Pts',(137.920497277536,-110.760599351357,-2.79999999999999));
#9425=CARTESIAN_POINT('Ctrl Pts',(137.924574328014,-110.698783370998,-2.79999999999999));
#9426=CARTESIAN_POINT('Ctrl Pts',(137.92663063414,-110.667605788134,-2.79999999999999));
#9427=CARTESIAN_POINT('Ctrl Pts',(137.730177301239,-110.962285191439,0.200000000000012));
#9428=CARTESIAN_POINT('Ctrl Pts',(137.730177301239,-110.962285191439,-2.79999999999999));
#9429=CARTESIAN_POINT('Ctrl Pts',(137.759574312468,-110.947315648407,0.200000000000012));
#9430=CARTESIAN_POINT('Ctrl Pts',(137.759574312468,-110.947315648407,-2.79999999999999));
#9431=CARTESIAN_POINT('Ctrl Pts',(137.81714658826,-110.917998700054,0.200000000000011));
#9432=CARTESIAN_POINT('Ctrl Pts',(137.81714658826,-110.917998700054,-2.79999999999999));
#9433=CARTESIAN_POINT('Ctrl Pts',(137.85630638428,-110.866669030029,0.200000000000011));
#9434=CARTESIAN_POINT('Ctrl Pts',(137.85630638428,-110.866669030029,-2.79999999999999));
#9435=CARTESIAN_POINT('Ctrl Pts',(137.875470775436,-110.841548830889,0.200000000000011));
#9436=CARTESIAN_POINT('Ctrl Pts',(137.875470775436,-110.841548830889,-2.79999999999999));
#9437=CARTESIAN_POINT('',(137.730177301239,-110.962285191439,1.14978830210037E-14));
#9438=CARTESIAN_POINT('Ctrl Pts',(137.730177301239,-110.962285191439,1.14978830210037E-14));
#9439=CARTESIAN_POINT('Ctrl Pts',(137.759574312468,-110.947315648407,1.14706227793368E-14));
#9440=CARTESIAN_POINT('Ctrl Pts',(137.81714658826,-110.917998700054,1.14172352439291E-14));
#9441=CARTESIAN_POINT('Ctrl Pts',(137.85630638428,-110.866669030029,1.13657540620483E-14));
#9442=CARTESIAN_POINT('Ctrl Pts',(137.875470775436,-110.841548830889,1.1340559716369E-14));
#9443=CARTESIAN_POINT('',(137.730177301239,-110.962285191439,-2.79999999999999));
#9444=CARTESIAN_POINT('',(137.730177301239,-110.962285191439,0.200000000000012));
#9445=CARTESIAN_POINT('Ctrl Pts',(137.730177301239,-110.962285191439,-2.79999999999999));
#9446=CARTESIAN_POINT('Ctrl Pts',(137.759574312468,-110.947315648407,-2.79999999999999));
#9447=CARTESIAN_POINT('Ctrl Pts',(137.81714658826,-110.917998700054,-2.79999999999999));
#9448=CARTESIAN_POINT('Ctrl Pts',(137.85630638428,-110.866669030029,-2.79999999999999));
#9449=CARTESIAN_POINT('Ctrl Pts',(137.875470775436,-110.841548830889,-2.79999999999999));
#9450=CARTESIAN_POINT('Ctrl Pts',(137.408895152878,-111.035955340288,0.200000000000012));
#9451=CARTESIAN_POINT('Ctrl Pts',(137.408895152878,-111.035955340288,-2.79999999999999));
#9452=CARTESIAN_POINT('Ctrl Pts',(137.474072221115,-111.026618067059,0.200000000000012));
#9453=CARTESIAN_POINT('Ctrl Pts',(137.474072221115,-111.026618067059,-2.79999999999999));
#9454=CARTESIAN_POINT('Ctrl Pts',(137.583316439639,-111.01096772953,0.200000000000012));
#9455=CARTESIAN_POINT('Ctrl Pts',(137.583316439639,-111.01096772953,-2.79999999999999));
#9456=CARTESIAN_POINT('Ctrl Pts',(137.687964256573,-110.976278287574,0.200000000000012));
#9457=CARTESIAN_POINT('Ctrl Pts',(137.687964256573,-110.976278287574,-2.79999999999999));
#9458=CARTESIAN_POINT('Ctrl Pts',(137.730177301239,-110.962285191439,0.200000000000012));
#9459=CARTESIAN_POINT('Ctrl Pts',(137.730177301239,-110.962285191439,-2.79999999999999));
#9460=CARTESIAN_POINT('',(137.408895152878,-111.035955340288,1.17523543996513E-14));
#9461=CARTESIAN_POINT('Ctrl Pts',(137.408895152878,-111.035955340288,1.17523543996513E-14));
#9462=CARTESIAN_POINT('Ctrl Pts',(137.474072221115,-111.026618067059,1.17034407863918E-14));
#9463=CARTESIAN_POINT('Ctrl Pts',(137.583316439639,-111.01096772953,1.16214559752546E-14));
#9464=CARTESIAN_POINT('Ctrl Pts',(137.687964256573,-110.976278287574,1.15334022888556E-14));
#9465=CARTESIAN_POINT('Ctrl Pts',(137.730177301239,-110.962285191439,1.14978830210037E-14));
#9466=CARTESIAN_POINT('',(137.408895152878,-111.035955340288,-2.79999999999999));
#9467=CARTESIAN_POINT('',(137.408895152878,-111.035955340288,0.200000000000012));
#9468=CARTESIAN_POINT('Ctrl Pts',(137.408895152878,-111.035955340288,-2.79999999999999));
#9469=CARTESIAN_POINT('Ctrl Pts',(137.474072221115,-111.026618067059,-2.79999999999999));
#9470=CARTESIAN_POINT('Ctrl Pts',(137.583316439639,-111.01096772953,-2.79999999999999));
#9471=CARTESIAN_POINT('Ctrl Pts',(137.687964256573,-110.976278287574,-2.79999999999999));
#9472=CARTESIAN_POINT('Ctrl Pts',(137.730177301239,-110.962285191439,-2.79999999999999));
#9473=CARTESIAN_POINT('Ctrl Pts',(136.807257789444,-111.175109536074,0.200000000000012));
#9474=CARTESIAN_POINT('Ctrl Pts',(136.807257789444,-111.175109536074,-2.79999999999999));
#9475=CARTESIAN_POINT('Ctrl Pts',(136.890323734543,-111.147814733529,0.200000000000012));
#9476=CARTESIAN_POINT('Ctrl Pts',(136.890323734543,-111.147814733529,-2.79999999999999));
#9477=CARTESIAN_POINT('Ctrl Pts',(137.086519279922,-111.083346452755,0.200000000000012));
#9478=CARTESIAN_POINT('Ctrl Pts',(137.086519279922,-111.083346452755,-2.79999999999999));
#9479=CARTESIAN_POINT('Ctrl Pts',(137.290992505262,-111.053287709433,0.200000000000012));
#9480=CARTESIAN_POINT('Ctrl Pts',(137.290992505262,-111.053287709433,-2.79999999999999));
#9481=CARTESIAN_POINT('Ctrl Pts',(137.408895152878,-111.035955340288,0.200000000000012));
#9482=CARTESIAN_POINT('Ctrl Pts',(137.408895152878,-111.035955340288,-2.79999999999999));
#9483=CARTESIAN_POINT('Ctrl Pts',(136.807257789444,-111.175109536074,1.22294601249503E-14));
#9484=CARTESIAN_POINT('Ctrl Pts',(136.890323734543,-111.147814733529,1.21596822745386E-14));
#9485=CARTESIAN_POINT('Ctrl Pts',(137.086519279922,-111.083346452755,1.19948722160823E-14));
#9486=CARTESIAN_POINT('Ctrl Pts',(137.290992505262,-111.053287709433,1.18410505324166E-14));
#9487=CARTESIAN_POINT('Ctrl Pts',(137.408895152878,-111.035955340288,1.17523543996513E-14));
#9488=CARTESIAN_POINT('Ctrl Pts',(136.807257789444,-111.175109536074,-2.79999999999999));
#9489=CARTESIAN_POINT('Ctrl Pts',(136.890323734543,-111.147814733529,-2.79999999999999));
#9490=CARTESIAN_POINT('Ctrl Pts',(137.086519279922,-111.083346452755,-2.79999999999999));
#9491=CARTESIAN_POINT('Ctrl Pts',(137.290992505262,-111.053287709433,-2.79999999999999));
#9492=CARTESIAN_POINT('Ctrl Pts',(137.408895152878,-111.035955340288,-2.79999999999999));
#9493=CARTESIAN_POINT('Origin',(136.318171876739,-110.084386259936,0.200000000000012));
#9494=CARTESIAN_POINT('',(136.702892440628,-110.084386259936,1.17734950267976E-14));
#9495=CARTESIAN_POINT('',(133.835821220314,-110.084386259936,0.));
#9496=CARTESIAN_POINT('',(136.702892440628,-110.084386259936,-2.79999999999999));
#9497=CARTESIAN_POINT('',(136.318171876739,-110.084386259936,-2.79999999999999));
#9498=CARTESIAN_POINT('',(136.702892440628,-110.084386259936,0.200000000000012));
#9499=CARTESIAN_POINT('Ctrl Pts',(136.909577506851,-111.877019197367,0.200000000000013));
#9500=CARTESIAN_POINT('Ctrl Pts',(136.909577506851,-111.877019197367,-2.79999999999999));
#9501=CARTESIAN_POINT('Ctrl Pts',(136.96644521258,-111.91332230394,0.200000000000013));
#9502=CARTESIAN_POINT('Ctrl Pts',(136.96644521258,-111.91332230394,-2.79999999999999));
#9503=CARTESIAN_POINT('Ctrl Pts',(137.093655658471,-111.994530686012,0.200000000000012));
#9504=CARTESIAN_POINT('Ctrl Pts',(137.093655658471,-111.994530686012,-2.79999999999999));
#9505=CARTESIAN_POINT('Ctrl Pts',(137.245256168774,-111.999242916925,0.200000000000012));
#9506=CARTESIAN_POINT('Ctrl Pts',(137.245256168774,-111.999242916925,-2.79999999999999));
#9507=CARTESIAN_POINT('Ctrl Pts',(137.329085725616,-112.001848608874,0.200000000000012));
#9508=CARTESIAN_POINT('Ctrl Pts',(137.329085725616,-112.001848608874,-2.79999999999999));
#9509=CARTESIAN_POINT('',(136.909577506851,-111.877019197367,1.24989347649277E-14));
#9510=CARTESIAN_POINT('Ctrl Pts',(136.909577506851,-111.877019197367,1.24989347649277E-14));
#9511=CARTESIAN_POINT('Ctrl Pts',(136.96644521258,-111.91332230394,1.24777363923028E-14));
#9512=CARTESIAN_POINT('Ctrl Pts',(137.093655658471,-111.994530686012,1.2430316609327E-14));
#9513=CARTESIAN_POINT('Ctrl Pts',(137.245256168774,-111.999242916925,1.23293164213759E-14));
#9514=CARTESIAN_POINT('Ctrl Pts',(137.329085725616,-112.001848608874,1.22734669979419E-14));
#9515=CARTESIAN_POINT('',(136.909577506851,-111.877019197367,-2.79999999999999));
#9516=CARTESIAN_POINT('',(136.909577506851,-111.877019197367,0.200000000000013));
#9517=CARTESIAN_POINT('Ctrl Pts',(136.909577506851,-111.877019197367,-2.79999999999999));
#9518=CARTESIAN_POINT('Ctrl Pts',(136.96644521258,-111.91332230394,-2.79999999999999));
#9519=CARTESIAN_POINT('Ctrl Pts',(137.093655658471,-111.994530686012,-2.79999999999999));
#9520=CARTESIAN_POINT('Ctrl Pts',(137.245256168774,-111.999242916925,-2.79999999999999));
#9521=CARTESIAN_POINT('Ctrl Pts',(137.329085725616,-112.001848608874,-2.79999999999999));
#9522=CARTESIAN_POINT('Ctrl Pts',(136.805210965942,-111.559829503916,0.200000000000012));
#9523=CARTESIAN_POINT('Ctrl Pts',(136.805210965942,-111.559829503916,-2.79999999999999));
#9524=CARTESIAN_POINT('Ctrl Pts',(136.806680401074,-111.626390373797,0.200000000000013));
#9525=CARTESIAN_POINT('Ctrl Pts',(136.806680401074,-111.626390373797,-2.79999999999999));
#9526=CARTESIAN_POINT('Ctrl Pts',(136.809271370848,-111.74375329661,0.200000000000013));
#9527=CARTESIAN_POINT('Ctrl Pts',(136.809271370848,-111.74375329661,-2.79999999999999));
#9528=CARTESIAN_POINT('Ctrl Pts',(136.879275372842,-111.836760033327,0.200000000000013));
#9529=CARTESIAN_POINT('Ctrl Pts',(136.879275372842,-111.836760033327,-2.79999999999999));
#9530=CARTESIAN_POINT('Ctrl Pts',(136.909577506851,-111.877019197367,0.200000000000013));
#9531=CARTESIAN_POINT('Ctrl Pts',(136.909577506851,-111.877019197367,-2.79999999999999));
#9532=CARTESIAN_POINT('',(136.805210965942,-111.559829503916,1.2416760409489E-14));
#9533=CARTESIAN_POINT('Ctrl Pts',(136.805210965942,-111.559829503916,1.2416760409489E-14));
#9534=CARTESIAN_POINT('Ctrl Pts',(136.806680401074,-111.626390373797,1.24479231652088E-14));
#9535=CARTESIAN_POINT('Ctrl Pts',(136.809271370848,-111.74375329661,1.25028706515824E-14));
#9536=CARTESIAN_POINT('Ctrl Pts',(136.879275372842,-111.836760033327,1.25001237832915E-14));
#9537=CARTESIAN_POINT('Ctrl Pts',(136.909577506851,-111.877019197367,1.24989347649277E-14));
#9538=CARTESIAN_POINT('',(136.805210965942,-111.559829503916,-2.79999999999999));
#9539=CARTESIAN_POINT('',(136.805210965942,-111.559829503916,0.200000000000012));
#9540=CARTESIAN_POINT('Ctrl Pts',(136.805210965942,-111.559829503916,-2.79999999999999));
#9541=CARTESIAN_POINT('Ctrl Pts',(136.806680401074,-111.626390373797,-2.79999999999999));
#9542=CARTESIAN_POINT('Ctrl Pts',(136.809271370848,-111.74375329661,-2.79999999999999));
#9543=CARTESIAN_POINT('Ctrl Pts',(136.879275372842,-111.836760033327,-2.79999999999999));
#9544=CARTESIAN_POINT('Ctrl Pts',(136.909577506851,-111.877019197367,-2.79999999999999));
#9545=CARTESIAN_POINT('Ctrl Pts',(136.807257789444,-111.463649660967,0.200000000000012));
#9546=CARTESIAN_POINT('Ctrl Pts',(136.807257789444,-111.463649660967,-2.79999999999999));
#9547=CARTESIAN_POINT('Ctrl Pts',(136.806681124788,-111.48428269767,0.200000000000012));
#9548=CARTESIAN_POINT('Ctrl Pts',(136.806681124788,-111.48428269767,-2.79999999999999));
#9549=CARTESIAN_POINT('Ctrl Pts',(136.805785212511,-111.516338400545,0.200000000000012));
#9550=CARTESIAN_POINT('Ctrl Pts',(136.805785212511,-111.516338400545,-2.79999999999999));
#9551=CARTESIAN_POINT('Ctrl Pts',(136.805361832385,-111.548403492174,0.200000000000012));
#9552=CARTESIAN_POINT('Ctrl Pts',(136.805361832385,-111.548403492174,-2.79999999999999));
#9553=CARTESIAN_POINT('Ctrl Pts',(136.805210965942,-111.559829503916,0.200000000000012));
#9554=CARTESIAN_POINT('Ctrl Pts',(136.805210965942,-111.559829503916,-2.79999999999999));
#9555=CARTESIAN_POINT('',(136.807257789444,-111.463649660967,1.23688896186919E-14));
#9556=CARTESIAN_POINT('Ctrl Pts',(136.807257789444,-111.463649660967,1.23688896186919E-14));
#9557=CARTESIAN_POINT('Ctrl Pts',(136.806681124788,-111.48428269767,1.23792528434628E-14));
#9558=CARTESIAN_POINT('Ctrl Pts',(136.805785212511,-111.516338400545,1.23953532647494E-14));
#9559=CARTESIAN_POINT('Ctrl Pts',(136.805361832385,-111.548403492174,1.24111363092426E-14));
#9560=CARTESIAN_POINT('Ctrl Pts',(136.805210965942,-111.559829503916,1.2416760409489E-14));
#9561=CARTESIAN_POINT('',(136.807257789444,-111.463649660967,-2.79999999999999));
#9562=CARTESIAN_POINT('',(136.807257789444,-111.463649660967,0.200000000000012));
#9563=CARTESIAN_POINT('Ctrl Pts',(136.807257789444,-111.463649660967,-2.79999999999999));
#9564=CARTESIAN_POINT('Ctrl Pts',(136.806681124788,-111.48428269767,-2.79999999999999));
#9565=CARTESIAN_POINT('Ctrl Pts',(136.805785212511,-111.516338400545,-2.79999999999999));
#9566=CARTESIAN_POINT('Ctrl Pts',(136.805361832385,-111.548403492174,-2.79999999999999));
#9567=CARTESIAN_POINT('Ctrl Pts',(136.805210965942,-111.559829503916,-2.79999999999999));
#9568=CARTESIAN_POINT('Ctrl Pts',(137.464147466492,-111.336773425959,0.200000000000012));
#9569=CARTESIAN_POINT('Ctrl Pts',(137.464147466492,-111.336773425959,-2.79999999999999));
#9570=CARTESIAN_POINT('Ctrl Pts',(137.334303117106,-111.352492749222,0.200000000000012));
#9571=CARTESIAN_POINT('Ctrl Pts',(137.334303117106,-111.352492749222,-2.79999999999999));
#9572=CARTESIAN_POINT('Ctrl Pts',(137.112229013969,-111.37937766668,0.200000000000012));
#9573=CARTESIAN_POINT('Ctrl Pts',(137.112229013969,-111.37937766668,-2.79999999999999));
#9574=CARTESIAN_POINT('Ctrl Pts',(136.896748962787,-111.438920771675,0.200000000000012));
#9575=CARTESIAN_POINT('Ctrl Pts',(136.896748962787,-111.438920771675,-2.79999999999999));
#9576=CARTESIAN_POINT('Ctrl Pts',(136.807257789444,-111.463649660967,0.200000000000012));
#9577=CARTESIAN_POINT('Ctrl Pts',(136.807257789444,-111.463649660967,-2.79999999999999));
#9578=CARTESIAN_POINT('',(137.464147466492,-111.336773425959,1.18600764764628E-14));
#9579=CARTESIAN_POINT('Ctrl Pts',(137.464147466492,-111.336773425959,1.18600764764628E-14));
#9580=CARTESIAN_POINT('Ctrl Pts',(137.334303117106,-111.352492749222,1.19561283831357E-14));
#9581=CARTESIAN_POINT('Ctrl Pts',(137.112229013969,-111.37937766668,1.21204069242816E-14));
#9582=CARTESIAN_POINT('Ctrl Pts',(136.896748962787,-111.438920771675,1.2295974516235E-14));
#9583=CARTESIAN_POINT('Ctrl Pts',(136.807257789444,-111.463649660967,1.23688896186919E-14));
#9584=CARTESIAN_POINT('',(137.464147466492,-111.336773425959,-2.79999999999999));
#9585=CARTESIAN_POINT('',(137.464147466492,-111.336773425959,0.200000000000012));
#9586=CARTESIAN_POINT('Ctrl Pts',(137.464147466492,-111.336773425959,-2.79999999999999));
#9587=CARTESIAN_POINT('Ctrl Pts',(137.334303117106,-111.352492749222,-2.79999999999999));
#9588=CARTESIAN_POINT('Ctrl Pts',(137.112229013969,-111.37937766668,-2.79999999999999));
#9589=CARTESIAN_POINT('Ctrl Pts',(136.896748962787,-111.438920771675,-2.79999999999999));
#9590=CARTESIAN_POINT('Ctrl Pts',(136.807257789444,-111.463649660967,-2.79999999999999));
#9591=CARTESIAN_POINT('Ctrl Pts',(137.791568893265,-111.281521112345,0.200000000000012));
#9592=CARTESIAN_POINT('Ctrl Pts',(137.791568893265,-111.281521112345,-2.79999999999999));
#9593=CARTESIAN_POINT('Ctrl Pts',(137.746312627202,-111.291502905463,0.200000000000012));
#9594=CARTESIAN_POINT('Ctrl Pts',(137.746312627202,-111.291502905463,-2.79999999999999));
#9595=CARTESIAN_POINT('Ctrl Pts',(137.638120033974,-111.315366033744,0.200000000000012));
#9596=CARTESIAN_POINT('Ctrl Pts',(137.638120033974,-111.315366033744,-2.79999999999999));
#9597=CARTESIAN_POINT('Ctrl Pts',(137.528129605804,-111.328900398787,0.200000000000012));
#9598=CARTESIAN_POINT('Ctrl Pts',(137.528129605804,-111.328900398787,-2.79999999999999));
#9599=CARTESIAN_POINT('Ctrl Pts',(137.464147466492,-111.336773425959,0.200000000000012));
#9600=CARTESIAN_POINT('Ctrl Pts',(137.464147466492,-111.336773425959,-2.79999999999999));
#9601=CARTESIAN_POINT('',(137.791568893265,-111.281521112345,1.16103226784206E-14));
#9602=CARTESIAN_POINT('Ctrl Pts',(137.791568893265,-111.281521112345,1.16103226784206E-14));
#9603=CARTESIAN_POINT('Ctrl Pts',(137.746312627202,-111.291502905463,1.16459767684406E-14));
#9604=CARTESIAN_POINT('Ctrl Pts',(137.638120033974,-111.315366033744,1.17312137849127E-14));
#9605=CARTESIAN_POINT('Ctrl Pts',(137.528129605804,-111.328900398787,1.18126844578043E-14));
#9606=CARTESIAN_POINT('Ctrl Pts',(137.464147466492,-111.336773425959,1.18600764764628E-14));
#9607=CARTESIAN_POINT('',(137.791568893265,-111.281521112345,-2.79999999999999));
#9608=CARTESIAN_POINT('',(137.791568893265,-111.281521112345,0.200000000000012));
#9609=CARTESIAN_POINT('Ctrl Pts',(137.791568893265,-111.281521112345,-2.79999999999999));
#9610=CARTESIAN_POINT('Ctrl Pts',(137.746312627202,-111.291502905463,-2.79999999999999));
#9611=CARTESIAN_POINT('Ctrl Pts',(137.638120033974,-111.315366033744,-2.79999999999999));
#9612=CARTESIAN_POINT('Ctrl Pts',(137.528129605804,-111.328900398787,-2.79999999999999));
#9613=CARTESIAN_POINT('Ctrl Pts',(137.464147466492,-111.336773425959,-2.79999999999999));
#9614=CARTESIAN_POINT('Ctrl Pts',(138.057598728012,-111.160784751795,0.200000000000011));
#9615=CARTESIAN_POINT('Ctrl Pts',(138.057598728012,-111.160784751795,-2.79999999999999));
#9616=CARTESIAN_POINT('Ctrl Pts',(138.016436891229,-111.185879073066,0.200000000000011));
#9617=CARTESIAN_POINT('Ctrl Pts',(138.016436891229,-111.185879073066,-2.79999999999999));
#9618=CARTESIAN_POINT('Ctrl Pts',(137.932685865712,-111.236937900985,0.200000000000012));
#9619=CARTESIAN_POINT('Ctrl Pts',(137.932685865712,-111.236937900985,-2.79999999999999));
#9620=CARTESIAN_POINT('Ctrl Pts',(137.839139315785,-111.266492146198,0.200000000000012));
#9621=CARTESIAN_POINT('Ctrl Pts',(137.839139315785,-111.266492146198,-2.79999999999999));
#9622=CARTESIAN_POINT('Ctrl Pts',(137.791568893265,-111.281521112345,0.200000000000012));
#9623=CARTESIAN_POINT('Ctrl Pts',(137.791568893265,-111.281521112345,-2.79999999999999));
#9624=CARTESIAN_POINT('',(138.057598728012,-111.160784751795,1.13707481980838E-14));
#9625=CARTESIAN_POINT('Ctrl Pts',(138.057598728012,-111.160784751795,1.13707481980838E-14));
#9626=CARTESIAN_POINT('Ctrl Pts',(138.016436891229,-111.185879073066,1.14109157122622E-14));
#9627=CARTESIAN_POINT('Ctrl Pts',(137.932685865712,-111.236937900985,1.14926436176447E-14));
#9628=CARTESIAN_POINT('Ctrl Pts',(137.839139315785,-111.266492146198,1.15706531559223E-14));
#9629=CARTESIAN_POINT('Ctrl Pts',(137.791568893265,-111.281521112345,1.16103226784206E-14));
#9630=CARTESIAN_POINT('',(138.057598728012,-111.160784751795,-2.79999999999999));
#9631=CARTESIAN_POINT('',(138.057598728012,-111.160784751795,0.200000000000011));
#9632=CARTESIAN_POINT('Ctrl Pts',(138.057598728012,-111.160784751795,-2.79999999999999));
#9633=CARTESIAN_POINT('Ctrl Pts',(138.016436891229,-111.185879073066,-2.79999999999999));
#9634=CARTESIAN_POINT('Ctrl Pts',(137.932685865712,-111.236937900985,-2.79999999999999));
#9635=CARTESIAN_POINT('Ctrl Pts',(137.839139315785,-111.266492146198,-2.79999999999999));
#9636=CARTESIAN_POINT('Ctrl Pts',(137.791568893265,-111.281521112345,-2.79999999999999));
#9637=CARTESIAN_POINT('Ctrl Pts',(138.247912782501,-110.94796040716,0.200000000000011));
#9638=CARTESIAN_POINT('Ctrl Pts',(138.247912782501,-110.94796040716,-2.79999999999999));
#9639=CARTESIAN_POINT('Ctrl Pts',(138.221948493611,-110.989817326743,0.200000000000011));
#9640=CARTESIAN_POINT('Ctrl Pts',(138.221948493611,-110.989817326743,-2.79999999999999));
#9641=CARTESIAN_POINT('Ctrl Pts',(138.170989332047,-111.071968374154,0.200000000000011));
#9642=CARTESIAN_POINT('Ctrl Pts',(138.170989332047,-111.071968374154,-2.79999999999999));
#9643=CARTESIAN_POINT('Ctrl Pts',(138.094913187193,-111.131557152857,0.200000000000011));
#9644=CARTESIAN_POINT('Ctrl Pts',(138.094913187193,-111.131557152857,-2.79999999999999));
#9645=CARTESIAN_POINT('Ctrl Pts',(138.057598728012,-111.160784751795,0.200000000000011));
#9646=CARTESIAN_POINT('Ctrl Pts',(138.057598728012,-111.160784751795,-2.79999999999999));
#9647=CARTESIAN_POINT('',(138.247912782501,-110.94796040716,1.11382556824639E-14));
#9648=CARTESIAN_POINT('Ctrl Pts',(138.247912782501,-110.94796040716,1.11382556824639E-14));
#9649=CARTESIAN_POINT('Ctrl Pts',(138.221948493611,-110.989817326743,1.11761700145564E-14));
#9650=CARTESIAN_POINT('Ctrl Pts',(138.170989332047,-111.071968374154,1.12505830997436E-14));
#9651=CARTESIAN_POINT('Ctrl Pts',(138.094913187193,-111.131557152857,1.13312043946309E-14));
#9652=CARTESIAN_POINT('Ctrl Pts',(138.057598728012,-111.160784751795,1.13707481980838E-14));
#9653=CARTESIAN_POINT('',(138.247912782501,-110.94796040716,-2.79999999999999));
#9654=CARTESIAN_POINT('',(138.247912782501,-110.94796040716,0.200000000000011));
#9655=CARTESIAN_POINT('Ctrl Pts',(138.247912782501,-110.94796040716,-2.79999999999999));
#9656=CARTESIAN_POINT('Ctrl Pts',(138.221948493611,-110.989817326743,-2.79999999999999));
#9657=CARTESIAN_POINT('Ctrl Pts',(138.170989332047,-111.071968374154,-2.79999999999999));
#9658=CARTESIAN_POINT('Ctrl Pts',(138.094913187193,-111.131557152857,-2.79999999999999));
#9659=CARTESIAN_POINT('Ctrl Pts',(138.057598728012,-111.160784751795,-2.79999999999999));
#9660=CARTESIAN_POINT('Ctrl Pts',(138.319536107849,-110.657374054812,0.200000000000011));
#9661=CARTESIAN_POINT('Ctrl Pts',(138.319536107849,-110.657374054812,-2.79999999999999));
#9662=CARTESIAN_POINT('Ctrl Pts',(138.316767260171,-110.708989011278,0.200000000000011));
#9663=CARTESIAN_POINT('Ctrl Pts',(138.316767260171,-110.708989011278,-2.79999999999999));
#9664=CARTESIAN_POINT('Ctrl Pts',(138.311325093942,-110.810438135822,0.200000000000011));
#9665=CARTESIAN_POINT('Ctrl Pts',(138.311325093942,-110.810438135822,-2.79999999999999));
#9666=CARTESIAN_POINT('Ctrl Pts',(138.2688014063,-110.902659251523,0.200000000000011));
#9667=CARTESIAN_POINT('Ctrl Pts',(138.2688014063,-110.902659251523,-2.79999999999999));
#9668=CARTESIAN_POINT('Ctrl Pts',(138.247912782501,-110.94796040716,0.200000000000011));
#9669=CARTESIAN_POINT('Ctrl Pts',(138.247912782501,-110.94796040716,-2.79999999999999));
#9670=CARTESIAN_POINT('',(138.319536107849,-110.657374054812,1.09490442922457E-14));
#9671=CARTESIAN_POINT('Ctrl Pts',(138.319536107849,-110.657374054812,1.09490442922457E-14));
#9672=CARTESIAN_POINT('Ctrl Pts',(138.316767260171,-110.708989011278,1.0975872141791E-14));
#9673=CARTESIAN_POINT('Ctrl Pts',(138.311325093942,-110.810438135822,1.10286022423196E-14));
#9674=CARTESIAN_POINT('Ctrl Pts',(138.2688014063,-110.902659251523,1.11021347896089E-14));
#9675=CARTESIAN_POINT('Ctrl Pts',(138.247912782501,-110.94796040716,1.11382556824639E-14));
#9676=CARTESIAN_POINT('',(138.319536107849,-110.657374054812,-2.79999999999999));
#9677=CARTESIAN_POINT('',(138.319536107849,-110.657374054812,0.200000000000011));
#9678=CARTESIAN_POINT('Ctrl Pts',(138.319536107849,-110.657374054812,-2.79999999999999));
#9679=CARTESIAN_POINT('Ctrl Pts',(138.316767260171,-110.708989011278,-2.79999999999999));
#9680=CARTESIAN_POINT('Ctrl Pts',(138.311325093942,-110.810438135822,-2.79999999999999));
#9681=CARTESIAN_POINT('Ctrl Pts',(138.2688014063,-110.902659251523,-2.79999999999999));
#9682=CARTESIAN_POINT('Ctrl Pts',(138.247912782501,-110.94796040716,-2.79999999999999));
#9683=CARTESIAN_POINT('Ctrl Pts',(138.127176421951,-110.209215671442,0.200000000000011));
#9684=CARTESIAN_POINT('Ctrl Pts',(138.127176421951,-110.209215671442,-2.79999999999999));
#9685=CARTESIAN_POINT('Ctrl Pts',(138.183279404395,-110.272428957233,0.200000000000011));
#9686=CARTESIAN_POINT('Ctrl Pts',(138.183279404395,-110.272428957233,-2.79999999999999));
#9687=CARTESIAN_POINT('Ctrl Pts',(138.296874846863,-110.400421104112,0.200000000000011));
#9688=CARTESIAN_POINT('Ctrl Pts',(138.296874846863,-110.400421104112,-2.79999999999999));
#9689=CARTESIAN_POINT('Ctrl Pts',(138.311921006943,-110.5710274632,0.200000000000011));
#9690=CARTESIAN_POINT('Ctrl Pts',(138.311921006943,-110.5710274632,-2.79999999999999));
#9691=CARTESIAN_POINT('Ctrl Pts',(138.319536107849,-110.657374054812,0.200000000000011));
#9692=CARTESIAN_POINT('Ctrl Pts',(138.319536107849,-110.657374054812,-2.79999999999999));
#9693=CARTESIAN_POINT('',(138.127176421951,-110.209215671442,1.08635277218138E-14));
#9694=CARTESIAN_POINT('Ctrl Pts',(138.127176421951,-110.209215671442,1.08635277218138E-14));
#9695=CARTESIAN_POINT('Ctrl Pts',(138.183279404395,-110.272428957233,1.08558539589993E-14));
#9696=CARTESIAN_POINT('Ctrl Pts',(138.296874846863,-110.400421104112,1.0840316376217E-14));
#9697=CARTESIAN_POINT('Ctrl Pts',(138.311921006943,-110.5710274632,1.09125073109989E-14));
#9698=CARTESIAN_POINT('Ctrl Pts',(138.319536107849,-110.657374054812,1.09490442922457E-14));
#9699=CARTESIAN_POINT('',(138.127176421951,-110.209215671442,-2.79999999999999));
#9700=CARTESIAN_POINT('',(138.127176421951,-110.209215671442,0.200000000000011));
#9701=CARTESIAN_POINT('Ctrl Pts',(138.127176421951,-110.209215671442,-2.79999999999999));
#9702=CARTESIAN_POINT('Ctrl Pts',(138.183279404395,-110.272428957233,-2.79999999999999));
#9703=CARTESIAN_POINT('Ctrl Pts',(138.296874846863,-110.400421104112,-2.79999999999999));
#9704=CARTESIAN_POINT('Ctrl Pts',(138.311921006943,-110.5710274632,-2.79999999999999));
#9705=CARTESIAN_POINT('Ctrl Pts',(138.319536107849,-110.657374054812,-2.79999999999999));
#9706=CARTESIAN_POINT('Ctrl Pts',(137.576698917221,-110.035273224734,0.200000000000011));
#9707=CARTESIAN_POINT('Ctrl Pts',(137.576698917221,-110.035273224734,-2.79999999999999));
#9708=CARTESIAN_POINT('Ctrl Pts',(137.685663397097,-110.039585878829,0.200000000000011));
#9709=CARTESIAN_POINT('Ctrl Pts',(137.685663397097,-110.039585878829,-2.79999999999999));
#9710=CARTESIAN_POINT('Ctrl Pts',(137.885894562962,-110.047510734328,0.200000000000011));
#9711=CARTESIAN_POINT('Ctrl Pts',(137.885894562962,-110.047510734328,-2.79999999999999));
#9712=CARTESIAN_POINT('Ctrl Pts',(138.051632140856,-110.158586572035,0.200000000000011));
#9713=CARTESIAN_POINT('Ctrl Pts',(138.051632140856,-110.158586572035,-2.79999999999999));
#9714=CARTESIAN_POINT('Ctrl Pts',(138.127176421951,-110.209215671442,0.200000000000011));
#9715=CARTESIAN_POINT('Ctrl Pts',(138.127176421951,-110.209215671442,-2.79999999999999));
#9716=CARTESIAN_POINT('',(137.576698917221,-110.035273224734,1.11544852018287E-14));
#9717=CARTESIAN_POINT('Ctrl Pts',(137.576698917221,-110.035273224734,1.11544852018287E-14));
#9718=CARTESIAN_POINT('Ctrl Pts',(137.685663397097,-110.039585878829,1.10823375575441E-14));
#9719=CARTESIAN_POINT('Ctrl Pts',(137.885894562962,-110.047510734328,1.09497603411429E-14));
#9720=CARTESIAN_POINT('Ctrl Pts',(138.051632140856,-110.158586572035,1.08905267729304E-14));
#9721=CARTESIAN_POINT('Ctrl Pts',(138.127176421951,-110.209215671442,1.08635277218138E-14));
#9722=CARTESIAN_POINT('',(137.576698917221,-110.035273224734,-2.79999999999999));
#9723=CARTESIAN_POINT('',(137.576698917221,-110.035273224734,0.200000000000011));
#9724=CARTESIAN_POINT('Ctrl Pts',(137.576698917221,-110.035273224734,-2.79999999999999));
#9725=CARTESIAN_POINT('Ctrl Pts',(137.685663397097,-110.039585878829,-2.79999999999999));
#9726=CARTESIAN_POINT('Ctrl Pts',(137.885894562962,-110.047510734328,-2.79999999999999));
#9727=CARTESIAN_POINT('Ctrl Pts',(138.051632140856,-110.158586572035,-2.79999999999999));
#9728=CARTESIAN_POINT('Ctrl Pts',(138.127176421951,-110.209215671442,-2.79999999999999));
#9729=CARTESIAN_POINT('Ctrl Pts',(137.171514886688,-110.106896550082,0.200000000000012));
#9730=CARTESIAN_POINT('Ctrl Pts',(137.171514886688,-110.106896550082,-2.79999999999999));
#9731=CARTESIAN_POINT('Ctrl Pts',(137.236125481569,-110.086008522324,0.200000000000011));
#9732=CARTESIAN_POINT('Ctrl Pts',(137.236125481569,-110.086008522324,-2.79999999999999));
#9733=CARTESIAN_POINT('Ctrl Pts',(137.367845958565,-110.043424469587,0.200000000000011));
#9734=CARTESIAN_POINT('Ctrl Pts',(137.367845958565,-110.043424469587,-2.79999999999999));
#9735=CARTESIAN_POINT('Ctrl Pts',(137.506206174074,-110.038024459926,0.200000000000011));
#9736=CARTESIAN_POINT('Ctrl Pts',(137.506206174074,-110.038024459926,-2.79999999999999));
#9737=CARTESIAN_POINT('Ctrl Pts',(137.576698917221,-110.035273224734,0.200000000000011));
#9738=CARTESIAN_POINT('Ctrl Pts',(137.576698917221,-110.035273224734,-2.79999999999999));
#9739=CARTESIAN_POINT('',(137.171514886688,-110.106896550082,1.14651253369858E-14));
#9740=CARTESIAN_POINT('Ctrl Pts',(137.171514886688,-110.106896550082,1.14651253369858E-14));
#9741=CARTESIAN_POINT('Ctrl Pts',(137.236125481569,-110.086008522324,1.1411016028591E-14));
#9742=CARTESIAN_POINT('Ctrl Pts',(137.367845958565,-110.043424469587,1.13007043387947E-14));
#9743=CARTESIAN_POINT('Ctrl Pts',(137.506206174074,-110.038024459926,1.12038375723646E-14));
#9744=CARTESIAN_POINT('Ctrl Pts',(137.576698917221,-110.035273224734,1.11544852018287E-14));
#9745=CARTESIAN_POINT('',(137.171514886688,-110.106896550082,-2.79999999999999));
#9746=CARTESIAN_POINT('',(137.171514886688,-110.106896550082,0.200000000000012));
#9747=CARTESIAN_POINT('Ctrl Pts',(137.171514886688,-110.106896550082,-2.79999999999999));
#9748=CARTESIAN_POINT('Ctrl Pts',(137.236125481569,-110.086008522324,-2.79999999999999));
#9749=CARTESIAN_POINT('Ctrl Pts',(137.367845958565,-110.043424469587,-2.79999999999999));
#9750=CARTESIAN_POINT('Ctrl Pts',(137.506206174074,-110.038024459926,-2.79999999999999));
#9751=CARTESIAN_POINT('Ctrl Pts',(137.576698917221,-110.035273224734,-2.79999999999999));
#9752=CARTESIAN_POINT('Ctrl Pts',(136.776562589477,-110.352462918185,0.200000000000012));
#9753=CARTESIAN_POINT('Ctrl Pts',(136.776562589477,-110.352462918185,-2.79999999999999));
#9754=CARTESIAN_POINT('Ctrl Pts',(136.841590570872,-110.299762550589,0.200000000000012));
#9755=CARTESIAN_POINT('Ctrl Pts',(136.841590570872,-110.299762550589,-2.79999999999999));
#9756=CARTESIAN_POINT('Ctrl Pts',(136.963064817887,-110.201316661084,0.200000000000012));
#9757=CARTESIAN_POINT('Ctrl Pts',(136.963064817887,-110.201316661084,-2.79999999999999));
#9758=CARTESIAN_POINT('Ctrl Pts',(137.105382950702,-110.136851851955,0.200000000000012));
#9759=CARTESIAN_POINT('Ctrl Pts',(137.105382950702,-110.136851851955,-2.79999999999999));
#9760=CARTESIAN_POINT('Ctrl Pts',(137.171514886688,-110.106896550082,0.200000000000012));
#9761=CARTESIAN_POINT('Ctrl Pts',(137.171514886688,-110.106896550082,-2.79999999999999));
#9762=CARTESIAN_POINT('',(136.776562589477,-110.352462918185,1.18528485805421E-14));
#9763=CARTESIAN_POINT('Ctrl Pts',(136.776562589477,-110.352462918185,1.18528485805421E-14));
#9764=CARTESIAN_POINT('Ctrl Pts',(136.841590570872,-110.299762550589,1.17830824471437E-14));
#9765=CARTESIAN_POINT('Ctrl Pts',(136.963064817887,-110.201316661084,1.16527571844653E-14));
#9766=CARTESIAN_POINT('Ctrl Pts',(137.105382950702,-110.136851851955,1.15246525749953E-14));
#9767=CARTESIAN_POINT('Ctrl Pts',(137.171514886688,-110.106896550082,1.14651253369858E-14));
#9768=CARTESIAN_POINT('',(136.776562589477,-110.352462918185,-2.79999999999999));
#9769=CARTESIAN_POINT('',(136.776562589477,-110.352462918185,0.200000000000012));
#9770=CARTESIAN_POINT('Ctrl Pts',(136.776562589477,-110.352462918185,-2.79999999999999));
#9771=CARTESIAN_POINT('Ctrl Pts',(136.841590570872,-110.299762550589,-2.79999999999999));
#9772=CARTESIAN_POINT('Ctrl Pts',(136.963064817887,-110.201316661084,-2.79999999999999));
#9773=CARTESIAN_POINT('Ctrl Pts',(137.105382950702,-110.136851851955,-2.79999999999999));
#9774=CARTESIAN_POINT('Ctrl Pts',(137.171514886688,-110.106896550082,-2.79999999999999));
#9775=CARTESIAN_POINT('Ctrl Pts',(136.702892440628,-110.084386259936,0.200000000000012));
#9776=CARTESIAN_POINT('Ctrl Pts',(136.702892440628,-110.084386259936,-2.79999999999999));
#9777=CARTESIAN_POINT('Ctrl Pts',(136.72039753915,-110.125318209868,0.200000000000012));
#9778=CARTESIAN_POINT('Ctrl Pts',(136.72039753915,-110.125318209868,-2.79999999999999));
#9779=CARTESIAN_POINT('Ctrl Pts',(136.757155177448,-110.211268129459,0.200000000000012));
#9780=CARTESIAN_POINT('Ctrl Pts',(136.757155177448,-110.211268129459,-2.79999999999999));
#9781=CARTESIAN_POINT('Ctrl Pts',(136.769891623862,-110.303929626923,0.200000000000012));
#9782=CARTESIAN_POINT('Ctrl Pts',(136.769891623862,-110.303929626923,-2.79999999999999));
#9783=CARTESIAN_POINT('Ctrl Pts',(136.776562589477,-110.352462918185,0.200000000000012));
#9784=CARTESIAN_POINT('Ctrl Pts',(136.776562589477,-110.352462918185,-2.79999999999999));
#9785=CARTESIAN_POINT('Ctrl Pts',(136.702892440628,-110.084386259936,1.17734950267976E-14));
#9786=CARTESIAN_POINT('Ctrl Pts',(136.72039753915,-110.125318209868,1.17813490446752E-14));
#9787=CARTESIAN_POINT('Ctrl Pts',(136.757155177448,-110.211268129459,1.17978411070305E-14));
#9788=CARTESIAN_POINT('Ctrl Pts',(136.769891623862,-110.303929626923,1.18339407041207E-14));
#9789=CARTESIAN_POINT('Ctrl Pts',(136.776562589477,-110.352462918185,1.18528485805421E-14));
#9790=CARTESIAN_POINT('Ctrl Pts',(136.702892440628,-110.084386259936,-2.79999999999999));
#9791=CARTESIAN_POINT('Ctrl Pts',(136.72039753915,-110.125318209868,-2.79999999999999));
#9792=CARTESIAN_POINT('Ctrl Pts',(136.757155177448,-110.211268129459,-2.79999999999999));
#9793=CARTESIAN_POINT('Ctrl Pts',(136.769891623862,-110.303929626923,-2.79999999999999));
#9794=CARTESIAN_POINT('Ctrl Pts',(136.776562589477,-110.352462918185,-2.79999999999999));
#9795=CARTESIAN_POINT('Origin',(142.440954479646,-113.509011358641,-2.79999999999999));
#9796=CARTESIAN_POINT('Ctrl Pts',(141.335906642746,-111.183295041941,0.200000000000009));
#9797=CARTESIAN_POINT('Ctrl Pts',(141.335906642746,-111.183295041941,-2.79999999999999));
#9798=CARTESIAN_POINT('Ctrl Pts',(141.339901596371,-111.304967863324,0.200000000000009));
#9799=CARTESIAN_POINT('Ctrl Pts',(141.339901596371,-111.304967863324,-2.79999999999999));
#9800=CARTESIAN_POINT('Ctrl Pts',(141.347149646005,-111.525719023727,0.200000000000009));
#9801=CARTESIAN_POINT('Ctrl Pts',(141.347149646005,-111.525719023727,-2.79999999999999));
#9802=CARTESIAN_POINT('Ctrl Pts',(141.466509772538,-111.710281370971,0.200000000000009));
#9803=CARTESIAN_POINT('Ctrl Pts',(141.466509772538,-111.710281370971,-2.79999999999999));
#9804=CARTESIAN_POINT('Ctrl Pts',(141.520081418823,-111.793117315195,0.200000000000009));
#9805=CARTESIAN_POINT('Ctrl Pts',(141.520081418823,-111.793117315195,-2.79999999999999));
#9806=CARTESIAN_POINT('',(141.335906642746,-111.183295041941,9.14829133066699E-15));
#9807=CARTESIAN_POINT('',(141.520081418823,-111.793117315195,9.31750370224593E-15));
#9808=CARTESIAN_POINT('Ctrl Pts',(141.335906642746,-111.183295041941,9.14829133066699E-15));
#9809=CARTESIAN_POINT('Ctrl Pts',(141.339901596371,-111.304967863324,9.20436500276509E-15));
#9810=CARTESIAN_POINT('Ctrl Pts',(141.347149646005,-111.525719023727,9.30609954098449E-15));
#9811=CARTESIAN_POINT('Ctrl Pts',(141.466509772538,-111.710281370971,9.31397086348055E-15));
#9812=CARTESIAN_POINT('Ctrl Pts',(141.520081418823,-111.793117315195,9.31750370224593E-15));
#9813=CARTESIAN_POINT('',(141.335906642746,-111.183295041941,-2.79999999999999));
#9814=CARTESIAN_POINT('',(141.335906642746,-111.183295041941,0.200000000000009));
#9815=CARTESIAN_POINT('',(141.520081418823,-111.793117315195,-2.79999999999999));
#9816=CARTESIAN_POINT('Ctrl Pts',(141.335906642746,-111.183295041941,-2.79999999999999));
#9817=CARTESIAN_POINT('Ctrl Pts',(141.339901596371,-111.304967863324,-2.79999999999999));
#9818=CARTESIAN_POINT('Ctrl Pts',(141.347149646005,-111.525719023727,-2.79999999999999));
#9819=CARTESIAN_POINT('Ctrl Pts',(141.466509772538,-111.710281370971,-2.79999999999999));
#9820=CARTESIAN_POINT('Ctrl Pts',(141.520081418823,-111.793117315195,-2.79999999999999));
#9821=CARTESIAN_POINT('',(141.520081418823,-111.793117315195,0.200000000000009));
#9822=CARTESIAN_POINT('Ctrl Pts',(141.520081418823,-111.793117315195,0.200000000000009));
#9823=CARTESIAN_POINT('Ctrl Pts',(141.520081418823,-111.793117315195,-2.79999999999999));
#9824=CARTESIAN_POINT('Ctrl Pts',(141.584310496712,-111.853996901899,0.200000000000009));
#9825=CARTESIAN_POINT('Ctrl Pts',(141.584310496712,-111.853996901899,-2.79999999999999));
#9826=CARTESIAN_POINT('Ctrl Pts',(141.712121145617,-111.975142335361,0.200000000000009));
#9827=CARTESIAN_POINT('Ctrl Pts',(141.712121145617,-111.975142335361,-2.79999999999999));
#9828=CARTESIAN_POINT('Ctrl Pts',(141.887255122766,-111.992976634733,0.200000000000009));
#9829=CARTESIAN_POINT('Ctrl Pts',(141.887255122766,-111.992976634733,-2.79999999999999));
#9830=CARTESIAN_POINT('Ctrl Pts',(141.974378484558,-112.001848608874,0.200000000000009));
#9831=CARTESIAN_POINT('Ctrl Pts',(141.974378484558,-112.001848608874,-2.79999999999999));
#9832=CARTESIAN_POINT('',(141.974378484558,-112.001848608874,9.10887956591935E-15));
#9833=CARTESIAN_POINT('Ctrl Pts',(141.520081418823,-111.793117315195,9.31750370224593E-15));
#9834=CARTESIAN_POINT('Ctrl Pts',(141.584310496712,-111.853996901899,9.30316636680418E-15));
#9835=CARTESIAN_POINT('Ctrl Pts',(141.712121145617,-111.975142335361,9.27463623332503E-15));
#9836=CARTESIAN_POINT('Ctrl Pts',(141.887255122766,-111.992976634733,9.16394486349172E-15));
#9837=CARTESIAN_POINT('Ctrl Pts',(141.974378484558,-112.001848608874,9.10887956591935E-15));
#9838=CARTESIAN_POINT('',(141.974378484558,-112.001848608874,-2.79999999999999));
#9839=CARTESIAN_POINT('Ctrl Pts',(141.520081418823,-111.793117315195,-2.79999999999999));
#9840=CARTESIAN_POINT('Ctrl Pts',(141.584310496712,-111.853996901899,-2.79999999999999));
#9841=CARTESIAN_POINT('Ctrl Pts',(141.712121145617,-111.975142335361,-2.79999999999999));
#9842=CARTESIAN_POINT('Ctrl Pts',(141.887255122766,-111.992976634733,-2.79999999999999));
#9843=CARTESIAN_POINT('Ctrl Pts',(141.974378484558,-112.001848608874,-2.79999999999999));
#9844=CARTESIAN_POINT('',(141.974378484558,-112.001848608874,0.200000000000009));
#9845=CARTESIAN_POINT('Ctrl Pts',(141.974378484558,-112.001848608874,0.200000000000009));
#9846=CARTESIAN_POINT('Ctrl Pts',(141.974378484558,-112.001848608874,-2.79999999999999));
#9847=CARTESIAN_POINT('Ctrl Pts',(142.062518837429,-111.993264789188,0.200000000000009));
#9848=CARTESIAN_POINT('Ctrl Pts',(142.062518837429,-111.993264789188,-2.79999999999999));
#9849=CARTESIAN_POINT('Ctrl Pts',(142.2386567574,-111.97611105545,0.200000000000009));
#9850=CARTESIAN_POINT('Ctrl Pts',(142.2386567574,-111.97611105545,-2.79999999999999));
#9851=CARTESIAN_POINT('Ctrl Pts',(142.368100028287,-111.855447172321,0.200000000000009));
#9852=CARTESIAN_POINT('Ctrl Pts',(142.368100028287,-111.855447172321,-2.79999999999999));
#9853=CARTESIAN_POINT('Ctrl Pts',(142.432769197296,-111.795164138697,0.200000000000009));
#9854=CARTESIAN_POINT('Ctrl Pts',(142.432769197296,-111.795164138697,-2.79999999999999));
#9855=CARTESIAN_POINT('',(142.432769197296,-111.795164138697,8.69672781358203E-15));
#9856=CARTESIAN_POINT('Ctrl Pts',(141.974378484558,-112.001848608874,9.10887956591935E-15));
#9857=CARTESIAN_POINT('Ctrl Pts',(142.062518837429,-111.993264789188,9.04468639232601E-15));
#9858=CARTESIAN_POINT('Ctrl Pts',(142.2386567574,-111.97611105545,8.91640403001412E-15));
#9859=CARTESIAN_POINT('Ctrl Pts',(142.368100028287,-111.855447172321,8.76991363570981E-15));
#9860=CARTESIAN_POINT('Ctrl Pts',(142.432769197296,-111.795164138697,8.69672781358203E-15));
#9861=CARTESIAN_POINT('',(142.432769197296,-111.795164138697,-2.79999999999999));
#9862=CARTESIAN_POINT('Ctrl Pts',(141.974378484558,-112.001848608874,-2.79999999999999));
#9863=CARTESIAN_POINT('Ctrl Pts',(142.062518837429,-111.993264789188,-2.79999999999999));
#9864=CARTESIAN_POINT('Ctrl Pts',(142.2386567574,-111.97611105545,-2.79999999999999));
#9865=CARTESIAN_POINT('Ctrl Pts',(142.368100028287,-111.855447172321,-2.79999999999999));
#9866=CARTESIAN_POINT('Ctrl Pts',(142.432769197296,-111.795164138697,-2.79999999999999));
#9867=CARTESIAN_POINT('',(142.432769197296,-111.795164138697,0.200000000000009));
#9868=CARTESIAN_POINT('Ctrl Pts',(142.432769197296,-111.795164138697,0.200000000000009));
#9869=CARTESIAN_POINT('Ctrl Pts',(142.432769197296,-111.795164138697,-2.79999999999999));
#9870=CARTESIAN_POINT('Ctrl Pts',(142.485716673948,-111.711034421309,0.200000000000009));
#9871=CARTESIAN_POINT('Ctrl Pts',(142.485716673948,-111.711034421309,-2.79999999999999));
#9872=CARTESIAN_POINT('Ctrl Pts',(142.605058573646,-111.521408759631,0.200000000000008));
#9873=CARTESIAN_POINT('Ctrl Pts',(142.605058573646,-111.521408759631,-2.79999999999999));
#9874=CARTESIAN_POINT('Ctrl Pts',(142.61138019324,-111.296269815013,0.200000000000008));
#9875=CARTESIAN_POINT('Ctrl Pts',(142.61138019324,-111.296269815013,-2.79999999999999));
#9876=CARTESIAN_POINT('Ctrl Pts',(142.614897149872,-111.171016485117,0.200000000000008));
#9877=CARTESIAN_POINT('Ctrl Pts',(142.614897149872,-111.171016485117,-2.79999999999999));
#9878=CARTESIAN_POINT('',(142.614897149872,-111.171016485117,8.27105078555392E-15));
#9879=CARTESIAN_POINT('Ctrl Pts',(142.432769197296,-111.795164138697,8.69672781358203E-15));
#9880=CARTESIAN_POINT('Ctrl Pts',(142.485716673948,-111.711034421309,8.6200040613922E-15));
#9881=CARTESIAN_POINT('Ctrl Pts',(142.605058573646,-111.521408759631,8.44707120512593E-15));
#9882=CARTESIAN_POINT('Ctrl Pts',(142.61138019324,-111.296269815013,8.33397210278102E-15));
#9883=CARTESIAN_POINT('Ctrl Pts',(142.614897149872,-111.171016485117,8.27105078555392E-15));
#9884=CARTESIAN_POINT('',(142.614897149872,-111.171016485117,-2.79999999999999));
#9885=CARTESIAN_POINT('Ctrl Pts',(142.432769197296,-111.795164138697,-2.79999999999999));
#9886=CARTESIAN_POINT('Ctrl Pts',(142.485716673948,-111.711034421309,-2.79999999999999));
#9887=CARTESIAN_POINT('Ctrl Pts',(142.605058573646,-111.521408759631,-2.79999999999999));
#9888=CARTESIAN_POINT('Ctrl Pts',(142.61138019324,-111.296269815013,-2.79999999999999));
#9889=CARTESIAN_POINT('Ctrl Pts',(142.614897149872,-111.171016485117,-2.79999999999999));
#9890=CARTESIAN_POINT('',(142.614897149872,-111.171016485117,0.200000000000008));
#9891=CARTESIAN_POINT('Ctrl Pts',(141.241773027252,-112.012080640219,0.20000000000001));
#9892=CARTESIAN_POINT('Ctrl Pts',(141.241773027252,-112.012080640219,-2.79999999999999));
#9893=CARTESIAN_POINT('Ctrl Pts',(141.158906434562,-111.900079798543,0.20000000000001));
#9894=CARTESIAN_POINT('Ctrl Pts',(141.158906434562,-111.900079798543,-2.79999999999999));
#9895=CARTESIAN_POINT('Ctrl Pts',(140.981431919791,-111.660208767466,0.20000000000001));
#9896=CARTESIAN_POINT('Ctrl Pts',(140.981431919791,-111.660208767466,-2.79999999999999));
#9897=CARTESIAN_POINT('Ctrl Pts',(140.965707639548,-111.361139697157,0.20000000000001));
#9898=CARTESIAN_POINT('Ctrl Pts',(140.965707639548,-111.361139697157,-2.79999999999999));
#9899=CARTESIAN_POINT('Ctrl Pts',(140.957325357269,-111.20171228113,0.200000000000009));
#9900=CARTESIAN_POINT('Ctrl Pts',(140.957325357269,-111.20171228113,-2.79999999999999));
#9901=CARTESIAN_POINT('',(141.241773027252,-112.012080640219,9.6129085146883E-15));
#9902=CARTESIAN_POINT('',(140.957325357269,-111.20171228113,9.41509799056844E-15));
#9903=CARTESIAN_POINT('Ctrl Pts',(141.241773027252,-112.012080640219,9.6129085146883E-15));
#9904=CARTESIAN_POINT('Ctrl Pts',(141.158906434562,-111.900079798543,9.61523956755712E-15));
#9905=CARTESIAN_POINT('Ctrl Pts',(140.981431919791,-111.660208767466,9.62023196651334E-15));
#9906=CARTESIAN_POINT('Ctrl Pts',(140.965707639548,-111.361139697157,9.4864267384543E-15));
#9907=CARTESIAN_POINT('Ctrl Pts',(140.957325357269,-111.20171228113,9.41509799056844E-15));
#9908=CARTESIAN_POINT('',(141.241773027252,-112.012080640219,-2.79999999999999));
#9909=CARTESIAN_POINT('',(141.241773027252,-112.012080640219,0.20000000000001));
#9910=CARTESIAN_POINT('',(140.957325357269,-111.20171228113,-2.79999999999999));
#9911=CARTESIAN_POINT('Ctrl Pts',(141.241773027252,-112.012080640219,-2.79999999999999));
#9912=CARTESIAN_POINT('Ctrl Pts',(141.158906434562,-111.900079798543,-2.79999999999999));
#9913=CARTESIAN_POINT('Ctrl Pts',(140.981431919791,-111.660208767466,-2.79999999999999));
#9914=CARTESIAN_POINT('Ctrl Pts',(140.965707639548,-111.361139697157,-2.79999999999999));
#9915=CARTESIAN_POINT('Ctrl Pts',(140.957325357269,-111.20171228113,-2.79999999999999));
#9916=CARTESIAN_POINT('',(140.957325357269,-111.20171228113,0.200000000000009));
#9917=CARTESIAN_POINT('Ctrl Pts',(140.957325357269,-111.20171228113,0.200000000000009));
#9918=CARTESIAN_POINT('Ctrl Pts',(140.957325357269,-111.20171228113,-2.79999999999999));
#9919=CARTESIAN_POINT('Ctrl Pts',(140.959837693525,-111.075054907392,0.200000000000009));
#9920=CARTESIAN_POINT('Ctrl Pts',(140.959837693525,-111.075054907392,-2.79999999999999));
#9921=CARTESIAN_POINT('Ctrl Pts',(140.96436208285,-110.846961526884,0.200000000000009));
#9922=CARTESIAN_POINT('Ctrl Pts',(140.96436208285,-110.846961526884,-2.79999999999999));
#9923=CARTESIAN_POINT('Ctrl Pts',(141.047312496012,-110.634994543493,0.200000000000009));
#9924=CARTESIAN_POINT('Ctrl Pts',(141.047312496012,-110.634994543493,-2.79999999999999));
#9925=CARTESIAN_POINT('Ctrl Pts',(141.084201592277,-110.540730149172,0.200000000000009));
#9926=CARTESIAN_POINT('Ctrl Pts',(141.084201592277,-110.540730149172,-2.79999999999999));
#9927=CARTESIAN_POINT('',(141.084201592277,-110.540730149172,9.009261675354E-15));
#9928=CARTESIAN_POINT('Ctrl Pts',(140.957325357269,-111.20171228113,9.41509799056844E-15));
#9929=CARTESIAN_POINT('Ctrl Pts',(140.959837693525,-111.075054907392,9.35218260009043E-15));
#9930=CARTESIAN_POINT('Ctrl Pts',(140.96436208285,-110.846961526884,9.23888020156637E-15));
#9931=CARTESIAN_POINT('Ctrl Pts',(141.047312496012,-110.634994543493,9.07994303860525E-15));
#9932=CARTESIAN_POINT('Ctrl Pts',(141.084201592277,-110.540730149172,9.009261675354E-15));
#9933=CARTESIAN_POINT('',(141.084201592277,-110.540730149172,-2.79999999999999));
#9934=CARTESIAN_POINT('Ctrl Pts',(140.957325357269,-111.20171228113,-2.79999999999999));
#9935=CARTESIAN_POINT('Ctrl Pts',(140.959837693525,-111.075054907392,-2.79999999999999));
#9936=CARTESIAN_POINT('Ctrl Pts',(140.96436208285,-110.846961526884,-2.79999999999999));
#9937=CARTESIAN_POINT('Ctrl Pts',(141.047312496012,-110.634994543493,-2.79999999999999));
#9938=CARTESIAN_POINT('Ctrl Pts',(141.084201592277,-110.540730149172,-2.79999999999999));
#9939=CARTESIAN_POINT('',(141.084201592277,-110.540730149172,0.200000000000009));
#9940=CARTESIAN_POINT('Ctrl Pts',(141.084201592277,-110.540730149172,0.200000000000009));
#9941=CARTESIAN_POINT('Ctrl Pts',(141.084201592277,-110.540730149172,-2.79999999999999));
#9942=CARTESIAN_POINT('Ctrl Pts',(141.130892471138,-110.46523355693,0.200000000000009));
#9943=CARTESIAN_POINT('Ctrl Pts',(141.130892471138,-110.46523355693,-2.79999999999999));
#9944=CARTESIAN_POINT('Ctrl Pts',(141.224794713826,-110.313398776781,0.200000000000009));
#9945=CARTESIAN_POINT('Ctrl Pts',(141.224794713826,-110.313398776781,-2.79999999999999));
#9946=CARTESIAN_POINT('Ctrl Pts',(141.37499028197,-110.216836762881,0.200000000000009));
#9947=CARTESIAN_POINT('Ctrl Pts',(141.37499028197,-110.216836762881,-2.79999999999999));
#9948=CARTESIAN_POINT('Ctrl Pts',(141.45050432093,-110.168288142107,0.200000000000009));
#9949=CARTESIAN_POINT('Ctrl Pts',(141.45050432093,-110.168288142107,-2.79999999999999));
#9950=CARTESIAN_POINT('',(141.45050432093,-110.168288142107,8.57974649206052E-15));
#9951=CARTESIAN_POINT('Ctrl Pts',(141.084201592277,-110.540730149172,9.009261675354E-15));
#9952=CARTESIAN_POINT('Ctrl Pts',(141.130892471138,-110.46523355693,8.94097193940782E-15));
#9953=CARTESIAN_POINT('Ctrl Pts',(141.224794713826,-110.313398776781,8.80363120492593E-15));
#9954=CARTESIAN_POINT('Ctrl Pts',(141.37499028197,-110.216836762881,8.65464999195339E-15));
#9955=CARTESIAN_POINT('Ctrl Pts',(141.45050432093,-110.168288142107,8.57974649206052E-15));
#9956=CARTESIAN_POINT('',(141.45050432093,-110.168288142107,-2.79999999999999));
#9957=CARTESIAN_POINT('Ctrl Pts',(141.084201592277,-110.540730149172,-2.79999999999999));
#9958=CARTESIAN_POINT('Ctrl Pts',(141.130892471138,-110.46523355693,-2.79999999999999));
#9959=CARTESIAN_POINT('Ctrl Pts',(141.224794713826,-110.313398776781,-2.79999999999999));
#9960=CARTESIAN_POINT('Ctrl Pts',(141.37499028197,-110.216836762881,-2.79999999999999));
#9961=CARTESIAN_POINT('Ctrl Pts',(141.45050432093,-110.168288142107,-2.79999999999999));
#9962=CARTESIAN_POINT('',(141.45050432093,-110.168288142107,0.200000000000009));
#9963=CARTESIAN_POINT('Ctrl Pts',(141.45050432093,-110.168288142107,0.200000000000009));
#9964=CARTESIAN_POINT('Ctrl Pts',(141.45050432093,-110.168288142107,-2.79999999999999));
#9965=CARTESIAN_POINT('Ctrl Pts',(141.532650551494,-110.129493352092,0.200000000000009));
#9966=CARTESIAN_POINT('Ctrl Pts',(141.532650551494,-110.129493352092,-2.79999999999999));
#9967=CARTESIAN_POINT('Ctrl Pts',(141.698588687623,-110.051126577348,0.200000000000008));
#9968=CARTESIAN_POINT('Ctrl Pts',(141.698588687623,-110.051126577348,-2.79999999999999));
#9969=CARTESIAN_POINT('Ctrl Pts',(141.881842750916,-110.040592499163,0.200000000000008));
#9970=CARTESIAN_POINT('Ctrl Pts',(141.881842750916,-110.040592499163,-2.79999999999999));
#9971=CARTESIAN_POINT('Ctrl Pts',(141.974378484558,-110.035273224734,0.200000000000008));
#9972=CARTESIAN_POINT('Ctrl Pts',(141.974378484558,-110.035273224734,-2.79999999999999));
#9973=CARTESIAN_POINT('',(141.974378484558,-110.035273224734,8.15858328523753E-15));
#9974=CARTESIAN_POINT('Ctrl Pts',(141.45050432093,-110.168288142107,8.57974649206052E-15));
#9975=CARTESIAN_POINT('Ctrl Pts',(141.532650551494,-110.129493352092,8.50503812407414E-15));
#9976=CARTESIAN_POINT('Ctrl Pts',(141.698588687623,-110.051126577348,8.35412472058826E-15));
#9977=CARTESIAN_POINT('Ctrl Pts',(141.881842750916,-110.040592499163,8.22419329514309E-15));
#9978=CARTESIAN_POINT('Ctrl Pts',(141.974378484558,-110.035273224734,8.15858328523753E-15));
#9979=CARTESIAN_POINT('',(141.974378484558,-110.035273224734,-2.79999999999999));
#9980=CARTESIAN_POINT('Ctrl Pts',(141.45050432093,-110.168288142107,-2.79999999999999));
#9981=CARTESIAN_POINT('Ctrl Pts',(141.532650551494,-110.129493352092,-2.79999999999999));
#9982=CARTESIAN_POINT('Ctrl Pts',(141.698588687623,-110.051126577348,-2.79999999999999));
#9983=CARTESIAN_POINT('Ctrl Pts',(141.881842750916,-110.040592499163,-2.79999999999999));
#9984=CARTESIAN_POINT('Ctrl Pts',(141.974378484558,-110.035273224734,-2.79999999999999));
#9985=CARTESIAN_POINT('',(141.974378484558,-110.035273224734,0.200000000000008));
#9986=CARTESIAN_POINT('Ctrl Pts',(141.518035191368,-110.546869427584,0.200000000000009));
#9987=CARTESIAN_POINT('Ctrl Pts',(141.518035191368,-110.546869427584,-2.79999999999999));
#9988=CARTESIAN_POINT('Ctrl Pts',(141.465101479849,-110.632404824712,0.200000000000009));
#9989=CARTESIAN_POINT('Ctrl Pts',(141.465101479849,-110.632404824712,-2.79999999999999));
#9990=CARTESIAN_POINT('Ctrl Pts',(141.345153043632,-110.826229078333,0.200000000000009));
#9991=CARTESIAN_POINT('Ctrl Pts',(141.345153043632,-110.826229078333,-2.79999999999999));
#9992=CARTESIAN_POINT('Ctrl Pts',(141.339220905335,-111.05530898772,0.200000000000009));
#9993=CARTESIAN_POINT('Ctrl Pts',(141.339220905335,-111.05530898772,-2.79999999999999));
#9994=CARTESIAN_POINT('Ctrl Pts',(141.335906642746,-111.183295041941,0.200000000000009));
#9995=CARTESIAN_POINT('Ctrl Pts',(141.335906642746,-111.183295041941,-2.79999999999999));
#9996=CARTESIAN_POINT('',(141.518035191368,-110.546869427584,8.7166808864742E-15));
#9997=CARTESIAN_POINT('Ctrl Pts',(141.518035191368,-110.546869427584,8.7166808864742E-15));
#9998=CARTESIAN_POINT('Ctrl Pts',(141.465101479849,-110.632404824712,8.7940745226113E-15));
#9999=CARTESIAN_POINT('Ctrl Pts',(141.345153043632,-110.826229078333,8.9694494393846E-15));
#10000=CARTESIAN_POINT('Ctrl Pts',(141.339220905335,-111.05530898772,9.08418757943377E-15));
#10001=CARTESIAN_POINT('Ctrl Pts',(141.335906642746,-111.183295041941,9.14829133066699E-15));
#10002=CARTESIAN_POINT('',(141.518035191368,-110.546869427584,-2.79999999999999));
#10003=CARTESIAN_POINT('',(141.518035191368,-110.546869427584,0.200000000000009));
#10004=CARTESIAN_POINT('Ctrl Pts',(141.518035191368,-110.546869427584,-2.79999999999999));
#10005=CARTESIAN_POINT('Ctrl Pts',(141.465101479849,-110.632404824712,-2.79999999999999));
#10006=CARTESIAN_POINT('Ctrl Pts',(141.345153043632,-110.826229078333,-2.79999999999999));
#10007=CARTESIAN_POINT('Ctrl Pts',(141.339220905335,-111.05530898772,-2.79999999999999));
#10008=CARTESIAN_POINT('Ctrl Pts',(141.335906642746,-111.183295041941,-2.79999999999999));
#10009=CARTESIAN_POINT('Ctrl Pts',(141.974378484558,-110.338138133906,0.200000000000008));
#10010=CARTESIAN_POINT('Ctrl Pts',(141.974378484558,-110.338138133906,-2.79999999999999));
#10011=CARTESIAN_POINT('Ctrl Pts',(141.886722299051,-110.346936241165,0.200000000000008));
#10012=CARTESIAN_POINT('Ctrl Pts',(141.886722299051,-110.346936241165,-2.79999999999999));
#10013=CARTESIAN_POINT('Ctrl Pts',(141.710897000193,-110.364583938579,0.200000000000009));
#10014=CARTESIAN_POINT('Ctrl Pts',(141.710897000193,-110.364583938579,-2.79999999999999));
#10015=CARTESIAN_POINT('Ctrl Pts',(141.582447367902,-110.485989540742,0.200000000000009));
#10016=CARTESIAN_POINT('Ctrl Pts',(141.582447367902,-110.485989540742,-2.79999999999999));
#10017=CARTESIAN_POINT('Ctrl Pts',(141.518035191368,-110.546869427584,0.200000000000009));
#10018=CARTESIAN_POINT('Ctrl Pts',(141.518035191368,-110.546869427584,-2.79999999999999));
#10019=CARTESIAN_POINT('',(141.974378484558,-110.338138133906,8.30493485795554E-15));
#10020=CARTESIAN_POINT('Ctrl Pts',(141.974378484558,-110.338138133906,8.30493485795554E-15));
#10021=CARTESIAN_POINT('Ctrl Pts',(141.886722299051,-110.346936241165,8.36890174802051E-15));
#10022=CARTESIAN_POINT('Ctrl Pts',(141.710897000193,-110.364583938579,8.49720982737764E-15));
#10023=CARTESIAN_POINT('Ctrl Pts',(141.582447367902,-110.485989540742,8.64338172819479E-15));
#10024=CARTESIAN_POINT('Ctrl Pts',(141.518035191368,-110.546869427584,8.7166808864742E-15));
#10025=CARTESIAN_POINT('',(141.974378484558,-110.338138133906,-2.79999999999999));
#10026=CARTESIAN_POINT('',(141.974378484558,-110.338138133906,0.200000000000008));
#10027=CARTESIAN_POINT('Ctrl Pts',(141.974378484558,-110.338138133906,-2.79999999999999));
#10028=CARTESIAN_POINT('Ctrl Pts',(141.886722299051,-110.346936241165,-2.79999999999999));
#10029=CARTESIAN_POINT('Ctrl Pts',(141.710897000193,-110.364583938579,-2.79999999999999));
#10030=CARTESIAN_POINT('Ctrl Pts',(141.582447367902,-110.485989540742,-2.79999999999999));
#10031=CARTESIAN_POINT('Ctrl Pts',(141.518035191368,-110.546869427584,-2.79999999999999));
#10032=CARTESIAN_POINT('Ctrl Pts',(142.432769197296,-110.544822604082,0.200000000000008));
#10033=CARTESIAN_POINT('Ctrl Pts',(142.432769197296,-110.544822604082,-2.79999999999999));
#10034=CARTESIAN_POINT('Ctrl Pts',(142.368100006987,-110.484539719402,0.200000000000008));
#10035=CARTESIAN_POINT('Ctrl Pts',(142.368100006987,-110.484539719402,-2.79999999999999));
#10036=CARTESIAN_POINT('Ctrl Pts',(142.23865663336,-110.363876078374,0.200000000000008));
#10037=CARTESIAN_POINT('Ctrl Pts',(142.23865663336,-110.363876078374,-2.79999999999999));
#10038=CARTESIAN_POINT('Ctrl Pts',(142.062518823293,-110.346722086662,0.200000000000008));
#10039=CARTESIAN_POINT('Ctrl Pts',(142.062518823293,-110.346722086662,-2.79999999999999));
#10040=CARTESIAN_POINT('Ctrl Pts',(141.974378484558,-110.338138133906,0.200000000000008));
#10041=CARTESIAN_POINT('Ctrl Pts',(141.974378484558,-110.338138133906,-2.79999999999999));
#10042=CARTESIAN_POINT('',(142.432769197296,-110.544822604082,8.09253286783024E-15));
#10043=CARTESIAN_POINT('Ctrl Pts',(142.432769197296,-110.544822604082,8.09253286783024E-15));
#10044=CARTESIAN_POINT('Ctrl Pts',(142.368100006987,-110.484539719402,8.10745837004654E-15));
#10045=CARTESIAN_POINT('Ctrl Pts',(142.23865663336,-110.363876078374,8.13733359846338E-15));
#10046=CARTESIAN_POINT('Ctrl Pts',(142.062518823293,-110.346722086662,8.24903756971535E-15));
#10047=CARTESIAN_POINT('Ctrl Pts',(141.974378484558,-110.338138133906,8.30493485795554E-15));
#10048=CARTESIAN_POINT('',(142.432769197296,-110.544822604082,-2.79999999999999));
#10049=CARTESIAN_POINT('',(142.432769197296,-110.544822604082,0.200000000000008));
#10050=CARTESIAN_POINT('Ctrl Pts',(142.432769197296,-110.544822604082,-2.79999999999999));
#10051=CARTESIAN_POINT('Ctrl Pts',(142.368100006987,-110.484539719402,-2.79999999999999));
#10052=CARTESIAN_POINT('Ctrl Pts',(142.23865663336,-110.363876078374,-2.79999999999999));
#10053=CARTESIAN_POINT('Ctrl Pts',(142.062518823293,-110.346722086662,-2.79999999999999));
#10054=CARTESIAN_POINT('Ctrl Pts',(141.974378484558,-110.338138133906,-2.79999999999999));
#10055=CARTESIAN_POINT('Ctrl Pts',(142.614897149872,-111.171016485117,0.200000000000008));
#10056=CARTESIAN_POINT('Ctrl Pts',(142.614897149872,-111.171016485117,-2.79999999999999));
#10057=CARTESIAN_POINT('Ctrl Pts',(142.611312053998,-111.045630548809,0.200000000000008));
#10058=CARTESIAN_POINT('Ctrl Pts',(142.611312053998,-111.045630548809,-2.79999999999999));
#10059=CARTESIAN_POINT('Ctrl Pts',(142.604858668001,-110.819928399061,0.200000000000008));
#10060=CARTESIAN_POINT('Ctrl Pts',(142.604858668001,-110.819928399061,-2.79999999999999));
#10061=CARTESIAN_POINT('Ctrl Pts',(142.485721319088,-110.629472963583,0.200000000000008));
#10062=CARTESIAN_POINT('Ctrl Pts',(142.485721319088,-110.629472963583,-2.79999999999999));
#10063=CARTESIAN_POINT('Ctrl Pts',(142.432769197296,-110.544822604082,0.200000000000008));
#10064=CARTESIAN_POINT('Ctrl Pts',(142.432769197296,-110.544822604082,-2.79999999999999));
#10065=CARTESIAN_POINT('Ctrl Pts',(142.614897149872,-111.171016485117,8.27105078555392E-15));
#10066=CARTESIAN_POINT('Ctrl Pts',(142.611312053998,-111.045630548809,8.21290363222204E-15));
#10067=CARTESIAN_POINT('Ctrl Pts',(142.604858668001,-110.819928399061,8.10823529530098E-15));
#10068=CARTESIAN_POINT('Ctrl Pts',(142.485721319088,-110.629472963583,8.09736452077803E-15));
#10069=CARTESIAN_POINT('Ctrl Pts',(142.432769197296,-110.544822604082,8.09253286783024E-15));
#10070=CARTESIAN_POINT('Ctrl Pts',(142.614897149872,-111.171016485117,-2.79999999999999));
#10071=CARTESIAN_POINT('Ctrl Pts',(142.611312053998,-111.045630548809,-2.79999999999999));
#10072=CARTESIAN_POINT('Ctrl Pts',(142.604858668001,-110.819928399061,-2.79999999999999));
#10073=CARTESIAN_POINT('Ctrl Pts',(142.485721319088,-110.629472963583,-2.79999999999999));
#10074=CARTESIAN_POINT('Ctrl Pts',(142.432769197296,-110.544822604082,-2.79999999999999));
#10075=CARTESIAN_POINT('Ctrl Pts',(141.974378484558,-110.035273224734,0.200000000000008));
#10076=CARTESIAN_POINT('Ctrl Pts',(141.974378484558,-110.035273224734,-2.79999999999999));
#10077=CARTESIAN_POINT('Ctrl Pts',(142.117597690102,-110.045801801937,0.200000000000008));
#10078=CARTESIAN_POINT('Ctrl Pts',(142.117597690102,-110.045801801937,-2.79999999999999));
#10079=CARTESIAN_POINT('Ctrl Pts',(142.395022454658,-110.066196329616,0.200000000000008));
#10080=CARTESIAN_POINT('Ctrl Pts',(142.395022454658,-110.066196329616,-2.79999999999999));
#10081=CARTESIAN_POINT('Ctrl Pts',(142.609411896621,-110.242579567937,0.200000000000008));
#10082=CARTESIAN_POINT('Ctrl Pts',(142.609411896621,-110.242579567937,-2.79999999999999));
#10083=CARTESIAN_POINT('Ctrl Pts',(142.713123816322,-110.327905804537,0.200000000000008));
#10084=CARTESIAN_POINT('Ctrl Pts',(142.713123816322,-110.327905804537,-2.79999999999999));
#10085=CARTESIAN_POINT('',(142.713123816322,-110.327905804537,7.79672299744961E-15));
#10086=CARTESIAN_POINT('Ctrl Pts',(141.974378484558,-110.035273224734,8.15858328523753E-15));
#10087=CARTESIAN_POINT('Ctrl Pts',(142.117597690102,-110.045801801937,8.06610342982702E-15));
#10088=CARTESIAN_POINT('Ctrl Pts',(142.395022454658,-110.066196329616,7.8869640182219E-15));
#10089=CARTESIAN_POINT('Ctrl Pts',(142.609411896621,-110.242579567937,7.82614465792117E-15));
#10090=CARTESIAN_POINT('Ctrl Pts',(142.713123816322,-110.327905804537,7.79672299744961E-15));
#10091=CARTESIAN_POINT('',(142.713123816322,-110.327905804537,-2.79999999999999));
#10092=CARTESIAN_POINT('Ctrl Pts',(141.974378484558,-110.035273224734,-2.79999999999999));
#10093=CARTESIAN_POINT('Ctrl Pts',(142.117597690102,-110.045801801937,-2.79999999999999));
#10094=CARTESIAN_POINT('Ctrl Pts',(142.395022454658,-110.066196329616,-2.79999999999999));
#10095=CARTESIAN_POINT('Ctrl Pts',(142.609411896621,-110.242579567937,-2.79999999999999));
#10096=CARTESIAN_POINT('Ctrl Pts',(142.713123816322,-110.327905804537,-2.79999999999999));
#10097=CARTESIAN_POINT('',(142.713123816322,-110.327905804537,0.200000000000008));
#10098=CARTESIAN_POINT('Ctrl Pts',(141.974378484558,-112.306760043524,0.200000000000009));
#10099=CARTESIAN_POINT('Ctrl Pts',(141.974378484558,-112.306760043524,-2.79999999999999));
#10100=CARTESIAN_POINT('Ctrl Pts',(141.833089808246,-112.295778018079,0.200000000000009));
#10101=CARTESIAN_POINT('Ctrl Pts',(141.833089808246,-112.295778018079,-2.79999999999999));
#10102=CARTESIAN_POINT('Ctrl Pts',(141.557512328202,-112.274358050275,0.20000000000001));
#10103=CARTESIAN_POINT('Ctrl Pts',(141.557512328202,-112.274358050275,-2.79999999999999));
#10104=CARTESIAN_POINT('Ctrl Pts',(141.345222017067,-112.09801334812,0.20000000000001));
#10105=CARTESIAN_POINT('Ctrl Pts',(141.345222017067,-112.09801334812,-2.79999999999999));
#10106=CARTESIAN_POINT('Ctrl Pts',(141.241773027252,-112.012080640219,0.20000000000001));
#10107=CARTESIAN_POINT('Ctrl Pts',(141.241773027252,-112.012080640219,-2.79999999999999));
#10108=CARTESIAN_POINT('',(141.974378484558,-112.306760043524,9.25622006614688E-15));
#10109=CARTESIAN_POINT('Ctrl Pts',(141.974378484558,-112.306760043524,9.25622006614688E-15));
#10110=CARTESIAN_POINT('Ctrl Pts',(141.833089808246,-112.295778018079,9.34716564214182E-15));
#10111=CARTESIAN_POINT('Ctrl Pts',(141.557512328202,-112.274358050275,9.52455107929656E-15));
#10112=CARTESIAN_POINT('Ctrl Pts',(141.345222017067,-112.09801334812,9.58395903786171E-15));
#10113=CARTESIAN_POINT('Ctrl Pts',(141.241773027252,-112.012080640219,9.6129085146883E-15));
#10114=CARTESIAN_POINT('',(141.974378484558,-112.306760043524,-2.79999999999999));
#10115=CARTESIAN_POINT('',(141.974378484558,-112.306760043524,0.200000000000009));
#10116=CARTESIAN_POINT('Ctrl Pts',(141.974378484558,-112.306760043524,-2.79999999999999));
#10117=CARTESIAN_POINT('Ctrl Pts',(141.833089808246,-112.295778018079,-2.79999999999999));
#10118=CARTESIAN_POINT('Ctrl Pts',(141.557512328202,-112.274358050275,-2.79999999999999));
#10119=CARTESIAN_POINT('Ctrl Pts',(141.345222017067,-112.09801334812,-2.79999999999999));
#10120=CARTESIAN_POINT('Ctrl Pts',(141.241773027252,-112.012080640219,-2.79999999999999));
#10121=CARTESIAN_POINT('Ctrl Pts',(142.657871502708,-112.065286726378,0.200000000000009));
#10122=CARTESIAN_POINT('Ctrl Pts',(142.657871502708,-112.065286726378,-2.79999999999999));
#10123=CARTESIAN_POINT('Ctrl Pts',(142.557788051494,-112.135705604193,0.200000000000009));
#10124=CARTESIAN_POINT('Ctrl Pts',(142.557788051494,-112.135705604193,-2.79999999999999));
#10125=CARTESIAN_POINT('Ctrl Pts',(142.352791308143,-112.279941643692,0.200000000000009));
#10126=CARTESIAN_POINT('Ctrl Pts',(142.352791308143,-112.279941643692,-2.79999999999999));
#10127=CARTESIAN_POINT('Ctrl Pts',(142.102481903496,-112.297681258412,0.200000000000009));
#10128=CARTESIAN_POINT('Ctrl Pts',(142.102481903496,-112.297681258412,-2.79999999999999));
#10129=CARTESIAN_POINT('Ctrl Pts',(141.974378484558,-112.306760043524,0.200000000000009));
#10130=CARTESIAN_POINT('Ctrl Pts',(141.974378484558,-112.306760043524,-2.79999999999999));
#10131=CARTESIAN_POINT('',(142.657871502708,-112.065286726378,8.67390745144534E-15));
#10132=CARTESIAN_POINT('Ctrl Pts',(142.657871502708,-112.065286726378,8.67390745144534E-15));
#10133=CARTESIAN_POINT('Ctrl Pts',(142.557788051494,-112.135705604193,8.77611699399559E-15));
#10134=CARTESIAN_POINT('Ctrl Pts',(142.352791308143,-112.279941643692,8.98546852813743E-15));
#10135=CARTESIAN_POINT('Ctrl Pts',(142.102481903496,-112.297681258412,9.16456302797119E-15));
#10136=CARTESIAN_POINT('Ctrl Pts',(141.974378484558,-112.306760043524,9.25622006614688E-15));
#10137=CARTESIAN_POINT('',(142.657871502708,-112.065286726378,-2.79999999999999));
#10138=CARTESIAN_POINT('',(142.657871502708,-112.065286726378,0.200000000000009));
#10139=CARTESIAN_POINT('Ctrl Pts',(142.657871502708,-112.065286726378,-2.79999999999999));
#10140=CARTESIAN_POINT('Ctrl Pts',(142.557788051494,-112.135705604193,-2.79999999999999));
#10141=CARTESIAN_POINT('Ctrl Pts',(142.352791308143,-112.279941643692,-2.79999999999999));
#10142=CARTESIAN_POINT('Ctrl Pts',(142.102481903496,-112.297681258412,-2.79999999999999));
#10143=CARTESIAN_POINT('Ctrl Pts',(141.974378484558,-112.306760043524,-2.79999999999999));
#10144=CARTESIAN_POINT('Ctrl Pts',(142.993478435348,-111.171016485117,0.200000000000008));
#10145=CARTESIAN_POINT('Ctrl Pts',(142.993478435348,-111.171016485117,-2.79999999999999));
#10146=CARTESIAN_POINT('Ctrl Pts',(142.985083960115,-111.353938303314,0.200000000000008));
#10147=CARTESIAN_POINT('Ctrl Pts',(142.985083960115,-111.353938303314,-2.79999999999999));
#10148=CARTESIAN_POINT('Ctrl Pts',(142.969644086881,-111.690384549925,0.200000000000008));
#10149=CARTESIAN_POINT('Ctrl Pts',(142.969644086881,-111.690384549925,-2.79999999999999));
#10150=CARTESIAN_POINT('Ctrl Pts',(142.75556042619,-111.947817160779,0.200000000000009));
#10151=CARTESIAN_POINT('Ctrl Pts',(142.75556042619,-111.947817160779,-2.79999999999999));
#10152=CARTESIAN_POINT('Ctrl Pts',(142.657871502708,-112.065286726378,0.200000000000009));
#10153=CARTESIAN_POINT('Ctrl Pts',(142.657871502708,-112.065286726378,-2.79999999999999));
#10154=CARTESIAN_POINT('',(142.993478435348,-111.171016485117,8.01314377013474E-15));
#10155=CARTESIAN_POINT('Ctrl Pts',(142.993478435348,-111.171016485117,8.01314377013474E-15));
#10156=CARTESIAN_POINT('Ctrl Pts',(142.985083960115,-111.353938303314,8.1072546726848E-15));
#10157=CARTESIAN_POINT('Ctrl Pts',(142.969644086881,-111.690384549925,8.28035190214649E-15));
#10158=CARTESIAN_POINT('Ctrl Pts',(142.75556042619,-111.947817160779,8.55059315243606E-15));
#10159=CARTESIAN_POINT('Ctrl Pts',(142.657871502708,-112.065286726378,8.67390745144534E-15));
#10160=CARTESIAN_POINT('',(142.993478435348,-111.171016485117,-2.79999999999999));
#10161=CARTESIAN_POINT('',(142.993478435348,-111.171016485117,0.200000000000008));
#10162=CARTESIAN_POINT('Ctrl Pts',(142.993478435348,-111.171016485117,-2.79999999999999));
#10163=CARTESIAN_POINT('Ctrl Pts',(142.985083960115,-111.353938303314,-2.79999999999999));
#10164=CARTESIAN_POINT('Ctrl Pts',(142.969644086881,-111.690384549925,-2.79999999999999));
#10165=CARTESIAN_POINT('Ctrl Pts',(142.75556042619,-111.947817160779,-2.79999999999999));
#10166=CARTESIAN_POINT('Ctrl Pts',(142.657871502708,-112.065286726378,-2.79999999999999));
#10167=CARTESIAN_POINT('Ctrl Pts',(142.713123816322,-110.327905804537,0.200000000000008));
#10168=CARTESIAN_POINT('Ctrl Pts',(142.713123816322,-110.327905804537,-2.79999999999999));
#10169=CARTESIAN_POINT('Ctrl Pts',(142.794739367319,-110.44288963627,0.200000000000008));
#10170=CARTESIAN_POINT('Ctrl Pts',(142.794739367319,-110.44288963627,-2.79999999999999));
#10171=CARTESIAN_POINT('Ctrl Pts',(142.973065244251,-110.694123529519,0.200000000000008));
#10172=CARTESIAN_POINT('Ctrl Pts',(142.973065244251,-110.694123529519,-2.79999999999999));
#10173=CARTESIAN_POINT('Ctrl Pts',(142.986300593508,-111.003327749266,0.200000000000008));
#10174=CARTESIAN_POINT('Ctrl Pts',(142.986300593508,-111.003327749266,-2.79999999999999));
#10175=CARTESIAN_POINT('Ctrl Pts',(142.993478435348,-111.171016485117,0.200000000000008));
#10176=CARTESIAN_POINT('Ctrl Pts',(142.993478435348,-111.171016485117,-2.79999999999999));
#10177=CARTESIAN_POINT('Ctrl Pts',(142.713123816322,-110.327905804537,7.79672299744961E-15));
#10178=CARTESIAN_POINT('Ctrl Pts',(142.794739367319,-110.44288963627,7.79668566678857E-15));
#10179=CARTESIAN_POINT('Ctrl Pts',(142.973065244251,-110.694123529519,7.79660409023656E-15));
#10180=CARTESIAN_POINT('Ctrl Pts',(142.986300593508,-111.003327749266,7.93700243995011E-15));
#10181=CARTESIAN_POINT('Ctrl Pts',(142.993478435348,-111.171016485117,8.01314377013474E-15));
#10182=CARTESIAN_POINT('Ctrl Pts',(142.713123816322,-110.327905804537,-2.79999999999999));
#10183=CARTESIAN_POINT('Ctrl Pts',(142.794739367319,-110.44288963627,-2.79999999999999));
#10184=CARTESIAN_POINT('Ctrl Pts',(142.973065244251,-110.694123529519,-2.79999999999999));
#10185=CARTESIAN_POINT('Ctrl Pts',(142.986300593508,-111.003327749266,-2.79999999999999));
#10186=CARTESIAN_POINT('Ctrl Pts',(142.993478435348,-111.171016485117,-2.79999999999999));
#10187=CARTESIAN_POINT('Origin',(142.440954479646,-113.509011358641,-2.79999999999999));
#10188=CARTESIAN_POINT('Ctrl Pts',(145.46960439093,-112.306760043524,0.200000000000007));
#10189=CARTESIAN_POINT('Ctrl Pts',(145.46960439093,-112.306760043524,-2.79999999999999));
#10190=CARTESIAN_POINT('Ctrl Pts',(145.359340902171,-112.301077326668,0.200000000000007));
#10191=CARTESIAN_POINT('Ctrl Pts',(145.359340902171,-112.301077326668,-2.79999999999999));
#10192=CARTESIAN_POINT('Ctrl Pts',(145.150455286946,-112.290311860964,0.200000000000007));
#10193=CARTESIAN_POINT('Ctrl Pts',(145.150455286946,-112.290311860964,-2.79999999999999));
#10194=CARTESIAN_POINT('Ctrl Pts',(144.973855966993,-112.179157933517,0.200000000000007));
#10195=CARTESIAN_POINT('Ctrl Pts',(144.973855966993,-112.179157933517,-2.79999999999999));
#10196=CARTESIAN_POINT('Ctrl Pts',(144.890477317642,-112.126678318404,0.200000000000007));
#10197=CARTESIAN_POINT('Ctrl Pts',(144.890477317642,-112.126678318404,-2.79999999999999));
#10198=CARTESIAN_POINT('',(145.46960439093,-112.306760043524,6.87511115665432E-15));
#10199=CARTESIAN_POINT('',(144.890477317642,-112.126678318404,7.18261940403256E-15));
#10200=CARTESIAN_POINT('Ctrl Pts',(145.46960439093,-112.306760043524,6.87511115665432E-15));
#10201=CARTESIAN_POINT('Ctrl Pts',(145.359340902171,-112.301077326668,6.94748170129856E-15));
#10202=CARTESIAN_POINT('Ctrl Pts',(145.150455286946,-112.290311860964,7.08458207363806E-15));
#10203=CARTESIAN_POINT('Ctrl Pts',(144.973855966993,-112.179157933517,7.151177433497E-15));
#10204=CARTESIAN_POINT('Ctrl Pts',(144.890477317642,-112.126678318404,7.18261940403256E-15));
#10205=CARTESIAN_POINT('',(145.46960439093,-112.306760043524,-2.79999999999999));
#10206=CARTESIAN_POINT('',(145.46960439093,-112.306760043524,0.200000000000007));
#10207=CARTESIAN_POINT('',(144.890477317642,-112.126678318404,-2.79999999999999));
#10208=CARTESIAN_POINT('Ctrl Pts',(145.46960439093,-112.306760043524,-2.79999999999999));
#10209=CARTESIAN_POINT('Ctrl Pts',(145.359340902171,-112.301077326668,-2.79999999999999));
#10210=CARTESIAN_POINT('Ctrl Pts',(145.150455286946,-112.290311860964,-2.79999999999999));
#10211=CARTESIAN_POINT('Ctrl Pts',(144.973855966993,-112.179157933517,-2.79999999999999));
#10212=CARTESIAN_POINT('Ctrl Pts',(144.890477317642,-112.126678318404,-2.79999999999999));
#10213=CARTESIAN_POINT('',(144.890477317642,-112.126678318404,0.200000000000007));
#10214=CARTESIAN_POINT('Ctrl Pts',(144.890477317642,-112.126678318404,0.200000000000007));
#10215=CARTESIAN_POINT('Ctrl Pts',(144.890477317642,-112.126678318404,-2.79999999999999));
#10216=CARTESIAN_POINT('Ctrl Pts',(144.821787113392,-112.05884149078,0.200000000000007));
#10217=CARTESIAN_POINT('Ctrl Pts',(144.821787113392,-112.05884149078,-2.79999999999999));
#10218=CARTESIAN_POINT('Ctrl Pts',(144.678255990156,-111.917093534549,0.200000000000007));
#10219=CARTESIAN_POINT('Ctrl Pts',(144.678255990156,-111.917093534549,-2.79999999999999));
#10220=CARTESIAN_POINT('Ctrl Pts',(144.628093329202,-111.721278171291,0.200000000000007));
#10221=CARTESIAN_POINT('Ctrl Pts',(144.628093329202,-111.721278171291,-2.79999999999999));
#10222=CARTESIAN_POINT('Ctrl Pts',(144.601937192749,-111.619174868487,0.200000000000007));
#10223=CARTESIAN_POINT('Ctrl Pts',(144.601937192749,-111.619174868487,-2.79999999999999));
#10224=CARTESIAN_POINT('',(144.601937192749,-111.619174868487,7.13394841939038E-15));
#10225=CARTESIAN_POINT('Ctrl Pts',(144.890477317642,-112.126678318404,7.18261940403256E-15));
#10226=CARTESIAN_POINT('Ctrl Pts',(144.821787113392,-112.05884149078,7.19663395705567E-15));
#10227=CARTESIAN_POINT('Ctrl Pts',(144.678255990156,-111.917093534549,7.22591796640149E-15));
#10228=CARTESIAN_POINT('Ctrl Pts',(144.628093329202,-111.721278171291,7.16546840960131E-15));
#10229=CARTESIAN_POINT('Ctrl Pts',(144.601937192749,-111.619174868487,7.13394841939038E-15));
#10230=CARTESIAN_POINT('',(144.601937192749,-111.619174868487,-2.79999999999999));
#10231=CARTESIAN_POINT('Ctrl Pts',(144.890477317642,-112.126678318404,-2.79999999999999));
#10232=CARTESIAN_POINT('Ctrl Pts',(144.821787113392,-112.05884149078,-2.79999999999999));
#10233=CARTESIAN_POINT('Ctrl Pts',(144.678255990156,-111.917093534549,-2.79999999999999));
#10234=CARTESIAN_POINT('Ctrl Pts',(144.628093329202,-111.721278171291,-2.79999999999999));
#10235=CARTESIAN_POINT('Ctrl Pts',(144.601937192749,-111.619174868487,-2.79999999999999));
#10236=CARTESIAN_POINT('',(144.601937192749,-111.619174868487,0.200000000000007));
#10237=CARTESIAN_POINT('Origin',(144.601937192749,-111.619174868487,0.200000000000007));
#10238=CARTESIAN_POINT('',(144.960054415535,-111.563922554873,6.86328322662916E-15));
#10239=CARTESIAN_POINT('',(140.79169708476,-112.207039869095,4.93038065763132E-31));
#10240=CARTESIAN_POINT('',(144.960054415535,-111.563922554873,-2.79999999999999));
#10241=CARTESIAN_POINT('',(144.601937192749,-111.619174868487,-2.79999999999999));
#10242=CARTESIAN_POINT('',(144.960054415535,-111.563922554873,0.200000000000007));
#10243=CARTESIAN_POINT('Ctrl Pts',(144.960054415535,-111.563922554873,0.200000000000007));
#10244=CARTESIAN_POINT('Ctrl Pts',(144.960054415535,-111.563922554873,-2.79999999999999));
#10245=CARTESIAN_POINT('Ctrl Pts',(144.978630970164,-111.63078675203,0.200000000000007));
#10246=CARTESIAN_POINT('Ctrl Pts',(144.978630970164,-111.63078675203,-2.79999999999999));
#10247=CARTESIAN_POINT('Ctrl Pts',(145.013261059103,-111.75543382145,0.200000000000007));
#10248=CARTESIAN_POINT('Ctrl Pts',(145.013261059103,-111.75543382145,-2.79999999999999));
#10249=CARTESIAN_POINT('Ctrl Pts',(145.101348231092,-111.849693893398,0.200000000000007));
#10250=CARTESIAN_POINT('Ctrl Pts',(145.101348231092,-111.849693893398,-2.79999999999999));
#10251=CARTESIAN_POINT('Ctrl Pts',(145.142182964157,-111.893390209101,0.200000000000007));
#10252=CARTESIAN_POINT('Ctrl Pts',(145.142182964157,-111.893390209101,-2.79999999999999));
#10253=CARTESIAN_POINT('',(145.142182964157,-111.893390209101,6.89841552284693E-15));
#10254=CARTESIAN_POINT('Ctrl Pts',(144.960054415535,-111.563922554873,6.86328322662916E-15));
#10255=CARTESIAN_POINT('Ctrl Pts',(144.978630970164,-111.63078675203,6.88293840283144E-15));
#10256=CARTESIAN_POINT('Ctrl Pts',(145.013261059103,-111.75543382145,6.91957923660412E-15));
#10257=CARTESIAN_POINT('Ctrl Pts',(145.101348231092,-111.849693893398,6.9051189200848E-15));
#10258=CARTESIAN_POINT('Ctrl Pts',(145.142182964157,-111.893390209101,6.89841552284693E-15));
#10259=CARTESIAN_POINT('',(145.142182964157,-111.893390209101,-2.79999999999999));
#10260=CARTESIAN_POINT('Ctrl Pts',(144.960054415535,-111.563922554873,-2.79999999999999));
#10261=CARTESIAN_POINT('Ctrl Pts',(144.978630970164,-111.63078675203,-2.79999999999999));
#10262=CARTESIAN_POINT('Ctrl Pts',(145.013261059103,-111.75543382145,-2.79999999999999));
#10263=CARTESIAN_POINT('Ctrl Pts',(145.101348231092,-111.849693893398,-2.79999999999999));
#10264=CARTESIAN_POINT('Ctrl Pts',(145.142182964157,-111.893390209101,-2.79999999999999));
#10265=CARTESIAN_POINT('',(145.142182964157,-111.893390209101,0.200000000000007));
#10266=CARTESIAN_POINT('Ctrl Pts',(145.142182964157,-111.893390209101,0.200000000000007));
#10267=CARTESIAN_POINT('Ctrl Pts',(145.142182964157,-111.893390209101,-2.79999999999999));
#10268=CARTESIAN_POINT('Ctrl Pts',(145.18811652829,-111.925616363321,0.200000000000007));
#10269=CARTESIAN_POINT('Ctrl Pts',(145.18811652829,-111.925616363321,-2.79999999999999));
#10270=CARTESIAN_POINT('Ctrl Pts',(145.282080510867,-111.991539786658,0.200000000000007));
#10271=CARTESIAN_POINT('Ctrl Pts',(145.282080510867,-111.991539786658,-2.79999999999999));
#10272=CARTESIAN_POINT('Ctrl Pts',(145.396694021692,-111.999715867314,0.200000000000007));
#10273=CARTESIAN_POINT('Ctrl Pts',(145.396694021692,-111.999715867314,-2.79999999999999));
#10274=CARTESIAN_POINT('Ctrl Pts',(145.455279606651,-112.003895134352,0.200000000000007));
#10275=CARTESIAN_POINT('Ctrl Pts',(145.455279606651,-112.003895134352,-2.79999999999999));
#10276=CARTESIAN_POINT('',(145.455279606651,-112.003895134352,6.73851829270784E-15));
#10277=CARTESIAN_POINT('Ctrl Pts',(145.142182964157,-111.893390209101,6.89841552284693E-15));
#10278=CARTESIAN_POINT('Ctrl Pts',(145.18811652829,-111.925616363321,6.88269591069896E-15));
#10279=CARTESIAN_POINT('Ctrl Pts',(145.282080510867,-111.991539786658,6.85053909481394E-15));
#10280=CARTESIAN_POINT('Ctrl Pts',(145.396694021692,-111.999715867314,6.77640996832331E-15));
#10281=CARTESIAN_POINT('Ctrl Pts',(145.455279606651,-112.003895134352,6.73851829270784E-15));
#10282=CARTESIAN_POINT('',(145.455279606651,-112.003895134352,-2.79999999999999));
#10283=CARTESIAN_POINT('Ctrl Pts',(145.142182964157,-111.893390209101,-2.79999999999999));
#10284=CARTESIAN_POINT('Ctrl Pts',(145.18811652829,-111.925616363321,-2.79999999999999));
#10285=CARTESIAN_POINT('Ctrl Pts',(145.282080510867,-111.991539786658,-2.79999999999999));
#10286=CARTESIAN_POINT('Ctrl Pts',(145.396694021692,-111.999715867314,-2.79999999999999));
#10287=CARTESIAN_POINT('Ctrl Pts',(145.455279606651,-112.003895134352,-2.79999999999999));
#10288=CARTESIAN_POINT('',(145.455279606651,-112.003895134352,0.200000000000007));
#10289=CARTESIAN_POINT('Ctrl Pts',(145.455279606651,-112.003895134352,0.200000000000007));
#10290=CARTESIAN_POINT('Ctrl Pts',(145.455279606651,-112.003895134352,-2.79999999999999));
#10291=CARTESIAN_POINT('Ctrl Pts',(145.543295125836,-111.996001650498,0.200000000000007));
#10292=CARTESIAN_POINT('Ctrl Pts',(145.543295125836,-111.996001650498,-2.79999999999999));
#10293=CARTESIAN_POINT('Ctrl Pts',(145.716971673227,-111.980425840285,0.200000000000007));
#10294=CARTESIAN_POINT('Ctrl Pts',(145.716971673227,-111.980425840285,-2.79999999999999));
#10295=CARTESIAN_POINT('Ctrl Pts',(145.844587540185,-111.86183915948,0.200000000000006));
#10296=CARTESIAN_POINT('Ctrl Pts',(145.844587540185,-111.86183915948,-2.79999999999999));
#10297=CARTESIAN_POINT('Ctrl Pts',(145.907530444931,-111.803349644564,0.200000000000006));
#10298=CARTESIAN_POINT('Ctrl Pts',(145.907530444931,-111.803349644564,-2.79999999999999));
#10299=CARTESIAN_POINT('',(145.907530444931,-111.803349644564,6.33351580450218E-15));
#10300=CARTESIAN_POINT('Ctrl Pts',(145.455279606651,-112.003895134352,6.73851829270784E-15));
#10301=CARTESIAN_POINT('Ctrl Pts',(145.543295125836,-111.996001650498,6.6747437428148E-15));
#10302=CARTESIAN_POINT('Ctrl Pts',(145.716971673227,-111.980425840285,6.54890067409079E-15));
#10303=CARTESIAN_POINT('Ctrl Pts',(145.844587540185,-111.86183915948,6.40465894546629E-15));
#10304=CARTESIAN_POINT('Ctrl Pts',(145.907530444931,-111.803349644564,6.33351580450218E-15));
#10305=CARTESIAN_POINT('',(145.907530444931,-111.803349644564,-2.79999999999999));
#10306=CARTESIAN_POINT('Ctrl Pts',(145.455279606651,-112.003895134352,-2.79999999999999));
#10307=CARTESIAN_POINT('Ctrl Pts',(145.543295125836,-111.996001650498,-2.79999999999999));
#10308=CARTESIAN_POINT('Ctrl Pts',(145.716971673227,-111.980425840285,-2.79999999999999));
#10309=CARTESIAN_POINT('Ctrl Pts',(145.844587540185,-111.86183915948,-2.79999999999999));
#10310=CARTESIAN_POINT('Ctrl Pts',(145.907530444931,-111.803349644564,-2.79999999999999));
#10311=CARTESIAN_POINT('',(145.907530444931,-111.803349644564,0.200000000000006));
#10312=CARTESIAN_POINT('Ctrl Pts',(145.907530444931,-111.803349644564,0.200000000000006));
#10313=CARTESIAN_POINT('Ctrl Pts',(145.907530444931,-111.803349644564,-2.79999999999999));
#10314=CARTESIAN_POINT('Ctrl Pts',(145.958039259891,-111.719860923827,0.200000000000006));
#10315=CARTESIAN_POINT('Ctrl Pts',(145.958039259891,-111.719860923827,-2.79999999999999));
#10316=CARTESIAN_POINT('Ctrl Pts',(146.074475299137,-111.527397569225,0.200000000000006));
#10317=CARTESIAN_POINT('Ctrl Pts',(146.074475299137,-111.527397569225,-2.79999999999999));
#10318=CARTESIAN_POINT('Ctrl Pts',(146.078943340782,-111.301160406781,0.200000000000006));
#10319=CARTESIAN_POINT('Ctrl Pts',(146.078943340782,-111.301160406781,-2.79999999999999));
#10320=CARTESIAN_POINT('Ctrl Pts',(146.081473189663,-111.173062712572,0.200000000000006));
#10321=CARTESIAN_POINT('Ctrl Pts',(146.081473189663,-111.173062712572,-2.79999999999999));
#10322=CARTESIAN_POINT('',(146.081473189663,-111.173062712572,5.91044827074478E-15));
#10323=CARTESIAN_POINT('Ctrl Pts',(145.907530444931,-111.803349644564,6.33351580450218E-15));
#10324=CARTESIAN_POINT('Ctrl Pts',(145.958039259891,-111.719860923827,6.25876312445039E-15));
#10325=CARTESIAN_POINT('Ctrl Pts',(146.074475299137,-111.527397569225,6.08643863470923E-15));
#10326=CARTESIAN_POINT('Ctrl Pts',(146.078943340782,-111.301160406781,5.97407159134233E-15));
#10327=CARTESIAN_POINT('Ctrl Pts',(146.081473189663,-111.173062712572,5.91044827074478E-15));
#10328=CARTESIAN_POINT('',(146.081473189663,-111.173062712572,-2.79999999999999));
#10329=CARTESIAN_POINT('Ctrl Pts',(145.907530444931,-111.803349644564,-2.79999999999999));
#10330=CARTESIAN_POINT('Ctrl Pts',(145.958039259891,-111.719860923827,-2.79999999999999));
#10331=CARTESIAN_POINT('Ctrl Pts',(146.074475299137,-111.527397569225,-2.79999999999999));
#10332=CARTESIAN_POINT('Ctrl Pts',(146.078943340782,-111.301160406781,-2.79999999999999));
#10333=CARTESIAN_POINT('Ctrl Pts',(146.081473189663,-111.173062712572,-2.79999999999999));
#10334=CARTESIAN_POINT('',(146.081473189663,-111.173062712572,0.200000000000006));
#10335=CARTESIAN_POINT('Ctrl Pts',(146.081473189663,-111.173062712572,0.200000000000006));
#10336=CARTESIAN_POINT('Ctrl Pts',(146.081473189663,-111.173062712572,-2.79999999999999));
#10337=CARTESIAN_POINT('Ctrl Pts',(146.079322326704,-111.043612658869,0.200000000000006));
#10338=CARTESIAN_POINT('Ctrl Pts',(146.079322326704,-111.043612658869,-2.79999999999999));
#10339=CARTESIAN_POINT('Ctrl Pts',(146.07554651547,-110.81636481638,0.200000000000006));
#10340=CARTESIAN_POINT('Ctrl Pts',(146.07554651547,-110.81636481638,-2.79999999999999));
#10341=CARTESIAN_POINT('Ctrl Pts',(145.962374246039,-110.620799903885,0.200000000000006));
#10342=CARTESIAN_POINT('Ctrl Pts',(145.962374246039,-110.620799903885,-2.79999999999999));
#10343=CARTESIAN_POINT('Ctrl Pts',(145.913669723343,-110.536637098215,0.200000000000006));
#10344=CARTESIAN_POINT('Ctrl Pts',(145.913669723343,-110.536637098215,-2.79999999999999));
#10345=CARTESIAN_POINT('',(145.913669723343,-110.536637098215,5.71722763949508E-15));
#10346=CARTESIAN_POINT('Ctrl Pts',(146.081473189663,-111.173062712572,5.91044827074478E-15));
#10347=CARTESIAN_POINT('Ctrl Pts',(146.079322326704,-111.043612658869,5.84936017187074E-15));
#10348=CARTESIAN_POINT('Ctrl Pts',(146.07554651547,-110.81636481638,5.74212083352877E-15));
#10349=CARTESIAN_POINT('Ctrl Pts',(145.962374246039,-110.620799903885,5.72471735462325E-15));
#10350=CARTESIAN_POINT('Ctrl Pts',(145.913669723343,-110.536637098215,5.71722763949508E-15));
#10351=CARTESIAN_POINT('',(145.913669723343,-110.536637098215,-2.79999999999999));
#10352=CARTESIAN_POINT('Ctrl Pts',(146.081473189663,-111.173062712572,-2.79999999999999));
#10353=CARTESIAN_POINT('Ctrl Pts',(146.079322326704,-111.043612658869,-2.79999999999999));
#10354=CARTESIAN_POINT('Ctrl Pts',(146.07554651547,-110.81636481638,-2.79999999999999));
#10355=CARTESIAN_POINT('Ctrl Pts',(145.962374246039,-110.620799903885,-2.79999999999999));
#10356=CARTESIAN_POINT('Ctrl Pts',(145.913669723343,-110.536637098215,-2.79999999999999));
#10357=CARTESIAN_POINT('',(145.913669723343,-110.536637098215,0.200000000000006));
#10358=CARTESIAN_POINT('Ctrl Pts',(145.913669723343,-110.536637098215,0.200000000000006));
#10359=CARTESIAN_POINT('Ctrl Pts',(145.913669723343,-110.536637098215,-2.79999999999999));
#10360=CARTESIAN_POINT('Ctrl Pts',(145.852982289205,-110.478743432922,0.200000000000006));
#10361=CARTESIAN_POINT('Ctrl Pts',(145.852982289205,-110.478743432922,-2.79999999999999));
#10362=CARTESIAN_POINT('Ctrl Pts',(145.730245666008,-110.361657036311,0.200000000000006));
#10363=CARTESIAN_POINT('Ctrl Pts',(145.730245666008,-110.361657036311,-2.79999999999999));
#10364=CARTESIAN_POINT('Ctrl Pts',(145.561202841312,-110.346035541201,0.200000000000006));
#10365=CARTESIAN_POINT('Ctrl Pts',(145.561202841312,-110.346035541201,-2.79999999999999));
#10366=CARTESIAN_POINT('Ctrl Pts',(145.475743669342,-110.338138133906,0.200000000000006));
#10367=CARTESIAN_POINT('Ctrl Pts',(145.475743669342,-110.338138133906,-2.79999999999999));
#10368=CARTESIAN_POINT('',(145.475743669342,-110.338138133906,5.919643590937E-15));
#10369=CARTESIAN_POINT('Ctrl Pts',(145.913669723343,-110.536637098215,5.71722763949508E-15));
#10370=CARTESIAN_POINT('Ctrl Pts',(145.852982289205,-110.478743432922,5.73059510980451E-15));
#10371=CARTESIAN_POINT('Ctrl Pts',(145.730245666008,-110.361657036311,5.75763000265709E-15));
#10372=CARTESIAN_POINT('Ctrl Pts',(145.561202841312,-110.346035541201,5.86524108423815E-15));
#10373=CARTESIAN_POINT('Ctrl Pts',(145.475743669342,-110.338138133906,5.919643590937E-15));
#10374=CARTESIAN_POINT('',(145.475743669342,-110.338138133906,-2.79999999999999));
#10375=CARTESIAN_POINT('Ctrl Pts',(145.913669723343,-110.536637098215,-2.79999999999999));
#10376=CARTESIAN_POINT('Ctrl Pts',(145.852982289205,-110.478743432922,-2.79999999999999));
#10377=CARTESIAN_POINT('Ctrl Pts',(145.730245666008,-110.361657036311,-2.79999999999999));
#10378=CARTESIAN_POINT('Ctrl Pts',(145.561202841312,-110.346035541201,-2.79999999999999));
#10379=CARTESIAN_POINT('Ctrl Pts',(145.475743669342,-110.338138133906,-2.79999999999999));
#10380=CARTESIAN_POINT('',(145.475743669342,-110.338138133906,0.200000000000006));
#10381=CARTESIAN_POINT('Ctrl Pts',(145.475743669342,-110.338138133906,0.200000000000006));
#10382=CARTESIAN_POINT('Ctrl Pts',(145.475743669342,-110.338138133906,-2.79999999999999));
#10383=CARTESIAN_POINT('Ctrl Pts',(145.407108782909,-110.343063990983,0.200000000000006));
#10384=CARTESIAN_POINT('Ctrl Pts',(145.407108782909,-110.343063990983,-2.79999999999999));
#10385=CARTESIAN_POINT('Ctrl Pts',(145.273408834602,-110.352659502402,0.200000000000006));
#10386=CARTESIAN_POINT('Ctrl Pts',(145.273408834602,-110.352659502402,-2.79999999999999));
#10387=CARTESIAN_POINT('Ctrl Pts',(145.165868086305,-110.432364584022,0.200000000000006));
#10388=CARTESIAN_POINT('Ctrl Pts',(145.165868086305,-110.432364584022,-2.79999999999999));
#10389=CARTESIAN_POINT('Ctrl Pts',(145.113533395599,-110.471153051279,0.200000000000006));
#10390=CARTESIAN_POINT('Ctrl Pts',(145.113533395599,-110.471153051279,-2.79999999999999));
#10391=CARTESIAN_POINT('',(145.113533395599,-110.471153051279,6.23067390718904E-15));
#10392=CARTESIAN_POINT('Ctrl Pts',(145.475743669342,-110.338138133906,5.919643590937E-15));
#10393=CARTESIAN_POINT('Ctrl Pts',(145.407108782909,-110.343063990983,5.96878113026008E-15));
#10394=CARTESIAN_POINT('Ctrl Pts',(145.273408834602,-110.352659502402,6.06450047723944E-15));
#10395=CARTESIAN_POINT('Ctrl Pts',(145.165868086305,-110.432364584022,6.17627759193708E-15));
#10396=CARTESIAN_POINT('Ctrl Pts',(145.113533395599,-110.471153051279,6.23067390718904E-15));
#10397=CARTESIAN_POINT('',(145.113533395599,-110.471153051279,-2.79999999999999));
#10398=CARTESIAN_POINT('Ctrl Pts',(145.475743669342,-110.338138133906,-2.79999999999999));
#10399=CARTESIAN_POINT('Ctrl Pts',(145.407108782909,-110.343063990983,-2.79999999999999));
#10400=CARTESIAN_POINT('Ctrl Pts',(145.273408834602,-110.352659502402,-2.79999999999999));
#10401=CARTESIAN_POINT('Ctrl Pts',(145.165868086305,-110.432364584022,-2.79999999999999));
#10402=CARTESIAN_POINT('Ctrl Pts',(145.113533395599,-110.471153051279,-2.79999999999999));
#10403=CARTESIAN_POINT('',(145.113533395599,-110.471153051279,0.200000000000006));
#10404=CARTESIAN_POINT('Ctrl Pts',(145.989386099647,-112.17374512615,0.200000000000007));
#10405=CARTESIAN_POINT('Ctrl Pts',(145.989386099647,-112.17374512615,-2.79999999999999));
#10406=CARTESIAN_POINT('Ctrl Pts',(145.907589367717,-112.212540731511,0.200000000000007));
#10407=CARTESIAN_POINT('Ctrl Pts',(145.907589367717,-112.212540731511,-2.79999999999999));
#10408=CARTESIAN_POINT('Ctrl Pts',(145.742989081343,-112.290609470953,0.200000000000007));
#10409=CARTESIAN_POINT('Ctrl Pts',(145.742989081343,-112.290609470953,-2.79999999999999));
#10410=CARTESIAN_POINT('Ctrl Pts',(145.561103472035,-112.301354610808,0.200000000000007));
#10411=CARTESIAN_POINT('Ctrl Pts',(145.561103472035,-112.301354610808,-2.79999999999999));
#10412=CARTESIAN_POINT('Ctrl Pts',(145.46960439093,-112.306760043524,0.200000000000007));
#10413=CARTESIAN_POINT('Ctrl Pts',(145.46960439093,-112.306760043524,-2.79999999999999));
#10414=CARTESIAN_POINT('',(145.989386099647,-112.17374512615,6.45673592072691E-15));
#10415=CARTESIAN_POINT('Ctrl Pts',(145.989386099647,-112.17374512615,6.45673592072691E-15));
#10416=CARTESIAN_POINT('Ctrl Pts',(145.907589367717,-112.212540731511,6.53120659009246E-15));
#10417=CARTESIAN_POINT('Ctrl Pts',(145.742989081343,-112.290609470953,6.68106456901937E-15));
#10418=CARTESIAN_POINT('Ctrl Pts',(145.561103472035,-112.301354610808,6.8101657326042E-15));
#10419=CARTESIAN_POINT('Ctrl Pts',(145.46960439093,-112.306760043524,6.87511115665432E-15));
#10420=CARTESIAN_POINT('',(145.989386099647,-112.17374512615,-2.79999999999999));
#10421=CARTESIAN_POINT('',(145.989386099647,-112.17374512615,0.200000000000007));
#10422=CARTESIAN_POINT('Ctrl Pts',(145.989386099647,-112.17374512615,-2.79999999999999));
#10423=CARTESIAN_POINT('Ctrl Pts',(145.907589367717,-112.212540731511,-2.79999999999999));
#10424=CARTESIAN_POINT('Ctrl Pts',(145.742989081343,-112.290609470953,-2.79999999999999));
#10425=CARTESIAN_POINT('Ctrl Pts',(145.561103472035,-112.301354610808,-2.79999999999999));
#10426=CARTESIAN_POINT('Ctrl Pts',(145.46960439093,-112.306760043524,-2.79999999999999));
#10427=CARTESIAN_POINT('Ctrl Pts',(146.3434105695,-111.77879282894,0.200000000000006));
#10428=CARTESIAN_POINT('Ctrl Pts',(146.3434105695,-111.77879282894,-2.79999999999999));
#10429=CARTESIAN_POINT('Ctrl Pts',(146.300188181818,-111.860859778266,0.200000000000006));
#10430=CARTESIAN_POINT('Ctrl Pts',(146.300188181818,-111.860859778266,-2.79999999999999));
#10431=CARTESIAN_POINT('Ctrl Pts',(146.215181804751,-112.022262570048,0.200000000000006));
#10432=CARTESIAN_POINT('Ctrl Pts',(146.215181804751,-112.022262570048,-2.79999999999999));
#10433=CARTESIAN_POINT('Ctrl Pts',(146.063797473392,-112.123823782018,0.200000000000006));
#10434=CARTESIAN_POINT('Ctrl Pts',(146.063797473392,-112.123823782018,-2.79999999999999));
#10435=CARTESIAN_POINT('Ctrl Pts',(145.989386099647,-112.17374512615,0.200000000000007));
#10436=CARTESIAN_POINT('Ctrl Pts',(145.989386099647,-112.17374512615,-2.79999999999999));
#10437=CARTESIAN_POINT('',(146.3434105695,-111.77879282894,6.02470774618888E-15));
#10438=CARTESIAN_POINT('Ctrl Pts',(146.3434105695,-111.77879282894,6.02470774618888E-15));
#10439=CARTESIAN_POINT('Ctrl Pts',(146.300188181818,-111.860859778266,6.09380954188602E-15));
#10440=CARTESIAN_POINT('Ctrl Pts',(146.215181804751,-112.022262570048,6.22971348845932E-15));
#10441=CARTESIAN_POINT('Ctrl Pts',(146.063797473392,-112.123823782018,6.3819202798228E-15));
#10442=CARTESIAN_POINT('Ctrl Pts',(145.989386099647,-112.17374512615,6.45673592072691E-15));
#10443=CARTESIAN_POINT('',(146.3434105695,-111.77879282894,-2.79999999999999));
#10444=CARTESIAN_POINT('',(146.3434105695,-111.77879282894,0.200000000000006));
#10445=CARTESIAN_POINT('Ctrl Pts',(146.3434105695,-111.77879282894,-2.79999999999999));
#10446=CARTESIAN_POINT('Ctrl Pts',(146.300188181818,-111.860859778266,-2.79999999999999));
#10447=CARTESIAN_POINT('Ctrl Pts',(146.215181804751,-112.022262570048,-2.79999999999999));
#10448=CARTESIAN_POINT('Ctrl Pts',(146.063797473392,-112.123823782018,-2.79999999999999));
#10449=CARTESIAN_POINT('Ctrl Pts',(145.989386099647,-112.17374512615,-2.79999999999999));
#10450=CARTESIAN_POINT('Ctrl Pts',(146.460054475139,-111.16283097925,0.200000000000006));
#10451=CARTESIAN_POINT('Ctrl Pts',(146.460054475139,-111.16283097925,-2.79999999999999));
#10452=CARTESIAN_POINT('Ctrl Pts',(146.456267693916,-111.273980748392,0.200000000000006));
#10453=CARTESIAN_POINT('Ctrl Pts',(146.456267693916,-111.273980748392,-2.79999999999999));
#10454=CARTESIAN_POINT('Ctrl Pts',(146.449062240563,-111.485475532316,0.200000000000006));
#10455=CARTESIAN_POINT('Ctrl Pts',(146.449062240563,-111.485475532316,-2.79999999999999));
#10456=CARTESIAN_POINT('Ctrl Pts',(146.377407572251,-111.684408056414,0.200000000000006));
#10457=CARTESIAN_POINT('Ctrl Pts',(146.377407572251,-111.684408056414,-2.79999999999999));
#10458=CARTESIAN_POINT('Ctrl Pts',(146.3434105695,-111.77879282894,0.200000000000006));
#10459=CARTESIAN_POINT('Ctrl Pts',(146.3434105695,-111.77879282894,-2.79999999999999));
#10460=CARTESIAN_POINT('',(146.460054475139,-111.16283097925,5.64759703550415E-15));
#10461=CARTESIAN_POINT('Ctrl Pts',(146.460054475139,-111.16283097925,5.64759703550415E-15));
#10462=CARTESIAN_POINT('Ctrl Pts',(146.456267693916,-111.273980748392,5.70388699878882E-15));
#10463=CARTESIAN_POINT('Ctrl Pts',(146.449062240563,-111.485475532316,5.81099502634445E-15));
#10464=CARTESIAN_POINT('Ctrl Pts',(146.377407572251,-111.684408056414,5.95593843987487E-15));
#10465=CARTESIAN_POINT('Ctrl Pts',(146.3434105695,-111.77879282894,6.02470774618888E-15));
#10466=CARTESIAN_POINT('',(146.460054475139,-111.16283097925,-2.79999999999999));
#10467=CARTESIAN_POINT('',(146.460054475139,-111.16283097925,0.200000000000006));
#10468=CARTESIAN_POINT('Ctrl Pts',(146.460054475139,-111.16283097925,-2.79999999999999));
#10469=CARTESIAN_POINT('Ctrl Pts',(146.456267693916,-111.273980748392,-2.79999999999999));
#10470=CARTESIAN_POINT('Ctrl Pts',(146.449062240563,-111.485475532316,-2.79999999999999));
#10471=CARTESIAN_POINT('Ctrl Pts',(146.377407572251,-111.684408056414,-2.79999999999999));
#10472=CARTESIAN_POINT('Ctrl Pts',(146.3434105695,-111.77879282894,-2.79999999999999));
#10473=CARTESIAN_POINT('Ctrl Pts',(146.189931589435,-110.325859577082,0.200000000000005));
#10474=CARTESIAN_POINT('Ctrl Pts',(146.189931589435,-110.325859577082,-2.79999999999999));
#10475=CARTESIAN_POINT('Ctrl Pts',(146.268564587667,-110.440593559674,0.200000000000005));
#10476=CARTESIAN_POINT('Ctrl Pts',(146.268564587667,-110.440593559674,-2.79999999999999));
#10477=CARTESIAN_POINT('Ctrl Pts',(146.440606711217,-110.691621479916,0.200000000000005));
#10478=CARTESIAN_POINT('Ctrl Pts',(146.440606711217,-110.691621479916,-2.79999999999999));
#10479=CARTESIAN_POINT('Ctrl Pts',(146.453211039197,-110.997017982091,0.200000000000006));
#10480=CARTESIAN_POINT('Ctrl Pts',(146.453211039197,-110.997017982091,-2.79999999999999));
#10481=CARTESIAN_POINT('Ctrl Pts',(146.460054475139,-111.16283097925,0.200000000000006));
#10482=CARTESIAN_POINT('Ctrl Pts',(146.460054475139,-111.16283097925,-2.79999999999999));
#10483=CARTESIAN_POINT('',(146.189931589435,-110.325859577082,5.42717258457717E-15));
#10484=CARTESIAN_POINT('Ctrl Pts',(146.189931589435,-110.325859577082,5.42717258457717E-15));
#10485=CARTESIAN_POINT('Ctrl Pts',(146.268564587667,-110.440593559674,5.42904637200337E-15));
#10486=CARTESIAN_POINT('Ctrl Pts',(146.440606711217,-110.691621479916,5.4331460445553E-15));
#10487=CARTESIAN_POINT('Ctrl Pts',(146.453211039197,-110.997017982091,5.57213429534273E-15));
#10488=CARTESIAN_POINT('Ctrl Pts',(146.460054475139,-111.16283097925,5.64759703550415E-15));
#10489=CARTESIAN_POINT('',(146.189931589435,-110.325859577082,-2.79999999999999));
#10490=CARTESIAN_POINT('',(146.189931589435,-110.325859577082,0.200000000000005));
#10491=CARTESIAN_POINT('Ctrl Pts',(146.189931589435,-110.325859577082,-2.79999999999999));
#10492=CARTESIAN_POINT('Ctrl Pts',(146.268564587667,-110.440593559674,-2.79999999999999));
#10493=CARTESIAN_POINT('Ctrl Pts',(146.440606711217,-110.691621479916,-2.79999999999999));
#10494=CARTESIAN_POINT('Ctrl Pts',(146.453211039197,-110.997017982091,-2.79999999999999));
#10495=CARTESIAN_POINT('Ctrl Pts',(146.460054475139,-111.16283097925,-2.79999999999999));
#10496=CARTESIAN_POINT('Ctrl Pts',(145.471650618385,-110.035273224734,0.200000000000006));
#10497=CARTESIAN_POINT('Ctrl Pts',(145.471650618385,-110.035273224734,-2.79999999999999));
#10498=CARTESIAN_POINT('Ctrl Pts',(145.611532375097,-110.045742403906,0.200000000000006));
#10499=CARTESIAN_POINT('Ctrl Pts',(145.611532375097,-110.045742403906,-2.79999999999999));
#10500=CARTESIAN_POINT('Ctrl Pts',(145.882561867091,-110.066027081333,0.200000000000006));
#10501=CARTESIAN_POINT('Ctrl Pts',(145.882561867091,-110.066027081333,-2.79999999999999));
#10502=CARTESIAN_POINT('Ctrl Pts',(146.089700049094,-110.241129659376,0.200000000000005));
#10503=CARTESIAN_POINT('Ctrl Pts',(146.089700049094,-110.241129659376,-2.79999999999999));
#10504=CARTESIAN_POINT('Ctrl Pts',(146.189931589435,-110.325859577082,0.200000000000005));
#10505=CARTESIAN_POINT('Ctrl Pts',(146.189931589435,-110.325859577082,-2.79999999999999));
#10506=CARTESIAN_POINT('',(145.471650618385,-110.035273224734,5.77608039443308E-15));
#10507=CARTESIAN_POINT('Ctrl Pts',(145.471650618385,-110.035273224734,5.77608039443308E-15));
#10508=CARTESIAN_POINT('Ctrl Pts',(145.611532375097,-110.045742403906,5.6858454575742E-15));
#10509=CARTESIAN_POINT('Ctrl Pts',(145.882561867091,-110.066027081333,5.51100972193958E-15));
#10510=CARTESIAN_POINT('Ctrl Pts',(146.089700049094,-110.241129659376,5.45451140426632E-15));
#10511=CARTESIAN_POINT('Ctrl Pts',(146.189931589435,-110.325859577082,5.42717258457717E-15));
#10512=CARTESIAN_POINT('',(145.471650618385,-110.035273224734,-2.79999999999999));
#10513=CARTESIAN_POINT('',(145.471650618385,-110.035273224734,0.200000000000006));
#10514=CARTESIAN_POINT('Ctrl Pts',(145.471650618385,-110.035273224734,-2.79999999999999));
#10515=CARTESIAN_POINT('Ctrl Pts',(145.611532375097,-110.045742403906,-2.79999999999999));
#10516=CARTESIAN_POINT('Ctrl Pts',(145.882561867091,-110.066027081333,-2.79999999999999));
#10517=CARTESIAN_POINT('Ctrl Pts',(146.089700049094,-110.241129659376,-2.79999999999999));
#10518=CARTESIAN_POINT('Ctrl Pts',(146.189931589435,-110.325859577082,-2.79999999999999));
#10519=CARTESIAN_POINT('Ctrl Pts',(144.872060078453,-110.246050745867,0.200000000000006));
#10520=CARTESIAN_POINT('Ctrl Pts',(144.872060078453,-110.246050745867,-2.79999999999999));
#10521=CARTESIAN_POINT('Ctrl Pts',(144.959479073255,-110.184587125945,0.200000000000006));
#10522=CARTESIAN_POINT('Ctrl Pts',(144.959479073255,-110.184587125945,-2.79999999999999));
#10523=CARTESIAN_POINT('Ctrl Pts',(145.139277558965,-110.058172199608,0.200000000000006));
#10524=CARTESIAN_POINT('Ctrl Pts',(145.139277558965,-110.058172199608,-2.79999999999999));
#10525=CARTESIAN_POINT('Ctrl Pts',(145.358840410879,-110.043045329103,0.200000000000006));
#10526=CARTESIAN_POINT('Ctrl Pts',(145.358840410879,-110.043045329103,-2.79999999999999));
#10527=CARTESIAN_POINT('Ctrl Pts',(145.471650618385,-110.035273224734,0.200000000000006));
#10528=CARTESIAN_POINT('Ctrl Pts',(145.471650618385,-110.035273224734,-2.79999999999999));
#10529=CARTESIAN_POINT('',(144.872060078453,-110.246050745867,6.28640183433471E-15));
#10530=CARTESIAN_POINT('Ctrl Pts',(144.872060078453,-110.246050745867,6.28640183433471E-15));
#10531=CARTESIAN_POINT('Ctrl Pts',(144.959479073255,-110.184587125945,6.19714729675324E-15));
#10532=CARTESIAN_POINT('Ctrl Pts',(145.139277558965,-110.058172199608,6.01357356840758E-15));
#10533=CARTESIAN_POINT('Ctrl Pts',(145.358840410879,-110.043045329103,5.8566875693473E-15));
#10534=CARTESIAN_POINT('Ctrl Pts',(145.471650618385,-110.035273224734,5.77608039443308E-15));
#10535=CARTESIAN_POINT('',(144.872060078453,-110.246050745867,-2.79999999999999));
#10536=CARTESIAN_POINT('',(144.872060078453,-110.246050745867,0.200000000000006));
#10537=CARTESIAN_POINT('Ctrl Pts',(144.872060078453,-110.246050745867,-2.79999999999999));
#10538=CARTESIAN_POINT('Ctrl Pts',(144.959479073255,-110.184587125945,-2.79999999999999));
#10539=CARTESIAN_POINT('Ctrl Pts',(145.139277558965,-110.058172199608,-2.79999999999999));
#10540=CARTESIAN_POINT('Ctrl Pts',(145.358840410879,-110.043045329103,-2.79999999999999));
#10541=CARTESIAN_POINT('Ctrl Pts',(145.471650618385,-110.035273224734,-2.79999999999999));
#10542=CARTESIAN_POINT('Ctrl Pts',(144.567148941826,-110.833363325022,0.200000000000007));
#10543=CARTESIAN_POINT('Ctrl Pts',(144.567148941826,-110.833363325022,-2.79999999999999));
#10544=CARTESIAN_POINT('Ctrl Pts',(144.592839653374,-110.71692314512,0.200000000000007));
#10545=CARTESIAN_POINT('Ctrl Pts',(144.592839653374,-110.71692314512,-2.79999999999999));
#10546=CARTESIAN_POINT('Ctrl Pts',(144.64214096012,-110.493470672184,0.200000000000007));
#10547=CARTESIAN_POINT('Ctrl Pts',(144.64214096012,-110.493470672184,-2.79999999999999));
#10548=CARTESIAN_POINT('Ctrl Pts',(144.797606839867,-110.326171159248,0.200000000000006));
#10549=CARTESIAN_POINT('Ctrl Pts',(144.797606839867,-110.326171159248,-2.79999999999999));
#10550=CARTESIAN_POINT('Ctrl Pts',(144.872060078453,-110.246050745867,0.200000000000006));
#10551=CARTESIAN_POINT('Ctrl Pts',(144.872060078453,-110.246050745867,-2.79999999999999));
#10552=CARTESIAN_POINT('',(144.567148941826,-110.833363325022,6.77792484208172E-15));
#10553=CARTESIAN_POINT('Ctrl Pts',(144.567148941826,-110.833363325022,6.77792484208172E-15));
#10554=CARTESIAN_POINT('Ctrl Pts',(144.592839653374,-110.71692314512,6.70415646146394E-15));
#10555=CARTESIAN_POINT('Ctrl Pts',(144.64214096012,-110.493470672184,6.56259255636465E-15));
#10556=CARTESIAN_POINT('Ctrl Pts',(144.797606839867,-110.326171159248,6.37583891413376E-15));
#10557=CARTESIAN_POINT('Ctrl Pts',(144.872060078453,-110.246050745867,6.28640183433471E-15));
#10558=CARTESIAN_POINT('',(144.567148941826,-110.833363325022,-2.79999999999999));
#10559=CARTESIAN_POINT('',(144.567148941826,-110.833363325022,0.200000000000007));
#10560=CARTESIAN_POINT('Ctrl Pts',(144.567148941826,-110.833363325022,-2.79999999999999));
#10561=CARTESIAN_POINT('Ctrl Pts',(144.592839653374,-110.71692314512,-2.79999999999999));
#10562=CARTESIAN_POINT('Ctrl Pts',(144.64214096012,-110.493470672184,-2.79999999999999));
#10563=CARTESIAN_POINT('Ctrl Pts',(144.797606839867,-110.326171159248,-2.79999999999999));
#10564=CARTESIAN_POINT('Ctrl Pts',(144.872060078453,-110.246050745867,-2.79999999999999));
#10565=CARTESIAN_POINT('Origin',(144.929358619522,-110.880430132769,0.200000000000007));
#10566=CARTESIAN_POINT('',(144.929358619522,-110.880430132769,6.55391472863545E-15));
#10567=CARTESIAN_POINT('',(135.668023172695,-109.676979419558,4.93038065763132E-31));
#10568=CARTESIAN_POINT('',(144.929358619522,-110.880430132769,-2.79999999999999));
#10569=CARTESIAN_POINT('',(144.929358619522,-110.880430132769,0.200000000000007));
#10570=CARTESIAN_POINT('',(144.929358619522,-110.880430132769,-2.79999999999999));
#10571=CARTESIAN_POINT('Ctrl Pts',(145.113533395599,-110.471153051279,0.200000000000006));
#10572=CARTESIAN_POINT('Ctrl Pts',(145.113533395599,-110.471153051279,-2.79999999999999));
#10573=CARTESIAN_POINT('Ctrl Pts',(145.069103172816,-110.525141422159,0.200000000000006));
#10574=CARTESIAN_POINT('Ctrl Pts',(145.069103172816,-110.525141422159,-2.79999999999999));
#10575=CARTESIAN_POINT('Ctrl Pts',(144.971020746972,-110.644324042715,0.200000000000006));
#10576=CARTESIAN_POINT('Ctrl Pts',(144.971020746972,-110.644324042715,-2.79999999999999));
#10577=CARTESIAN_POINT('Ctrl Pts',(144.944090028812,-110.796944827016,0.200000000000007));
#10578=CARTESIAN_POINT('Ctrl Pts',(144.944090028812,-110.796944827016,-2.79999999999999));
#10579=CARTESIAN_POINT('Ctrl Pts',(144.929358619522,-110.880430132769,0.200000000000007));
#10580=CARTESIAN_POINT('Ctrl Pts',(144.929358619522,-110.880430132769,-2.79999999999999));
#10581=CARTESIAN_POINT('Ctrl Pts',(145.113533395599,-110.471153051279,6.23067390718904E-15));
#10582=CARTESIAN_POINT('Ctrl Pts',(145.069103172816,-110.525141422159,6.28703029307691E-15));
#10583=CARTESIAN_POINT('Ctrl Pts',(144.971020746972,-110.644324042715,6.41144045336941E-15));
#10584=CARTESIAN_POINT('Ctrl Pts',(144.944090028812,-110.796944827016,6.50353691470191E-15));
#10585=CARTESIAN_POINT('Ctrl Pts',(144.929358619522,-110.880430132769,6.55391472863545E-15));
#10586=CARTESIAN_POINT('Ctrl Pts',(145.113533395599,-110.471153051279,-2.79999999999999));
#10587=CARTESIAN_POINT('Ctrl Pts',(145.069103172816,-110.525141422159,-2.79999999999999));
#10588=CARTESIAN_POINT('Ctrl Pts',(144.971020746972,-110.644324042715,-2.79999999999999));
#10589=CARTESIAN_POINT('Ctrl Pts',(144.944090028812,-110.796944827016,-2.79999999999999));
#10590=CARTESIAN_POINT('Ctrl Pts',(144.929358619522,-110.880430132769,-2.79999999999999));
#10591=CARTESIAN_POINT('Origin',(142.440954479646,-113.509011358641,-2.79999999999999));
#10592=CARTESIAN_POINT('Origin',(147.276562410663,-112.257646710299,0.200000000000006));
#10593=CARTESIAN_POINT('',(147.276562410663,-112.257646710299,5.62039537063237E-15));
#10594=CARTESIAN_POINT('',(146.908213156532,-112.257646710299,5.87133185497075E-15));
#10595=CARTESIAN_POINT('',(138.938481578266,-112.257646710299,0.));
#10596=CARTESIAN_POINT('',(147.276562410663,-112.257646710299,-2.79999999999999));
#10597=CARTESIAN_POINT('',(147.276562410663,-112.257646710299,0.200000000000006));
#10598=CARTESIAN_POINT('',(146.908213156532,-112.257646710299,-2.79999999999999));
#10599=CARTESIAN_POINT('',(147.276562410663,-112.257646710299,-2.79999999999999));
#10600=CARTESIAN_POINT('',(146.908213156532,-112.257646710299,0.200000000000006));
#10601=CARTESIAN_POINT('Origin',(146.908213156532,-112.257646710299,0.200000000000006));
#10602=CARTESIAN_POINT('',(146.908213156532,-110.084386259936,4.82116040987356E-15));
#10603=CARTESIAN_POINT('',(146.908213156532,-93.1421931299679,0.));
#10604=CARTESIAN_POINT('',(146.908213156532,-110.084386259936,-2.8));
#10605=CARTESIAN_POINT('',(146.908213156532,-112.257646710299,-2.79999999999999));
#10606=CARTESIAN_POINT('',(146.908213156532,-110.084386259936,0.200000000000005));
#10607=CARTESIAN_POINT('Origin',(147.276562410663,-110.084386259936,0.200000000000005));
#10608=CARTESIAN_POINT('',(147.276562410663,-110.084386259936,4.57022392553518E-15));
#10609=CARTESIAN_POINT('',(147.276562410664,-94.2288233551494,0.));
#10610=CARTESIAN_POINT('',(147.276562410663,-110.084386259936,-2.8));
#10611=CARTESIAN_POINT('',(147.276562410663,-110.084386259936,0.200000000000005));
#10612=CARTESIAN_POINT('',(147.276562410663,-110.084386259936,-2.8));
#10613=CARTESIAN_POINT('Origin',(146.908213156532,-110.084386259936,0.200000000000005));
#10614=CARTESIAN_POINT('',(139.122656205332,-110.084386259936,0.));
#10615=CARTESIAN_POINT('',(146.908213156532,-110.084386259936,-2.8));
#10616=CARTESIAN_POINT('Origin',(142.440954479646,-113.509011358641,-2.8));
#10617=CARTESIAN_POINT('Origin',(137.749617952179,-117.766514808558,0.200000000000015));
#10618=CARTESIAN_POINT('',(137.749617952179,-117.766514808558,1.47726057010619E-14));
#10619=CARTESIAN_POINT('',(137.330108541321,-117.766514808558,1.50583948366684E-14));
#10620=CARTESIAN_POINT('',(134.14942927066,-117.766514808558,0.));
#10621=CARTESIAN_POINT('',(137.749617952179,-117.766514808558,-2.79999999999999));
#10622=CARTESIAN_POINT('',(137.749617952179,-117.766514808558,0.200000000000015));
#10623=CARTESIAN_POINT('',(137.330108541321,-117.766514808558,-2.79999999999999));
#10624=CARTESIAN_POINT('',(137.749617952179,-117.766514808558,-2.79999999999999));
#10625=CARTESIAN_POINT('',(137.330108541321,-117.766514808558,0.200000000000015));
#10626=CARTESIAN_POINT('Origin',(137.330108541321,-117.766514808558,0.200000000000015));
#10627=CARTESIAN_POINT('',(137.330108541321,-117.265150488041,1.4816123602778E-14));
#10628=CARTESIAN_POINT('',(137.330108541321,-96.7325752440206,0.));
#10629=CARTESIAN_POINT('',(137.330108541321,-117.265150488041,-2.79999999999999));
#10630=CARTESIAN_POINT('',(137.330108541321,-117.766514808558,-2.79999999999999));
#10631=CARTESIAN_POINT('',(137.330108541321,-117.265150488041,0.200000000000015));
#10632=CARTESIAN_POINT('Origin',(137.330108541321,-117.265150488041,0.200000000000015));
#10633=CARTESIAN_POINT('',(137.428334611725,-116.704441100977,1.44782592868928E-14));
#10634=CARTESIAN_POINT('',(140.774351957419,-97.6041826126536,0.));
#10635=CARTESIAN_POINT('',(137.428334611725,-116.704441100977,-2.79999999999999));
#10636=CARTESIAN_POINT('',(137.330108541321,-117.265150488041,-2.79999999999999));
#10637=CARTESIAN_POINT('',(137.428334611725,-116.704441100977,0.200000000000014));
#10638=CARTESIAN_POINT('Origin',(137.749617952179,-117.265150488041,0.200000000000015));
#10639=CARTESIAN_POINT('',(137.749617952179,-117.265150488041,1.45303344671715E-14));
#10640=CARTESIAN_POINT('',(137.749617952179,-96.9832574042789,0.));
#10641=CARTESIAN_POINT('',(137.749617952179,-117.265150488041,-2.79999999999999));
#10642=CARTESIAN_POINT('',(137.749617952179,-117.265150488041,0.200000000000015));
#10643=CARTESIAN_POINT('',(137.749617952179,-117.265150488041,-2.79999999999999));
#10644=CARTESIAN_POINT('Origin',(137.655483144592,-116.704441100977,0.200000000000014));
#10645=CARTESIAN_POINT('',(137.655483144592,-116.704441100977,1.43235152430774E-14));
#10646=CARTESIAN_POINT('',(134.304056250144,-96.7418303733163,9.86076131526265E-31));
#10647=CARTESIAN_POINT('',(137.655483144592,-116.704441100977,-2.79999999999999));
#10648=CARTESIAN_POINT('',(137.655483144592,-116.704441100977,0.200000000000014));
#10649=CARTESIAN_POINT('',(137.655483144592,-116.704441100977,-2.79999999999999));
#10650=CARTESIAN_POINT('Origin',(137.428334611725,-116.704441100977,0.200000000000014));
#10651=CARTESIAN_POINT('',(134.312116572296,-116.704441100977,0.));
#10652=CARTESIAN_POINT('',(137.428334611725,-116.704441100977,-2.79999999999999));
#10653=CARTESIAN_POINT('Origin',(142.440954479646,-113.509011358641,-2.79999999999999));
#10654=CARTESIAN_POINT('Ctrl Pts',(139.628199595283,-115.734454706929,0.200000000000013));
#10655=CARTESIAN_POINT('Ctrl Pts',(139.628199595283,-115.734454706929,-2.79999999999999));
#10656=CARTESIAN_POINT('Ctrl Pts',(139.628582176399,-115.65380819781,0.200000000000013));
#10657=CARTESIAN_POINT('Ctrl Pts',(139.628582176399,-115.65380819781,-2.79999999999999));
#10658=CARTESIAN_POINT('Ctrl Pts',(139.629199660588,-115.523645097123,0.200000000000012));
#10659=CARTESIAN_POINT('Ctrl Pts',(139.629199660588,-115.523645097123,-2.79999999999999));
#10660=CARTESIAN_POINT('Ctrl Pts',(139.61216834934,-115.394696271274,0.200000000000012));
#10661=CARTESIAN_POINT('Ctrl Pts',(139.61216834934,-115.394696271274,-2.79999999999999));
#10662=CARTESIAN_POINT('Ctrl Pts',(139.605689305138,-115.345641613625,0.200000000000012));
#10663=CARTESIAN_POINT('Ctrl Pts',(139.605689305138,-115.345641613625,-2.79999999999999));
#10664=CARTESIAN_POINT('',(139.628199595283,-115.734454706929,1.25108892825379E-14));
#10665=CARTESIAN_POINT('',(139.605689305138,-115.345641613625,1.23383405399968E-14));
#10666=CARTESIAN_POINT('Ctrl Pts',(139.628199595283,-115.734454706929,1.25108892825379E-14));
#10667=CARTESIAN_POINT('Ctrl Pts',(139.628582176399,-115.65380819781,1.24716583270644E-14));
#10668=CARTESIAN_POINT('Ctrl Pts',(139.629199660588,-115.523645097123,1.24083397439405E-14));
#10669=CARTESIAN_POINT('Ctrl Pts',(139.61216834934,-115.394696271274,1.23576310991209E-14));
#10670=CARTESIAN_POINT('Ctrl Pts',(139.605689305138,-115.345641613625,1.23383405399968E-14));
#10671=CARTESIAN_POINT('',(139.628199595283,-115.734454706929,-2.79999999999999));
#10672=CARTESIAN_POINT('',(139.628199595283,-115.734454706929,0.200000000000013));
#10673=CARTESIAN_POINT('',(139.605689305138,-115.345641613625,-2.79999999999999));
#10674=CARTESIAN_POINT('Ctrl Pts',(139.628199595283,-115.734454706929,-2.79999999999999));
#10675=CARTESIAN_POINT('Ctrl Pts',(139.628582176399,-115.65380819781,-2.79999999999999));
#10676=CARTESIAN_POINT('Ctrl Pts',(139.629199660588,-115.523645097123,-2.79999999999999));
#10677=CARTESIAN_POINT('Ctrl Pts',(139.61216834934,-115.394696271274,-2.79999999999999));
#10678=CARTESIAN_POINT('Ctrl Pts',(139.605689305138,-115.345641613625,-2.79999999999999));
#10679=CARTESIAN_POINT('',(139.605689305138,-115.345641613625,0.200000000000012));
#10680=CARTESIAN_POINT('Ctrl Pts',(139.605689305138,-115.345641613625,0.200000000000012));
#10681=CARTESIAN_POINT('Ctrl Pts',(139.605689305138,-115.345641613625,-2.79999999999999));
#10682=CARTESIAN_POINT('Ctrl Pts',(139.591181737215,-115.30001656141,0.200000000000012));
#10683=CARTESIAN_POINT('Ctrl Pts',(139.591181737215,-115.30001656141,-2.79999999999999));
#10684=CARTESIAN_POINT('Ctrl Pts',(139.56265274773,-115.210295345434,0.200000000000012));
#10685=CARTESIAN_POINT('Ctrl Pts',(139.56265274773,-115.210295345434,-2.79999999999999));
#10686=CARTESIAN_POINT('Ctrl Pts',(139.492719690991,-115.147371972127,0.200000000000012));
#10687=CARTESIAN_POINT('Ctrl Pts',(139.492719690991,-115.147371972127,-2.79999999999999));
#10688=CARTESIAN_POINT('Ctrl Pts',(139.458349007439,-115.116446406267,0.200000000000012));
#10689=CARTESIAN_POINT('Ctrl Pts',(139.458349007439,-115.116446406267,-2.79999999999999));
#10690=CARTESIAN_POINT('',(139.458349007439,-115.116446406267,1.2327962930555E-14));
#10691=CARTESIAN_POINT('Ctrl Pts',(139.605689305138,-115.345641613625,1.23383405399968E-14));
#10692=CARTESIAN_POINT('Ctrl Pts',(139.591181737215,-115.30001656141,1.23261766464299E-14));
#10693=CARTESIAN_POINT('Ctrl Pts',(139.56265274773,-115.210295345434,1.23022564732226E-14));
#10694=CARTESIAN_POINT('Ctrl Pts',(139.492719690991,-115.147371972127,1.23194920137842E-14));
#10695=CARTESIAN_POINT('Ctrl Pts',(139.458349007439,-115.116446406267,1.2327962930555E-14));
#10696=CARTESIAN_POINT('',(139.458349007439,-115.116446406267,-2.79999999999999));
#10697=CARTESIAN_POINT('Ctrl Pts',(139.605689305138,-115.345641613625,-2.79999999999999));
#10698=CARTESIAN_POINT('Ctrl Pts',(139.591181737215,-115.30001656141,-2.79999999999999));
#10699=CARTESIAN_POINT('Ctrl Pts',(139.56265274773,-115.210295345434,-2.79999999999999));
#10700=CARTESIAN_POINT('Ctrl Pts',(139.492719690991,-115.147371972127,-2.79999999999999));
#10701=CARTESIAN_POINT('Ctrl Pts',(139.458349007439,-115.116446406267,-2.79999999999999));
#10702=CARTESIAN_POINT('',(139.458349007439,-115.116446406267,0.200000000000012));
#10703=CARTESIAN_POINT('Ctrl Pts',(139.458349007439,-115.116446406267,0.200000000000012));
#10704=CARTESIAN_POINT('Ctrl Pts',(139.458349007439,-115.116446406267,-2.79999999999999));
#10705=CARTESIAN_POINT('Ctrl Pts',(139.417425030433,-115.092586249849,0.200000000000012));
#10706=CARTESIAN_POINT('Ctrl Pts',(139.417425030433,-115.092586249849,-2.79999999999999));
#10707=CARTESIAN_POINT('Ctrl Pts',(139.331545479158,-115.042515370221,0.200000000000012));
#10708=CARTESIAN_POINT('Ctrl Pts',(139.331545479158,-115.042515370221,-2.79999999999999));
#10709=CARTESIAN_POINT('Ctrl Pts',(139.232098410787,-115.037313884011,0.200000000000013));
#10710=CARTESIAN_POINT('Ctrl Pts',(139.232098410787,-115.037313884011,-2.79999999999999));
#10711=CARTESIAN_POINT('Ctrl Pts',(139.180040615867,-115.034591049574,0.200000000000013));
#10712=CARTESIAN_POINT('Ctrl Pts',(139.180040615867,-115.034591049574,-2.79999999999999));
#10713=CARTESIAN_POINT('',(139.180040615867,-115.034591049574,1.24780049613041E-14));
#10714=CARTESIAN_POINT('Ctrl Pts',(139.458349007439,-115.116446406267,1.2327962930555E-14));
#10715=CARTESIAN_POINT('Ctrl Pts',(139.417425030433,-115.092586249849,1.23443124324676E-14));
#10716=CARTESIAN_POINT('Ctrl Pts',(139.331545479158,-115.042515370221,1.23786220892944E-14));
#10717=CARTESIAN_POINT('Ctrl Pts',(139.232098410787,-115.037313884011,1.24438565343865E-14));
#10718=CARTESIAN_POINT('Ctrl Pts',(139.180040615867,-115.034591049574,1.24780049613041E-14));
#10719=CARTESIAN_POINT('',(139.180040615867,-115.034591049574,-2.79999999999999));
#10720=CARTESIAN_POINT('Ctrl Pts',(139.458349007439,-115.116446406267,-2.79999999999999));
#10721=CARTESIAN_POINT('Ctrl Pts',(139.417425030433,-115.092586249849,-2.79999999999999));
#10722=CARTESIAN_POINT('Ctrl Pts',(139.331545479158,-115.042515370221,-2.79999999999999));
#10723=CARTESIAN_POINT('Ctrl Pts',(139.232098410787,-115.037313884011,-2.79999999999999));
#10724=CARTESIAN_POINT('Ctrl Pts',(139.180040615867,-115.034591049574,-2.79999999999999));
#10725=CARTESIAN_POINT('',(139.180040615867,-115.034591049574,0.200000000000013));
#10726=CARTESIAN_POINT('Ctrl Pts',(139.180040615867,-115.034591049574,0.200000000000013));
#10727=CARTESIAN_POINT('Ctrl Pts',(139.180040615867,-115.034591049574,-2.79999999999999));
#10728=CARTESIAN_POINT('Ctrl Pts',(139.125564176504,-115.038131374402,0.200000000000013));
#10729=CARTESIAN_POINT('Ctrl Pts',(139.125564176504,-115.038131374402,-2.79999999999999));
#10730=CARTESIAN_POINT('Ctrl Pts',(139.016262483278,-115.045234692877,0.200000000000013));
#10731=CARTESIAN_POINT('Ctrl Pts',(139.016262483278,-115.045234692877,-2.79999999999999));
#10732=CARTESIAN_POINT('Ctrl Pts',(138.918185292892,-115.094021620881,0.200000000000013));
#10733=CARTESIAN_POINT('Ctrl Pts',(138.918185292892,-115.094021620881,-2.79999999999999));
#10734=CARTESIAN_POINT('Ctrl Pts',(138.868990200828,-115.118492931746,0.200000000000013));
#10735=CARTESIAN_POINT('Ctrl Pts',(138.868990200828,-115.118492931746,-2.79999999999999));
#10736=CARTESIAN_POINT('',(138.868990200828,-115.118492931746,1.27304502313516E-14));
#10737=CARTESIAN_POINT('Ctrl Pts',(139.180040615867,-115.034591049574,1.24780049613041E-14));
#10738=CARTESIAN_POINT('Ctrl Pts',(139.125564176504,-115.038131374402,1.25168275914759E-14));
#10739=CARTESIAN_POINT('Ctrl Pts',(139.016262483278,-115.045234692877,1.25947214320012E-14));
#10740=CARTESIAN_POINT('Ctrl Pts',(138.918185292892,-115.094021620881,1.26851111426245E-14));
#10741=CARTESIAN_POINT('Ctrl Pts',(138.868990200828,-115.118492931746,1.27304502313516E-14));
#10742=CARTESIAN_POINT('',(138.868990200828,-115.118492931746,-2.79999999999999));
#10743=CARTESIAN_POINT('Ctrl Pts',(139.180040615867,-115.034591049574,-2.79999999999999));
#10744=CARTESIAN_POINT('Ctrl Pts',(139.125564176504,-115.038131374402,-2.79999999999999));
#10745=CARTESIAN_POINT('Ctrl Pts',(139.016262483278,-115.045234692877,-2.79999999999999));
#10746=CARTESIAN_POINT('Ctrl Pts',(138.918185292892,-115.094021620881,-2.79999999999999));
#10747=CARTESIAN_POINT('Ctrl Pts',(138.868990200828,-115.118492931746,-2.79999999999999));
#10748=CARTESIAN_POINT('',(138.868990200828,-115.118492931746,0.200000000000013));
#10749=CARTESIAN_POINT('Ctrl Pts',(138.868990200828,-115.118492931746,0.200000000000013));
#10750=CARTESIAN_POINT('Ctrl Pts',(138.868990200828,-115.118492931746,-2.79999999999999));
#10751=CARTESIAN_POINT('Ctrl Pts',(138.824345805907,-115.14912042132,0.200000000000013));
#10752=CARTESIAN_POINT('Ctrl Pts',(138.824345805907,-115.14912042132,-2.79999999999999));
#10753=CARTESIAN_POINT('Ctrl Pts',(138.736783194491,-115.209191186596,0.200000000000013));
#10754=CARTESIAN_POINT('Ctrl Pts',(138.736783194491,-115.209191186596,-2.79999999999999));
#10755=CARTESIAN_POINT('Ctrl Pts',(138.688175897167,-115.303506405554,0.200000000000013));
#10756=CARTESIAN_POINT('Ctrl Pts',(138.688175897167,-115.303506405554,-2.79999999999999));
#10757=CARTESIAN_POINT('Ctrl Pts',(138.66435136206,-115.349734366558,0.200000000000013));
#10758=CARTESIAN_POINT('Ctrl Pts',(138.66435136206,-115.349734366558,-2.79999999999999));
#10759=CARTESIAN_POINT('',(138.66435136206,-115.349734366558,1.29816010299149E-14));
#10760=CARTESIAN_POINT('Ctrl Pts',(138.868990200828,-115.118492931746,1.27304502313516E-14));
#10761=CARTESIAN_POINT('Ctrl Pts',(138.824345805907,-115.14912042132,1.27756639856723E-14));
#10762=CARTESIAN_POINT('Ctrl Pts',(138.736783194491,-115.209191186596,1.28643433018558E-14));
#10763=CARTESIAN_POINT('Ctrl Pts',(138.688175897167,-115.303506405554,1.29430322035705E-14));
#10764=CARTESIAN_POINT('Ctrl Pts',(138.66435136206,-115.349734366558,1.29816010299149E-14));
#10765=CARTESIAN_POINT('',(138.66435136206,-115.349734366558,-2.79999999999999));
#10766=CARTESIAN_POINT('Ctrl Pts',(138.868990200828,-115.118492931746,-2.79999999999999));
#10767=CARTESIAN_POINT('Ctrl Pts',(138.824345805907,-115.14912042132,-2.79999999999999));
#10768=CARTESIAN_POINT('Ctrl Pts',(138.736783194491,-115.209191186596,-2.79999999999999));
#10769=CARTESIAN_POINT('Ctrl Pts',(138.688175897167,-115.303506405554,-2.79999999999999));
#10770=CARTESIAN_POINT('Ctrl Pts',(138.66435136206,-115.349734366558,-2.79999999999999));
#10771=CARTESIAN_POINT('',(138.66435136206,-115.349734366558,0.200000000000013));
#10772=CARTESIAN_POINT('Ctrl Pts',(138.66435136206,-115.349734366558,0.200000000000013));
#10773=CARTESIAN_POINT('Ctrl Pts',(138.66435136206,-115.349734366558,-2.79999999999999));
#10774=CARTESIAN_POINT('Ctrl Pts',(138.646532698695,-115.409372117561,0.200000000000013));
#10775=CARTESIAN_POINT('Ctrl Pts',(138.646532698695,-115.409372117561,-2.79999999999999));
#10776=CARTESIAN_POINT('Ctrl Pts',(138.605127216763,-115.54795320925,0.200000000000013));
#10777=CARTESIAN_POINT('Ctrl Pts',(138.605127216763,-115.54795320925,-2.79999999999999));
#10778=CARTESIAN_POINT('Ctrl Pts',(138.603747133023,-115.692844443542,0.200000000000013));
#10779=CARTESIAN_POINT('Ctrl Pts',(138.603747133023,-115.692844443542,-2.79999999999999));
#10780=CARTESIAN_POINT('Ctrl Pts',(138.602960962128,-115.775382385276,0.200000000000013));
#10781=CARTESIAN_POINT('Ctrl Pts',(138.602960962128,-115.775382385276,-2.79999999999999));
#10782=CARTESIAN_POINT('',(138.602960962128,-115.775382385276,1.3229106302898E-14));
#10783=CARTESIAN_POINT('Ctrl Pts',(138.66435136206,-115.349734366558,1.29816010299149E-14));
#10784=CARTESIAN_POINT('Ctrl Pts',(138.646532698695,-115.409372117561,1.30225583113268E-14));
#10785=CARTESIAN_POINT('Ctrl Pts',(138.605127216763,-115.54795320925,1.31177313344628E-14));
#10786=CARTESIAN_POINT('Ctrl Pts',(138.603747133023,-115.692844443542,1.31886864200506E-14));
#10787=CARTESIAN_POINT('Ctrl Pts',(138.602960962128,-115.775382385276,1.3229106302898E-14));
#10788=CARTESIAN_POINT('',(138.602960962128,-115.775382385276,-2.79999999999999));
#10789=CARTESIAN_POINT('Ctrl Pts',(138.66435136206,-115.349734366558,-2.79999999999999));
#10790=CARTESIAN_POINT('Ctrl Pts',(138.646532698695,-115.409372117561,-2.79999999999999));
#10791=CARTESIAN_POINT('Ctrl Pts',(138.605127216763,-115.54795320925,-2.79999999999999));
#10792=CARTESIAN_POINT('Ctrl Pts',(138.603747133023,-115.692844443542,-2.79999999999999));
#10793=CARTESIAN_POINT('Ctrl Pts',(138.602960962128,-115.775382385276,-2.79999999999999));
#10794=CARTESIAN_POINT('',(138.602960962128,-115.775382385276,0.200000000000013));
#10795=CARTESIAN_POINT('Origin',(138.602960962128,-115.775382385276,0.200000000000013));
#10796=CARTESIAN_POINT('',(138.602960962128,-116.939775288723,1.37917688161503E-14));
#10797=CARTESIAN_POINT('',(138.602960962128,-96.5698876443616,0.));
#10798=CARTESIAN_POINT('',(138.602960962128,-116.939775288723,-2.79999999999999));
#10799=CARTESIAN_POINT('',(138.602960962128,-115.775382385276,-2.79999999999999));
#10800=CARTESIAN_POINT('',(138.602960962128,-116.939775288723,0.200000000000014));
#10801=CARTESIAN_POINT('Origin',(138.602960962128,-116.939775288723,0.200000000000014));
#10802=CARTESIAN_POINT('',(138.234611409973,-116.939775288723,1.4042705499012E-14));
#10803=CARTESIAN_POINT('',(134.601680704986,-116.939775288723,0.));
#10804=CARTESIAN_POINT('',(138.234611409973,-116.939775288723,-2.79999999999999));
#10805=CARTESIAN_POINT('',(138.602960962128,-116.939775288723,-2.79999999999999));
#10806=CARTESIAN_POINT('',(138.234611409973,-116.939775288723,0.200000000000014));
#10807=CARTESIAN_POINT('Origin',(138.234611409973,-116.939775288723,0.200000000000014));
#10808=CARTESIAN_POINT('',(138.234611409973,-114.766514689348,1.29925339794686E-14));
#10809=CARTESIAN_POINT('',(138.234611409973,-95.4832573446743,0.));
#10810=CARTESIAN_POINT('',(138.234611409973,-114.766514689348,-2.79999999999999));
#10811=CARTESIAN_POINT('',(138.234611409973,-116.939775288723,-2.79999999999999));
#10812=CARTESIAN_POINT('',(138.234611409973,-114.766514689348,0.200000000000013));
#10813=CARTESIAN_POINT('Origin',(138.234611409973,-114.766514689348,0.200000000000013));
#10814=CARTESIAN_POINT('',(138.564079660248,-114.766514689348,1.27680850301638E-14));
#10815=CARTESIAN_POINT('',(134.766414830124,-114.766514689348,0.));
#10816=CARTESIAN_POINT('',(138.564079660248,-114.766514689348,-2.79999999999999));
#10817=CARTESIAN_POINT('',(138.234611409973,-114.766514689348,-2.79999999999999));
#10818=CARTESIAN_POINT('',(138.564079660248,-114.766514689348,0.200000000000013));
#10819=CARTESIAN_POINT('Origin',(139.628199595283,-116.939775288723,0.200000000000013));
#10820=CARTESIAN_POINT('',(139.628199595283,-116.939775288723,1.30933290266278E-14));
#10821=CARTESIAN_POINT('',(139.628199595283,-95.9672273534648,0.));
#10822=CARTESIAN_POINT('',(139.628199595283,-116.939775288723,-2.79999999999999));
#10823=CARTESIAN_POINT('',(139.628199595283,-116.939775288723,0.200000000000013));
#10824=CARTESIAN_POINT('',(139.628199595283,-116.939775288723,-2.79999999999999));
#10825=CARTESIAN_POINT('Origin',(139.996548551391,-116.939775288723,0.200000000000013));
#10826=CARTESIAN_POINT('',(139.996548551391,-116.939775288723,1.28423927490845E-14));
#10827=CARTESIAN_POINT('',(135.298474797642,-116.939775288723,0.));
#10828=CARTESIAN_POINT('',(139.996548551391,-116.939775288723,-2.79999999999999));
#10829=CARTESIAN_POINT('',(139.996548551391,-116.939775288723,0.200000000000013));
#10830=CARTESIAN_POINT('',(139.996548551391,-116.939775288723,-2.79999999999999));
#10831=CARTESIAN_POINT('Origin',(139.996548551391,-115.593254134677,0.200000000000012));
#10832=CARTESIAN_POINT('',(139.996548551391,-115.593254134677,1.21917215108354E-14));
#10833=CARTESIAN_POINT('',(139.996548551392,-96.5698876443616,0.));
#10834=CARTESIAN_POINT('',(139.996548551391,-115.593254134677,-2.79999999999999));
#10835=CARTESIAN_POINT('',(139.996548551391,-115.593254134677,0.200000000000012));
#10836=CARTESIAN_POINT('',(139.996548551391,-115.593254134677,-2.79999999999999));
#10837=CARTESIAN_POINT('Ctrl Pts',(139.974038261246,-115.249461472653,0.200000000000012));
#10838=CARTESIAN_POINT('Ctrl Pts',(139.974038261246,-115.249461472653,-2.79999999999999));
#10839=CARTESIAN_POINT('Ctrl Pts',(139.980551738716,-115.296121823676,0.200000000000012));
#10840=CARTESIAN_POINT('Ctrl Pts',(139.980551738716,-115.296121823676,-2.79999999999999));
#10841=CARTESIAN_POINT('Ctrl Pts',(139.996462099488,-115.410098270491,0.200000000000012));
#10842=CARTESIAN_POINT('Ctrl Pts',(139.996462099488,-115.410098270491,-2.79999999999999));
#10843=CARTESIAN_POINT('Ctrl Pts',(139.996516450763,-115.525246165232,0.200000000000012));
#10844=CARTESIAN_POINT('Ctrl Pts',(139.996516450763,-115.525246165232,-2.79999999999999));
#10845=CARTESIAN_POINT('Ctrl Pts',(139.996548551391,-115.593254134677,0.200000000000012));
#10846=CARTESIAN_POINT('Ctrl Pts',(139.996548551391,-115.593254134677,-2.79999999999999));
#10847=CARTESIAN_POINT('',(139.974038261246,-115.249461472653,1.20409277176661E-14));
#10848=CARTESIAN_POINT('Ctrl Pts',(139.974038261246,-115.249461472653,1.20409277176661E-14));
#10849=CARTESIAN_POINT('Ctrl Pts',(139.980551738716,-115.296121823676,1.20590378362894E-14));
#10850=CARTESIAN_POINT('Ctrl Pts',(139.996462099488,-115.410098270491,1.21032751121688E-14));
#10851=CARTESIAN_POINT('Ctrl Pts',(139.996516450763,-115.525246165232,1.21588802981193E-14));
#10852=CARTESIAN_POINT('Ctrl Pts',(139.996548551391,-115.593254134677,1.21917215108354E-14));
#10853=CARTESIAN_POINT('',(139.974038261246,-115.249461472653,-2.79999999999999));
#10854=CARTESIAN_POINT('',(139.974038261246,-115.249461472653,0.200000000000012));
#10855=CARTESIAN_POINT('Ctrl Pts',(139.974038261246,-115.249461472653,-2.79999999999999));
#10856=CARTESIAN_POINT('Ctrl Pts',(139.980551738716,-115.296121823676,-2.79999999999999));
#10857=CARTESIAN_POINT('Ctrl Pts',(139.996462099488,-115.410098270491,-2.79999999999999));
#10858=CARTESIAN_POINT('Ctrl Pts',(139.996516450763,-115.525246165232,-2.79999999999999));
#10859=CARTESIAN_POINT('Ctrl Pts',(139.996548551391,-115.593254134677,-2.79999999999999));
#10860=CARTESIAN_POINT('Ctrl Pts',(139.861486810516,-114.975245983027,0.200000000000012));
#10861=CARTESIAN_POINT('Ctrl Pts',(139.861486810516,-114.975245983027,-2.79999999999999));
#10862=CARTESIAN_POINT('Ctrl Pts',(139.886349624358,-115.015947813857,0.200000000000012));
#10863=CARTESIAN_POINT('Ctrl Pts',(139.886349624358,-115.015947813857,-2.79999999999999));
#10864=CARTESIAN_POINT('Ctrl Pts',(139.938472253503,-115.101275502324,0.200000000000012));
#10865=CARTESIAN_POINT('Ctrl Pts',(139.938472253503,-115.101275502324,-2.79999999999999));
#10866=CARTESIAN_POINT('Ctrl Pts',(139.961824946213,-115.198574627207,0.200000000000012));
#10867=CARTESIAN_POINT('Ctrl Pts',(139.961824946213,-115.198574627207,-2.79999999999999));
#10868=CARTESIAN_POINT('Ctrl Pts',(139.974038261246,-115.249461472653,0.200000000000012));
#10869=CARTESIAN_POINT('Ctrl Pts',(139.974038261246,-115.249461472653,-2.79999999999999));
#10870=CARTESIAN_POINT('',(139.861486810516,-114.975245983027,1.19850954623657E-14));
#10871=CARTESIAN_POINT('Ctrl Pts',(139.861486810516,-114.975245983027,1.19850954623657E-14));
#10872=CARTESIAN_POINT('Ctrl Pts',(139.886349624358,-115.015947813857,1.19878258697624E-14));
#10873=CARTESIAN_POINT('Ctrl Pts',(139.938472253503,-115.101275502324,1.19935499099705E-14));
#10874=CARTESIAN_POINT('Ctrl Pts',(139.961824946213,-115.198574627207,1.20246582496137E-14));
#10875=CARTESIAN_POINT('Ctrl Pts',(139.974038261246,-115.249461472653,1.20409277176661E-14));
#10876=CARTESIAN_POINT('',(139.861486810516,-114.975245983027,-2.79999999999999));
#10877=CARTESIAN_POINT('',(139.861486810516,-114.975245983027,0.200000000000012));
#10878=CARTESIAN_POINT('Ctrl Pts',(139.861486810516,-114.975245983027,-2.79999999999999));
#10879=CARTESIAN_POINT('Ctrl Pts',(139.886349624358,-115.015947813857,-2.79999999999999));
#10880=CARTESIAN_POINT('Ctrl Pts',(139.938472253503,-115.101275502324,-2.79999999999999));
#10881=CARTESIAN_POINT('Ctrl Pts',(139.961824946213,-115.198574627207,-2.79999999999999));
#10882=CARTESIAN_POINT('Ctrl Pts',(139.974038261246,-115.249461472653,-2.79999999999999));
#10883=CARTESIAN_POINT('Ctrl Pts',(139.613874214958,-114.791071355961,0.200000000000012));
#10884=CARTESIAN_POINT('Ctrl Pts',(139.613874214958,-114.791071355961,-2.79999999999999));
#10885=CARTESIAN_POINT('Ctrl Pts',(139.664452072886,-114.815642198639,0.200000000000012));
#10886=CARTESIAN_POINT('Ctrl Pts',(139.664452072886,-114.815642198639,-2.79999999999999));
#10887=CARTESIAN_POINT('Ctrl Pts',(139.758791978646,-114.861472747374,0.200000000000012));
#10888=CARTESIAN_POINT('Ctrl Pts',(139.758791978646,-114.861472747374,-2.79999999999999));
#10889=CARTESIAN_POINT('Ctrl Pts',(139.82894464853,-114.939193272322,0.200000000000012));
#10890=CARTESIAN_POINT('Ctrl Pts',(139.82894464853,-114.939193272322,-2.79999999999999));
#10891=CARTESIAN_POINT('Ctrl Pts',(139.861486810516,-114.975245983027,0.200000000000012));
#10892=CARTESIAN_POINT('Ctrl Pts',(139.861486810516,-114.975245983027,-2.79999999999999));
#10893=CARTESIAN_POINT('',(139.613874214958,-114.791071355961,1.20647829861467E-14));
#10894=CARTESIAN_POINT('Ctrl Pts',(139.613874214958,-114.791071355961,1.20647829861467E-14));
#10895=CARTESIAN_POINT('Ctrl Pts',(139.664452072886,-114.815642198639,1.20422002399127E-14));
#10896=CARTESIAN_POINT('Ctrl Pts',(139.758791978646,-114.861472747374,1.2000077965598E-14));
#10897=CARTESIAN_POINT('Ctrl Pts',(139.82894464853,-114.939193272322,1.19898431523454E-14));
#10898=CARTESIAN_POINT('Ctrl Pts',(139.861486810516,-114.975245983027,1.19850954623657E-14));
#10899=CARTESIAN_POINT('',(139.613874214958,-114.791071355961,-2.79999999999999));
#10900=CARTESIAN_POINT('',(139.613874214958,-114.791071355961,0.200000000000012));
#10901=CARTESIAN_POINT('Ctrl Pts',(139.613874214958,-114.791071355961,-2.79999999999999));
#10902=CARTESIAN_POINT('Ctrl Pts',(139.664452072886,-114.815642198639,-2.79999999999999));
#10903=CARTESIAN_POINT('Ctrl Pts',(139.758791978646,-114.861472747374,-2.79999999999999));
#10904=CARTESIAN_POINT('Ctrl Pts',(139.82894464853,-114.939193272322,-2.79999999999999));
#10905=CARTESIAN_POINT('Ctrl Pts',(139.861486810516,-114.975245983027,-2.79999999999999));
#10906=CARTESIAN_POINT('Ctrl Pts',(139.253710764717,-114.717401505135,0.200000000000012));
#10907=CARTESIAN_POINT('Ctrl Pts',(139.253710764717,-114.717401505135,-2.79999999999999));
#10908=CARTESIAN_POINT('Ctrl Pts',(139.316448717031,-114.720314580462,0.200000000000012));
#10909=CARTESIAN_POINT('Ctrl Pts',(139.316448717031,-114.720314580462,-2.79999999999999));
#10910=CARTESIAN_POINT('Ctrl Pts',(139.440374852682,-114.726068771584,0.200000000000012));
#10911=CARTESIAN_POINT('Ctrl Pts',(139.440374852682,-114.726068771584,-2.79999999999999));
#10912=CARTESIAN_POINT('Ctrl Pts',(139.556525270555,-114.769585227433,0.200000000000012));
#10913=CARTESIAN_POINT('Ctrl Pts',(139.556525270555,-114.769585227433,-2.79999999999999));
#10914=CARTESIAN_POINT('Ctrl Pts',(139.613874214958,-114.791071355961,0.200000000000012));
#10915=CARTESIAN_POINT('Ctrl Pts',(139.613874214958,-114.791071355961,-2.79999999999999));
#10916=CARTESIAN_POINT('',(139.253710764717,-114.717401505135,1.22745438837019E-14));
#10917=CARTESIAN_POINT('Ctrl Pts',(139.253710764717,-114.717401505135,1.22745438837019E-14));
#10918=CARTESIAN_POINT('Ctrl Pts',(139.316448717031,-114.720314580462,1.22332115668721E-14));
#10919=CARTESIAN_POINT('Ctrl Pts',(139.440374852682,-114.726068771584,1.21515679387862E-14));
#10920=CARTESIAN_POINT('Ctrl Pts',(139.556525270555,-114.769585227433,1.20934691176175E-14));
#10921=CARTESIAN_POINT('Ctrl Pts',(139.613874214958,-114.791071355961,1.20647829861467E-14));
#10922=CARTESIAN_POINT('',(139.253710764717,-114.717401505135,-2.79999999999999));
#10923=CARTESIAN_POINT('',(139.253710764717,-114.717401505135,0.200000000000012));
#10924=CARTESIAN_POINT('Ctrl Pts',(139.253710764717,-114.717401505135,-2.79999999999999));
#10925=CARTESIAN_POINT('Ctrl Pts',(139.316448717031,-114.720314580462,-2.79999999999999));
#10926=CARTESIAN_POINT('Ctrl Pts',(139.440374852682,-114.726068771584,-2.79999999999999));
#10927=CARTESIAN_POINT('Ctrl Pts',(139.556525270555,-114.769585227433,-2.79999999999999));
#10928=CARTESIAN_POINT('Ctrl Pts',(139.613874214958,-114.791071355961,-2.79999999999999));
#10929=CARTESIAN_POINT('Ctrl Pts',(138.564079660248,-115.085750759266,0.200000000000013));
#10930=CARTESIAN_POINT('Ctrl Pts',(138.564079660248,-115.085750759266,-2.79999999999999));
#10931=CARTESIAN_POINT('Ctrl Pts',(138.655683962633,-114.978317437549,0.200000000000013));
#10932=CARTESIAN_POINT('Ctrl Pts',(138.655683962633,-114.978317437549,-2.79999999999999));
#10933=CARTESIAN_POINT('Ctrl Pts',(138.837490422652,-114.765095226355,0.200000000000013));
#10934=CARTESIAN_POINT('Ctrl Pts',(138.837490422652,-114.765095226355,-2.79999999999999));
#10935=CARTESIAN_POINT('Ctrl Pts',(139.115685825547,-114.733217461985,0.200000000000012));
#10936=CARTESIAN_POINT('Ctrl Pts',(139.115685825547,-114.733217461985,-2.79999999999999));
#10937=CARTESIAN_POINT('Ctrl Pts',(139.253710764717,-114.717401505135,0.200000000000012));
#10938=CARTESIAN_POINT('Ctrl Pts',(139.253710764717,-114.717401505135,-2.79999999999999));
#10939=CARTESIAN_POINT('',(138.564079660248,-115.085750759266,1.29223475349215E-14));
#10940=CARTESIAN_POINT('Ctrl Pts',(138.564079660248,-115.085750759266,1.29223475349215E-14));
#10941=CARTESIAN_POINT('Ctrl Pts',(138.655683962633,-114.978317437549,1.28080281136984E-14));
#10942=CARTESIAN_POINT('Ctrl Pts',(138.837490422652,-114.765095226355,1.25811391056636E-14));
#10943=CARTESIAN_POINT('Ctrl Pts',(139.115685825547,-114.733217461985,1.23762154776125E-14));
#10944=CARTESIAN_POINT('Ctrl Pts',(139.253710764717,-114.717401505135,1.22745438837019E-14));
#10945=CARTESIAN_POINT('',(138.564079660248,-115.085750759266,-2.79999999999999));
#10946=CARTESIAN_POINT('',(138.564079660248,-115.085750759266,0.200000000000013));
#10947=CARTESIAN_POINT('Ctrl Pts',(138.564079660248,-115.085750759266,-2.79999999999999));
#10948=CARTESIAN_POINT('Ctrl Pts',(138.655683962633,-114.978317437549,-2.79999999999999));
#10949=CARTESIAN_POINT('Ctrl Pts',(138.837490422652,-114.765095226355,-2.79999999999999));
#10950=CARTESIAN_POINT('Ctrl Pts',(139.115685825547,-114.733217461985,-2.79999999999999));
#10951=CARTESIAN_POINT('Ctrl Pts',(139.253710764717,-114.717401505135,-2.79999999999999));
#10952=CARTESIAN_POINT('Origin',(138.564079660248,-114.766514689348,0.200000000000013));
#10953=CARTESIAN_POINT('',(138.564079660248,-95.6428753796331,0.));
#10954=CARTESIAN_POINT('',(138.564079660248,-114.766514689348,-2.79999999999999));
#10955=CARTESIAN_POINT('Origin',(142.440954479646,-113.509011358641,-2.79999999999999));
#10956=CARTESIAN_POINT('Ctrl Pts',(142.965852278541,-116.714672983311,0.200000000000011));
#10957=CARTESIAN_POINT('Ctrl Pts',(142.965852278541,-116.714672983311,-2.79999999999999));
#10958=CARTESIAN_POINT('Ctrl Pts',(142.93716800033,-116.666976410765,0.200000000000011));
#10959=CARTESIAN_POINT('Ctrl Pts',(142.93716800033,-116.666976410765,-2.79999999999999));
#10960=CARTESIAN_POINT('Ctrl Pts',(142.874630103982,-116.562987623314,0.200000000000011));
#10961=CARTESIAN_POINT('Ctrl Pts',(142.874630103982,-116.562987623314,-2.79999999999999));
#10962=CARTESIAN_POINT('Ctrl Pts',(142.851498475922,-116.443660962389,0.200000000000011));
#10963=CARTESIAN_POINT('Ctrl Pts',(142.851498475922,-116.443660962389,-2.79999999999999));
#10964=CARTESIAN_POINT('Ctrl Pts',(142.83897663958,-116.379065901659,0.200000000000011));
#10965=CARTESIAN_POINT('Ctrl Pts',(142.83897663958,-116.379065901659,-2.79999999999999));
#10966=CARTESIAN_POINT('',(142.965852278541,-116.714672983311,1.07107914355966E-14));
#10967=CARTESIAN_POINT('',(142.83897663958,-116.379065901659,1.06350515982018E-14));
#10968=CARTESIAN_POINT('Ctrl Pts',(142.965852278541,-116.714672983311,1.07107914355966E-14));
#10969=CARTESIAN_POINT('Ctrl Pts',(142.93716800033,-116.666976410765,1.07072843635073E-14));
#10970=CARTESIAN_POINT('Ctrl Pts',(142.874630103982,-116.562987623314,1.06996381913022E-14));
#10971=CARTESIAN_POINT('Ctrl Pts',(142.851498475922,-116.443660962389,1.06577350205881E-14));
#10972=CARTESIAN_POINT('Ctrl Pts',(142.83897663958,-116.379065901659,1.06350515982018E-14));
#10973=CARTESIAN_POINT('',(142.965852278541,-116.714672983311,-2.79999999999999));
#10974=CARTESIAN_POINT('',(142.965852278541,-116.714672983311,0.200000000000011));
#10975=CARTESIAN_POINT('',(142.83897663958,-116.379065901659,-2.79999999999999));
#10976=CARTESIAN_POINT('Ctrl Pts',(142.965852278541,-116.714672983311,-2.79999999999999));
#10977=CARTESIAN_POINT('Ctrl Pts',(142.93716800033,-116.666976410765,-2.79999999999999));
#10978=CARTESIAN_POINT('Ctrl Pts',(142.874630103982,-116.562987623314,-2.79999999999999));
#10979=CARTESIAN_POINT('Ctrl Pts',(142.851498475922,-116.443660962389,-2.79999999999999));
#10980=CARTESIAN_POINT('Ctrl Pts',(142.83897663958,-116.379065901659,-2.79999999999999));
#10981=CARTESIAN_POINT('',(142.83897663958,-116.379065901659,0.200000000000011));
#10982=CARTESIAN_POINT('Origin',(142.83897663958,-116.379065901659,0.200000000000011));
#10983=CARTESIAN_POINT('',(143.199140089821,-116.329952717446,1.03659589957263E-14));
#10984=CARTESIAN_POINT('',(139.88176413891,-116.782322040524,0.));
#10985=CARTESIAN_POINT('',(143.199140089821,-116.329952717446,-2.79999999999999));
#10986=CARTESIAN_POINT('',(142.83897663958,-116.379065901659,-2.79999999999999));
#10987=CARTESIAN_POINT('',(143.199140089821,-116.329952717446,0.20000000000001));
#10988=CARTESIAN_POINT('Ctrl Pts',(143.199140089821,-116.329952717446,0.20000000000001));
#10989=CARTESIAN_POINT('Ctrl Pts',(143.199140089821,-116.329952717446,-2.79999999999999));
#10990=CARTESIAN_POINT('Ctrl Pts',(143.210594652431,-116.382287196058,0.20000000000001));
#10991=CARTESIAN_POINT('Ctrl Pts',(143.210594652431,-116.382287196058,-2.79999999999999));
#10992=CARTESIAN_POINT('Ctrl Pts',(143.232806785843,-116.483771683998,0.20000000000001));
#10993=CARTESIAN_POINT('Ctrl Pts',(143.232806785843,-116.483771683998,-2.79999999999999));
#10994=CARTESIAN_POINT('Ctrl Pts',(143.30663267752,-116.556612413617,0.20000000000001));
#10995=CARTESIAN_POINT('Ctrl Pts',(143.30663267752,-116.556612413617,-2.79999999999999));
#10996=CARTESIAN_POINT('Ctrl Pts',(143.342387336563,-116.591889948271,0.20000000000001));
#10997=CARTESIAN_POINT('Ctrl Pts',(143.342387336563,-116.591889948271,-2.79999999999999));
#10998=CARTESIAN_POINT('',(143.342387336563,-116.591889948271,1.03949467089767E-14));
#10999=CARTESIAN_POINT('Ctrl Pts',(143.199140089821,-116.329952717446,1.03659589957263E-14));
#11000=CARTESIAN_POINT('Ctrl Pts',(143.210594652431,-116.382287196058,1.03834448907721E-14));
#11001=CARTESIAN_POINT('Ctrl Pts',(143.232806785843,-116.483771683998,1.04173526949855E-14));
#11002=CARTESIAN_POINT('Ctrl Pts',(143.30663267752,-116.556612413617,1.04022574801229E-14));
#11003=CARTESIAN_POINT('Ctrl Pts',(143.342387336563,-116.591889948271,1.03949467089767E-14));
#11004=CARTESIAN_POINT('',(143.342387336563,-116.591889948271,-2.79999999999999));
#11005=CARTESIAN_POINT('Ctrl Pts',(143.199140089821,-116.329952717446,-2.79999999999999));
#11006=CARTESIAN_POINT('Ctrl Pts',(143.210594652431,-116.382287196058,-2.79999999999999));
#11007=CARTESIAN_POINT('Ctrl Pts',(143.232806785843,-116.483771683998,-2.79999999999999));
#11008=CARTESIAN_POINT('Ctrl Pts',(143.30663267752,-116.556612413617,-2.79999999999999));
#11009=CARTESIAN_POINT('Ctrl Pts',(143.342387336563,-116.591889948271,-2.79999999999999));
#11010=CARTESIAN_POINT('',(143.342387336563,-116.591889948271,0.20000000000001));
#11011=CARTESIAN_POINT('Ctrl Pts',(143.342387336563,-116.591889948271,0.20000000000001));
#11012=CARTESIAN_POINT('Ctrl Pts',(143.342387336563,-116.591889948271,-2.79999999999999));
#11013=CARTESIAN_POINT('Ctrl Pts',(143.388289722586,-116.619278372164,0.20000000000001));
#11014=CARTESIAN_POINT('Ctrl Pts',(143.388289722586,-116.619278372164,-2.79999999999999));
#11015=CARTESIAN_POINT('Ctrl Pts',(143.48995033938,-116.679935874032,0.20000000000001));
#11016=CARTESIAN_POINT('Ctrl Pts',(143.48995033938,-116.679935874032,-2.79999999999999));
#11017=CARTESIAN_POINT('Ctrl Pts',(143.608745261936,-116.683867285694,0.20000000000001));
#11018=CARTESIAN_POINT('Ctrl Pts',(143.608745261936,-116.683867285694,-2.79999999999999));
#11019=CARTESIAN_POINT('Ctrl Pts',(143.673901218246,-116.686023563765,0.20000000000001));
#11020=CARTESIAN_POINT('Ctrl Pts',(143.673901218246,-116.686023563765,-2.79999999999999));
#11021=CARTESIAN_POINT('',(143.673901218246,-116.686023563765,1.02145917968204E-14));
#11022=CARTESIAN_POINT('Ctrl Pts',(143.342387336563,-116.591889948271,1.03949467089767E-14));
#11023=CARTESIAN_POINT('Ctrl Pts',(143.388289722586,-116.619278372164,1.037691063129E-14));
#11024=CARTESIAN_POINT('Ctrl Pts',(143.48995033938,-116.679935874032,1.03369658933942E-14));
#11025=CARTESIAN_POINT('Ctrl Pts',(143.608745261936,-116.683867285694,1.02579370659426E-14));
#11026=CARTESIAN_POINT('Ctrl Pts',(143.673901218246,-116.686023563765,1.02145917968204E-14));
#11027=CARTESIAN_POINT('',(143.673901218246,-116.686023563765,-2.79999999999999));
#11028=CARTESIAN_POINT('Ctrl Pts',(143.342387336563,-116.591889948271,-2.79999999999999));
#11029=CARTESIAN_POINT('Ctrl Pts',(143.388289722586,-116.619278372164,-2.79999999999999));
#11030=CARTESIAN_POINT('Ctrl Pts',(143.48995033938,-116.679935874032,-2.79999999999999));
#11031=CARTESIAN_POINT('Ctrl Pts',(143.608745261936,-116.683867285694,-2.79999999999999));
#11032=CARTESIAN_POINT('Ctrl Pts',(143.673901218246,-116.686023563765,-2.79999999999999));
#11033=CARTESIAN_POINT('',(143.673901218246,-116.686023563765,0.20000000000001));
#11034=CARTESIAN_POINT('Ctrl Pts',(143.673901218246,-116.686023563765,0.20000000000001));
#11035=CARTESIAN_POINT('Ctrl Pts',(143.673901218246,-116.686023563765,-2.79999999999999));
#11036=CARTESIAN_POINT('Ctrl Pts',(143.748031218855,-116.685426314435,0.20000000000001));
#11037=CARTESIAN_POINT('Ctrl Pts',(143.748031218855,-116.685426314435,-2.79999999999999));
#11038=CARTESIAN_POINT('Ctrl Pts',(143.875735073279,-116.684397432191,0.20000000000001));
#11039=CARTESIAN_POINT('Ctrl Pts',(143.875735073279,-116.684397432191,-2.79999999999999));
#11040=CARTESIAN_POINT('Ctrl Pts',(143.988714694584,-116.626437126152,0.20000000000001));
#11041=CARTESIAN_POINT('Ctrl Pts',(143.988714694584,-116.626437126152,-2.79999999999999));
#11042=CARTESIAN_POINT('Ctrl Pts',(144.036111491989,-116.602121830605,0.20000000000001));
#11043=CARTESIAN_POINT('Ctrl Pts',(144.036111491989,-116.602121830605,-2.79999999999999));
#11044=CARTESIAN_POINT('',(144.036111491989,-116.602121830605,9.92729414433856E-15));
#11045=CARTESIAN_POINT('Ctrl Pts',(143.673901218246,-116.686023563765,1.02145917968204E-14));
#11046=CARTESIAN_POINT('Ctrl Pts',(143.748031218855,-116.685426314435,1.01638024150372E-14));
#11047=CARTESIAN_POINT('Ctrl Pts',(143.875735073279,-116.684397432191,1.0076307489142E-14));
#11048=CARTESIAN_POINT('Ctrl Pts',(143.988714694584,-116.626437126152,9.97133276038613E-15));
#11049=CARTESIAN_POINT('Ctrl Pts',(144.036111491989,-116.602121830605,9.92729414433856E-15));
#11050=CARTESIAN_POINT('',(144.036111491989,-116.602121830605,-2.79999999999999));
#11051=CARTESIAN_POINT('Ctrl Pts',(143.673901218246,-116.686023563765,-2.79999999999999));
#11052=CARTESIAN_POINT('Ctrl Pts',(143.748031218855,-116.685426314435,-2.79999999999999));
#11053=CARTESIAN_POINT('Ctrl Pts',(143.875735073279,-116.684397432191,-2.79999999999999));
#11054=CARTESIAN_POINT('Ctrl Pts',(143.988714694584,-116.626437126152,-2.79999999999999));
#11055=CARTESIAN_POINT('Ctrl Pts',(144.036111491989,-116.602121830605,-2.79999999999999));
#11056=CARTESIAN_POINT('',(144.036111491989,-116.602121830605,0.20000000000001));
#11057=CARTESIAN_POINT('Ctrl Pts',(144.036111491989,-116.602121830605,0.20000000000001));
#11058=CARTESIAN_POINT('Ctrl Pts',(144.036111491989,-116.602121830605,-2.79999999999999));
#11059=CARTESIAN_POINT('Ctrl Pts',(144.067713383688,-116.574163220044,0.20000000000001));
#11060=CARTESIAN_POINT('Ctrl Pts',(144.067713383688,-116.574163220044,-2.79999999999999));
#11061=CARTESIAN_POINT('Ctrl Pts',(144.127479307981,-116.521287518233,0.20000000000001));
#11062=CARTESIAN_POINT('Ctrl Pts',(144.127479307981,-116.521287518233,-2.79999999999999));
#11063=CARTESIAN_POINT('Ctrl Pts',(144.139095764676,-116.442701662457,0.20000000000001));
#11064=CARTESIAN_POINT('Ctrl Pts',(144.139095764676,-116.442701662457,-2.79999999999999));
#11065=CARTESIAN_POINT('Ctrl Pts',(144.144569891762,-116.405668944739,0.20000000000001));
#11066=CARTESIAN_POINT('Ctrl Pts',(144.144569891762,-116.405668944739,-2.79999999999999));
#11067=CARTESIAN_POINT('',(144.144569891762,-116.405668944739,9.75847654884287E-15));
#11068=CARTESIAN_POINT('Ctrl Pts',(144.036111491989,-116.602121830605,9.92729414433856E-15));
#11069=CARTESIAN_POINT('Ctrl Pts',(144.067713383688,-116.574163220044,9.89225521199654E-15));
#11070=CARTESIAN_POINT('Ctrl Pts',(144.127479307981,-116.521287518233,9.82598910724452E-15));
#11071=CARTESIAN_POINT('Ctrl Pts',(144.139095764676,-116.442701662457,9.78010087812416E-15));
#11072=CARTESIAN_POINT('Ctrl Pts',(144.144569891762,-116.405668944739,9.75847654884287E-15));
#11073=CARTESIAN_POINT('',(144.144569891762,-116.405668944739,-2.79999999999999));
#11074=CARTESIAN_POINT('Ctrl Pts',(144.036111491989,-116.602121830605,-2.79999999999999));
#11075=CARTESIAN_POINT('Ctrl Pts',(144.067713383688,-116.574163220044,-2.79999999999999));
#11076=CARTESIAN_POINT('Ctrl Pts',(144.127479307981,-116.521287518233,-2.79999999999999));
#11077=CARTESIAN_POINT('Ctrl Pts',(144.139095764676,-116.442701662457,-2.79999999999999));
#11078=CARTESIAN_POINT('Ctrl Pts',(144.144569891762,-116.405668944739,-2.79999999999999));
#11079=CARTESIAN_POINT('',(144.144569891762,-116.405668944739,0.20000000000001));
#11080=CARTESIAN_POINT('Ctrl Pts',(144.144569891762,-116.405668944739,0.20000000000001));
#11081=CARTESIAN_POINT('Ctrl Pts',(144.144569891762,-116.405668944739,-2.79999999999999));
#11082=CARTESIAN_POINT('Ctrl Pts',(144.142659100973,-116.382346983206,0.20000000000001));
#11083=CARTESIAN_POINT('Ctrl Pts',(144.142659100973,-116.382346983206,-2.79999999999999));
#11084=CARTESIAN_POINT('Ctrl Pts',(144.138819517666,-116.335483341855,0.20000000000001));
#11085=CARTESIAN_POINT('Ctrl Pts',(144.138819517666,-116.335483341855,-2.79999999999999));
#11086=CARTESIAN_POINT('Ctrl Pts',(144.112680231198,-116.296386635918,0.20000000000001));
#11087=CARTESIAN_POINT('Ctrl Pts',(144.112680231198,-116.296386635918,-2.79999999999999));
#11088=CARTESIAN_POINT('Ctrl Pts',(144.09954931147,-116.276746631287,0.20000000000001));
#11089=CARTESIAN_POINT('Ctrl Pts',(144.09954931147,-116.276746631287,-2.79999999999999));
#11090=CARTESIAN_POINT('',(144.09954931147,-116.276746631287,9.72684830136926E-15));
#11091=CARTESIAN_POINT('Ctrl Pts',(144.144569891762,-116.405668944739,9.75847654884287E-15));
#11092=CARTESIAN_POINT('Ctrl Pts',(144.142659100973,-116.382346983206,9.74850853856094E-15));
#11093=CARTESIAN_POINT('Ctrl Pts',(144.138819517666,-116.335483341855,9.72847860818216E-15));
#11094=CARTESIAN_POINT('Ctrl Pts',(144.112680231198,-116.296386635918,9.72739342993655E-15));
#11095=CARTESIAN_POINT('Ctrl Pts',(144.09954931147,-116.276746631287,9.72684830136926E-15));
#11096=CARTESIAN_POINT('',(144.09954931147,-116.276746631287,-2.79999999999999));
#11097=CARTESIAN_POINT('Ctrl Pts',(144.144569891762,-116.405668944739,-2.79999999999999));
#11098=CARTESIAN_POINT('Ctrl Pts',(144.142659100973,-116.382346983206,-2.79999999999999));
#11099=CARTESIAN_POINT('Ctrl Pts',(144.138819517666,-116.335483341855,-2.79999999999999));
#11100=CARTESIAN_POINT('Ctrl Pts',(144.112680231198,-116.296386635918,-2.79999999999999));
#11101=CARTESIAN_POINT('Ctrl Pts',(144.09954931147,-116.276746631287,-2.79999999999999));
#11102=CARTESIAN_POINT('',(144.09954931147,-116.276746631287,0.20000000000001));
#11103=CARTESIAN_POINT('Ctrl Pts',(144.09954931147,-116.276746631287,0.20000000000001));
#11104=CARTESIAN_POINT('Ctrl Pts',(144.09954931147,-116.276746631287,-2.79999999999999));
#11105=CARTESIAN_POINT('Ctrl Pts',(144.081215122977,-116.257357800124,0.20000000000001));
#11106=CARTESIAN_POINT('Ctrl Pts',(144.081215122977,-116.257357800124,-2.79999999999999));
#11107=CARTESIAN_POINT('Ctrl Pts',(144.041072374584,-116.214905909149,0.20000000000001));
#11108=CARTESIAN_POINT('Ctrl Pts',(144.041072374584,-116.214905909149,-2.79999999999999));
#11109=CARTESIAN_POINT('Ctrl Pts',(143.987469824607,-116.19132891189,0.20000000000001));
#11110=CARTESIAN_POINT('Ctrl Pts',(143.987469824607,-116.19132891189,-2.79999999999999));
#11111=CARTESIAN_POINT('Ctrl Pts',(143.958348888229,-116.178520113848,0.20000000000001));
#11112=CARTESIAN_POINT('Ctrl Pts',(143.958348888229,-116.178520113848,-2.79999999999999));
#11113=CARTESIAN_POINT('',(143.958348888229,-116.178520113848,9.7755751289746E-15));
#11114=CARTESIAN_POINT('Ctrl Pts',(144.09954931147,-116.276746631287,9.72684830136926E-15));
#11115=CARTESIAN_POINT('Ctrl Pts',(144.081215122977,-116.257357800124,9.72996924554862E-15));
#11116=CARTESIAN_POINT('Ctrl Pts',(144.041072374584,-116.214905909149,9.73680256804531E-15));
#11117=CARTESIAN_POINT('Ctrl Pts',(143.987469824607,-116.19132891189,9.76192612360778E-15));
#11118=CARTESIAN_POINT('Ctrl Pts',(143.958348888229,-116.178520113848,9.7755751289746E-15));
#11119=CARTESIAN_POINT('',(143.958348888229,-116.178520113848,-2.79999999999999));
#11120=CARTESIAN_POINT('Ctrl Pts',(144.09954931147,-116.276746631287,-2.79999999999999));
#11121=CARTESIAN_POINT('Ctrl Pts',(144.081215122977,-116.257357800124,-2.79999999999999));
#11122=CARTESIAN_POINT('Ctrl Pts',(144.041072374584,-116.214905909149,-2.79999999999999));
#11123=CARTESIAN_POINT('Ctrl Pts',(143.987469824607,-116.19132891189,-2.79999999999999));
#11124=CARTESIAN_POINT('Ctrl Pts',(143.958348888229,-116.178520113848,-2.79999999999999));
#11125=CARTESIAN_POINT('',(143.958348888229,-116.178520113848,0.20000000000001));
#11126=CARTESIAN_POINT('Ctrl Pts',(143.958348888229,-116.178520113848,0.20000000000001));
#11127=CARTESIAN_POINT('Ctrl Pts',(143.958348888229,-116.178520113848,-2.79999999999999));
#11128=CARTESIAN_POINT('Ctrl Pts',(143.922077026819,-116.167090366711,0.20000000000001));
#11129=CARTESIAN_POINT('Ctrl Pts',(143.922077026819,-116.167090366711,-2.79999999999999));
#11130=CARTESIAN_POINT('Ctrl Pts',(143.814372518588,-116.133151240161,0.20000000000001));
#11131=CARTESIAN_POINT('Ctrl Pts',(143.814372518588,-116.133151240161,-2.79999999999999));
#11132=CARTESIAN_POINT('Ctrl Pts',(143.705308200031,-116.103831903624,0.20000000000001));
#11133=CARTESIAN_POINT('Ctrl Pts',(143.705308200031,-116.103831903624,-2.79999999999999));
#11134=CARTESIAN_POINT('Ctrl Pts',(143.632973688911,-116.084386498354,0.20000000000001));
#11135=CARTESIAN_POINT('Ctrl Pts',(143.632973688911,-116.084386498354,-2.79999999999999));
#11136=CARTESIAN_POINT('',(143.632973688911,-116.084386498354,9.95174808892337E-15));
#11137=CARTESIAN_POINT('Ctrl Pts',(143.958348888229,-116.178520113848,9.7755751289746E-15));
#11138=CARTESIAN_POINT('Ctrl Pts',(143.922077026819,-116.167090366711,9.79476206718342E-15));
#11139=CARTESIAN_POINT('Ctrl Pts',(143.814372518588,-116.133151240161,9.85173513689746E-15));
#11140=CARTESIAN_POINT('Ctrl Pts',(143.705308200031,-116.103831903624,9.91186697362436E-15));
#11141=CARTESIAN_POINT('Ctrl Pts',(143.632973688911,-116.084386498354,9.95174808892337E-15));
#11142=CARTESIAN_POINT('',(143.632973688911,-116.084386498354,-2.79999999999999));
#11143=CARTESIAN_POINT('Ctrl Pts',(143.958348888229,-116.178520113848,-2.79999999999999));
#11144=CARTESIAN_POINT('Ctrl Pts',(143.922077026819,-116.167090366711,-2.79999999999999));
#11145=CARTESIAN_POINT('Ctrl Pts',(143.814372518588,-116.133151240161,-2.79999999999999));
#11146=CARTESIAN_POINT('Ctrl Pts',(143.705308200031,-116.103831903624,-2.79999999999999));
#11147=CARTESIAN_POINT('Ctrl Pts',(143.632973688911,-116.084386498354,-2.79999999999999));
#11148=CARTESIAN_POINT('',(143.632973688911,-116.084386498354,0.20000000000001));
#11149=CARTESIAN_POINT('Ctrl Pts',(143.632973688911,-116.084386498354,0.20000000000001));
#11150=CARTESIAN_POINT('Ctrl Pts',(143.632973688911,-116.084386498354,-2.79999999999999));
#11151=CARTESIAN_POINT('Ctrl Pts',(143.521758167326,-116.054865023695,0.20000000000001));
#11152=CARTESIAN_POINT('Ctrl Pts',(143.521758167326,-116.054865023695,-2.79999999999999));
#11153=CARTESIAN_POINT('Ctrl Pts',(143.337591287749,-116.005979060738,0.20000000000001));
#11154=CARTESIAN_POINT('Ctrl Pts',(143.337591287749,-116.005979060738,-2.79999999999999));
#11155=CARTESIAN_POINT('Ctrl Pts',(143.159270924693,-115.939015453662,0.20000000000001));
#11156=CARTESIAN_POINT('Ctrl Pts',(143.159270924693,-115.939015453662,-2.79999999999999));
#11157=CARTESIAN_POINT('Ctrl Pts',(143.088635462593,-115.912490130089,0.20000000000001));
#11158=CARTESIAN_POINT('Ctrl Pts',(143.088635462593,-115.912490130089,-2.79999999999999));
#11159=CARTESIAN_POINT('',(143.088635462593,-115.912490130089,1.02395119279908E-14));
#11160=CARTESIAN_POINT('Ctrl Pts',(143.632973688911,-116.084386498354,9.95174808892337E-15));
#11161=CARTESIAN_POINT('Ctrl Pts',(143.521758167326,-116.054865023695,1.00132477432394E-14));
#11162=CARTESIAN_POINT('Ctrl Pts',(143.337591287749,-116.005979060738,1.01150878379767E-14));
#11163=CARTESIAN_POINT('Ctrl Pts',(143.159270924693,-115.939015453662,1.02042094683133E-14));
#11164=CARTESIAN_POINT('Ctrl Pts',(143.088635462593,-115.912490130089,1.02395119279908E-14));
#11165=CARTESIAN_POINT('',(143.088635462593,-115.912490130089,-2.79999999999999));
#11166=CARTESIAN_POINT('Ctrl Pts',(143.632973688911,-116.084386498354,-2.79999999999999));
#11167=CARTESIAN_POINT('Ctrl Pts',(143.521758167326,-116.054865023695,-2.79999999999999));
#11168=CARTESIAN_POINT('Ctrl Pts',(143.337591287749,-116.005979060738,-2.79999999999999));
#11169=CARTESIAN_POINT('Ctrl Pts',(143.159270924693,-115.939015453662,-2.79999999999999));
#11170=CARTESIAN_POINT('Ctrl Pts',(143.088635462593,-115.912490130089,-2.79999999999999));
#11171=CARTESIAN_POINT('',(143.088635462593,-115.912490130089,0.20000000000001));
#11172=CARTESIAN_POINT('Ctrl Pts',(143.088635462593,-115.912490130089,0.20000000000001));
#11173=CARTESIAN_POINT('Ctrl Pts',(143.088635462593,-115.912490130089,-2.79999999999999));
#11174=CARTESIAN_POINT('Ctrl Pts',(143.03997323713,-115.888623635211,0.20000000000001));
#11175=CARTESIAN_POINT('Ctrl Pts',(143.03997323713,-115.888623635211,-2.79999999999999));
#11176=CARTESIAN_POINT('Ctrl Pts',(142.944889965676,-115.841989836826,0.20000000000001));
#11177=CARTESIAN_POINT('Ctrl Pts',(142.944889965676,-115.841989836826,-2.79999999999999));
#11178=CARTESIAN_POINT('Ctrl Pts',(142.877847185418,-115.760106595213,0.20000000000001));
#11179=CARTESIAN_POINT('Ctrl Pts',(142.877847185418,-115.760106595213,-2.79999999999999));
#11180=CARTESIAN_POINT('Ctrl Pts',(142.845115917992,-115.720129997156,0.20000000000001));
#11181=CARTESIAN_POINT('Ctrl Pts',(142.845115917992,-115.720129997156,-2.79999999999999));
#11182=CARTESIAN_POINT('',(142.845115917992,-115.720129997156,1.03124556426251E-14));
#11183=CARTESIAN_POINT('Ctrl Pts',(143.088635462593,-115.912490130089,1.02395119279908E-14));
#11184=CARTESIAN_POINT('Ctrl Pts',(143.03997323713,-115.888623635211,1.02611300203302E-14));
#11185=CARTESIAN_POINT('Ctrl Pts',(142.944889965676,-115.841989836826,1.03033705525213E-14));
#11186=CARTESIAN_POINT('Ctrl Pts',(142.877847185418,-115.760106595213,1.03094752405677E-14));
#11187=CARTESIAN_POINT('Ctrl Pts',(142.845115917992,-115.720129997156,1.03124556426251E-14));
#11188=CARTESIAN_POINT('',(142.845115917992,-115.720129997156,-2.79999999999999));
#11189=CARTESIAN_POINT('Ctrl Pts',(143.088635462593,-115.912490130089,-2.79999999999999));
#11190=CARTESIAN_POINT('Ctrl Pts',(143.03997323713,-115.888623635211,-2.79999999999999));
#11191=CARTESIAN_POINT('Ctrl Pts',(142.944889965676,-115.841989836826,-2.79999999999999));
#11192=CARTESIAN_POINT('Ctrl Pts',(142.877847185418,-115.760106595213,-2.79999999999999));
#11193=CARTESIAN_POINT('Ctrl Pts',(142.845115917992,-115.720129997156,-2.79999999999999));
#11194=CARTESIAN_POINT('',(142.845115917992,-115.720129997156,0.20000000000001));
#11195=CARTESIAN_POINT('Ctrl Pts',(142.845115917992,-115.720129997156,0.20000000000001));
#11196=CARTESIAN_POINT('Ctrl Pts',(142.845115917992,-115.720129997156,-2.79999999999999));
#11197=CARTESIAN_POINT('Ctrl Pts',(142.81947030792,-115.673772741406,0.20000000000001));
#11198=CARTESIAN_POINT('Ctrl Pts',(142.81947030792,-115.673772741406,-2.79999999999999));
#11199=CARTESIAN_POINT('Ctrl Pts',(142.765312858371,-115.575877205581,0.20000000000001));
#11200=CARTESIAN_POINT('Ctrl Pts',(142.765312858371,-115.575877205581,-2.79999999999999));
#11201=CARTESIAN_POINT('Ctrl Pts',(142.75994628293,-115.463925220966,0.20000000000001));
#11202=CARTESIAN_POINT('Ctrl Pts',(142.75994628293,-115.463925220966,-2.79999999999999));
#11203=CARTESIAN_POINT('Ctrl Pts',(142.757120984863,-115.404986754678,0.20000000000001));
#11204=CARTESIAN_POINT('Ctrl Pts',(142.757120984863,-115.404986754678,-2.79999999999999));
#11205=CARTESIAN_POINT('',(142.757120984863,-115.404986754678,1.02201170862068E-14));
#11206=CARTESIAN_POINT('Ctrl Pts',(142.845115917992,-115.720129997156,1.03124556426251E-14));
#11207=CARTESIAN_POINT('Ctrl Pts',(142.81947030792,-115.673772741406,1.03075256751256E-14));
#11208=CARTESIAN_POINT('Ctrl Pts',(142.765312858371,-115.575877205581,1.02971147633924E-14));
#11209=CARTESIAN_POINT('Ctrl Pts',(142.75994628293,-115.463925220966,1.02466728429613E-14));
#11210=CARTESIAN_POINT('Ctrl Pts',(142.757120984863,-115.404986754678,1.02201170862068E-14));
#11211=CARTESIAN_POINT('',(142.757120984863,-115.404986754678,-2.79999999999999));
#11212=CARTESIAN_POINT('Ctrl Pts',(142.845115917992,-115.720129997156,-2.79999999999999));
#11213=CARTESIAN_POINT('Ctrl Pts',(142.81947030792,-115.673772741406,-2.79999999999999));
#11214=CARTESIAN_POINT('Ctrl Pts',(142.765312858371,-115.575877205581,-2.79999999999999));
#11215=CARTESIAN_POINT('Ctrl Pts',(142.75994628293,-115.463925220966,-2.79999999999999));
#11216=CARTESIAN_POINT('Ctrl Pts',(142.757120984863,-115.404986754678,-2.79999999999999));
#11217=CARTESIAN_POINT('',(142.757120984863,-115.404986754678,0.20000000000001));
#11218=CARTESIAN_POINT('Ctrl Pts',(142.757120984863,-115.404986754678,0.20000000000001));
#11219=CARTESIAN_POINT('Ctrl Pts',(142.757120984863,-115.404986754678,-2.79999999999999));
#11220=CARTESIAN_POINT('Ctrl Pts',(142.76194146549,-115.343997472422,0.20000000000001));
#11221=CARTESIAN_POINT('Ctrl Pts',(142.76194146549,-115.343997472422,-2.79999999999999));
#11222=CARTESIAN_POINT('Ctrl Pts',(142.771750152903,-115.219896817005,0.20000000000001));
#11223=CARTESIAN_POINT('Ctrl Pts',(142.771750152903,-115.219896817005,-2.79999999999999));
#11224=CARTESIAN_POINT('Ctrl Pts',(142.833948448834,-115.11198160673,0.20000000000001));
#11225=CARTESIAN_POINT('Ctrl Pts',(142.833948448834,-115.11198160673,-2.79999999999999));
#11226=CARTESIAN_POINT('Ctrl Pts',(142.865579384636,-115.05710133972,0.20000000000001));
#11227=CARTESIAN_POINT('Ctrl Pts',(142.865579384636,-115.05710133972,-2.79999999999999));
#11228=CARTESIAN_POINT('',(142.865579384636,-115.05710133972,9.97812367333281E-15));
#11229=CARTESIAN_POINT('Ctrl Pts',(142.757120984863,-115.404986754678,1.02201170862068E-14));
#11230=CARTESIAN_POINT('Ctrl Pts',(142.76194146549,-115.343997472422,1.01873616769356E-14));
#11231=CARTESIAN_POINT('Ctrl Pts',(142.771750152903,-115.219896817005,1.01207111399939E-14));
#11232=CARTESIAN_POINT('Ctrl Pts',(142.833948448834,-115.11198160673,1.00261915854058E-14));
#11233=CARTESIAN_POINT('Ctrl Pts',(142.865579384636,-115.05710133972,9.97812367333281E-15));
#11234=CARTESIAN_POINT('',(142.865579384636,-115.05710133972,-2.79999999999999));
#11235=CARTESIAN_POINT('Ctrl Pts',(142.757120984863,-115.404986754678,-2.79999999999999));
#11236=CARTESIAN_POINT('Ctrl Pts',(142.76194146549,-115.343997472422,-2.79999999999999));
#11237=CARTESIAN_POINT('Ctrl Pts',(142.771750152903,-115.219896817005,-2.79999999999999));
#11238=CARTESIAN_POINT('Ctrl Pts',(142.833948448834,-115.11198160673,-2.79999999999999));
#11239=CARTESIAN_POINT('Ctrl Pts',(142.865579384636,-115.05710133972,-2.79999999999999));
#11240=CARTESIAN_POINT('',(142.865579384636,-115.05710133972,0.20000000000001));
#11241=CARTESIAN_POINT('Ctrl Pts',(142.865579384636,-115.05710133972,0.20000000000001));
#11242=CARTESIAN_POINT('Ctrl Pts',(142.865579384636,-115.05710133972,-2.79999999999999));
#11243=CARTESIAN_POINT('Ctrl Pts',(142.90619983367,-115.005701779069,0.20000000000001));
#11244=CARTESIAN_POINT('Ctrl Pts',(142.90619983367,-115.005701779069,-2.79999999999999));
#11245=CARTESIAN_POINT('Ctrl Pts',(142.990477740568,-114.899059743097,0.20000000000001));
#11246=CARTESIAN_POINT('Ctrl Pts',(142.990477740568,-114.899059743097,-2.79999999999999));
#11247=CARTESIAN_POINT('Ctrl Pts',(143.11175815563,-114.837358391212,0.20000000000001));
#11248=CARTESIAN_POINT('Ctrl Pts',(143.11175815563,-114.837358391212,-2.79999999999999));
#11249=CARTESIAN_POINT('Ctrl Pts',(143.17458357222,-114.805395991228,0.20000000000001));
#11250=CARTESIAN_POINT('Ctrl Pts',(143.17458357222,-114.805395991228,-2.79999999999999));
#11251=CARTESIAN_POINT('',(143.17458357222,-114.805395991228,9.64598574271272E-15));
#11252=CARTESIAN_POINT('Ctrl Pts',(142.865579384636,-115.05710133972,9.97812367333281E-15));
#11253=CARTESIAN_POINT('Ctrl Pts',(142.90619983367,-115.005701779069,9.9256136566138E-15));
#11254=CARTESIAN_POINT('Ctrl Pts',(142.990477740568,-114.899059743097,9.81666767923201E-15));
#11255=CARTESIAN_POINT('Ctrl Pts',(143.11175815563,-114.837358391212,9.70423030483353E-15));
#11256=CARTESIAN_POINT('Ctrl Pts',(143.17458357222,-114.805395991228,9.64598574271272E-15));
#11257=CARTESIAN_POINT('',(143.17458357222,-114.805395991228,-2.79999999999999));
#11258=CARTESIAN_POINT('Ctrl Pts',(142.865579384636,-115.05710133972,-2.79999999999999));
#11259=CARTESIAN_POINT('Ctrl Pts',(142.90619983367,-115.005701779069,-2.79999999999999));
#11260=CARTESIAN_POINT('Ctrl Pts',(142.990477740568,-114.899059743097,-2.79999999999999));
#11261=CARTESIAN_POINT('Ctrl Pts',(143.11175815563,-114.837358391212,-2.79999999999999));
#11262=CARTESIAN_POINT('Ctrl Pts',(143.17458357222,-114.805395991228,-2.79999999999999));
#11263=CARTESIAN_POINT('',(143.17458357222,-114.805395991228,0.20000000000001));
#11264=CARTESIAN_POINT('Ctrl Pts',(143.17458357222,-114.805395991228,0.20000000000001));
#11265=CARTESIAN_POINT('Ctrl Pts',(143.17458357222,-114.805395991228,-2.79999999999999));
#11266=CARTESIAN_POINT('Ctrl Pts',(143.245831309305,-114.779741010194,0.20000000000001));
#11267=CARTESIAN_POINT('Ctrl Pts',(143.245831309305,-114.779741010194,-2.79999999999999));
#11268=CARTESIAN_POINT('Ctrl Pts',(143.393924627549,-114.7264153689,0.20000000000001));
#11269=CARTESIAN_POINT('Ctrl Pts',(143.393924627549,-114.7264153689,-2.79999999999999));
#11270=CARTESIAN_POINT('Ctrl Pts',(143.55130767163,-114.72048089959,0.200000000000009));
#11271=CARTESIAN_POINT('Ctrl Pts',(143.55130767163,-114.72048089959,-2.79999999999999));
#11272=CARTESIAN_POINT('Ctrl Pts',(143.632973688911,-114.717401505135,0.200000000000009));
#11273=CARTESIAN_POINT('Ctrl Pts',(143.632973688911,-114.717401505135,-2.79999999999999));
#11274=CARTESIAN_POINT('',(143.632973688911,-114.717401505135,9.2911882331875E-15));
#11275=CARTESIAN_POINT('Ctrl Pts',(143.17458357222,-114.805395991228,9.64598574271272E-15));
#11276=CARTESIAN_POINT('Ctrl Pts',(143.245831309305,-114.779741010194,9.58505140017094E-15));
#11277=CARTESIAN_POINT('Ctrl Pts',(143.393924627549,-114.7264153689,9.45839517981756E-15));
#11278=CARTESIAN_POINT('Ctrl Pts',(143.55130767163,-114.72048089959,9.34831092333074E-15));
#11279=CARTESIAN_POINT('Ctrl Pts',(143.632973688911,-114.717401505135,9.2911882331875E-15));
#11280=CARTESIAN_POINT('',(143.632973688911,-114.717401505135,-2.79999999999999));
#11281=CARTESIAN_POINT('Ctrl Pts',(143.17458357222,-114.805395991228,-2.79999999999999));
#11282=CARTESIAN_POINT('Ctrl Pts',(143.245831309305,-114.779741010194,-2.79999999999999));
#11283=CARTESIAN_POINT('Ctrl Pts',(143.393924627549,-114.7264153689,-2.79999999999999));
#11284=CARTESIAN_POINT('Ctrl Pts',(143.55130767163,-114.72048089959,-2.79999999999999));
#11285=CARTESIAN_POINT('Ctrl Pts',(143.632973688911,-114.717401505135,-2.79999999999999));
#11286=CARTESIAN_POINT('',(143.632973688911,-114.717401505135,0.200000000000009));
#11287=CARTESIAN_POINT('Ctrl Pts',(143.632973688911,-114.717401505135,0.200000000000009));
#11288=CARTESIAN_POINT('Ctrl Pts',(143.632973688911,-114.717401505135,-2.79999999999999));
#11289=CARTESIAN_POINT('Ctrl Pts',(143.760678292225,-114.721035419931,0.200000000000009));
#11290=CARTESIAN_POINT('Ctrl Pts',(143.760678292225,-114.721035419931,-2.79999999999999));
#11291=CARTESIAN_POINT('Ctrl Pts',(143.991418942919,-114.727601290251,0.200000000000009));
#11292=CARTESIAN_POINT('Ctrl Pts',(143.991418942919,-114.727601290251,-2.79999999999999));
#11293=CARTESIAN_POINT('Ctrl Pts',(144.190661082791,-114.842211762233,0.200000000000009));
#11294=CARTESIAN_POINT('Ctrl Pts',(144.190661082791,-114.842211762233,-2.79999999999999));
#11295=CARTESIAN_POINT('Ctrl Pts',(144.279631632637,-114.893390477322,0.200000000000009));
#11296=CARTESIAN_POINT('Ctrl Pts',(144.279631632637,-114.893390477322,-2.79999999999999));
#11297=CARTESIAN_POINT('',(144.279631632637,-114.893390477322,8.93569713685456E-15));
#11298=CARTESIAN_POINT('Ctrl Pts',(143.632973688911,-114.717401505135,9.2911882331875E-15));
#11299=CARTESIAN_POINT('Ctrl Pts',(143.760678292225,-114.721035419931,9.20594596825445E-15));
#11300=CARTESIAN_POINT('Ctrl Pts',(143.991418942919,-114.727601290251,9.05192759344684E-15));
#11301=CARTESIAN_POINT('Ctrl Pts',(144.190661082791,-114.842211762233,8.97157719193836E-15));
#11302=CARTESIAN_POINT('Ctrl Pts',(144.279631632637,-114.893390477322,8.93569713685456E-15));
#11303=CARTESIAN_POINT('',(144.279631632637,-114.893390477322,-2.79999999999999));
#11304=CARTESIAN_POINT('Ctrl Pts',(143.632973688911,-114.717401505135,-2.79999999999999));
#11305=CARTESIAN_POINT('Ctrl Pts',(143.760678292225,-114.721035419931,-2.79999999999999));
#11306=CARTESIAN_POINT('Ctrl Pts',(143.991418942919,-114.727601290251,-2.79999999999999));
#11307=CARTESIAN_POINT('Ctrl Pts',(144.190661082791,-114.842211762233,-2.79999999999999));
#11308=CARTESIAN_POINT('Ctrl Pts',(144.279631632637,-114.893390477322,-2.79999999999999));
#11309=CARTESIAN_POINT('',(144.279631632637,-114.893390477322,0.200000000000009));
#11310=CARTESIAN_POINT('Ctrl Pts',(144.279631632637,-114.893390477322,0.200000000000009));
#11311=CARTESIAN_POINT('Ctrl Pts',(144.279631632637,-114.893390477322,-2.79999999999999));
#11312=CARTESIAN_POINT('Ctrl Pts',(144.347148562163,-114.962235062035,0.200000000000009));
#11313=CARTESIAN_POINT('Ctrl Pts',(144.347148562163,-114.962235062035,-2.79999999999999));
#11314=CARTESIAN_POINT('Ctrl Pts',(144.490767163135,-115.108677784037,0.200000000000009));
#11315=CARTESIAN_POINT('Ctrl Pts',(144.490767163135,-115.108677784037,-2.79999999999999));
#11316=CARTESIAN_POINT('Ctrl Pts',(144.53734923254,-115.309046043008,0.200000000000009));
#11317=CARTESIAN_POINT('Ctrl Pts',(144.53734923254,-115.309046043008,-2.79999999999999));
#11318=CARTESIAN_POINT('Ctrl Pts',(144.562032479118,-115.415218637012,0.200000000000009));
#11319=CARTESIAN_POINT('Ctrl Pts',(144.562032479118,-115.415218637012,-2.79999999999999));
#11320=CARTESIAN_POINT('',(144.562032479118,-115.415218637012,8.995472520776E-15));
#11321=CARTESIAN_POINT('Ctrl Pts',(144.279631632637,-114.893390477322,8.93569713685456E-15));
#11322=CARTESIAN_POINT('Ctrl Pts',(144.347148562163,-114.962235062035,8.92296884141217E-15));
#11323=CARTESIAN_POINT('Ctrl Pts',(144.490767163135,-115.108677784037,8.8958938592512E-15));
#11324=CARTESIAN_POINT('Ctrl Pts',(144.53734923254,-115.309046043008,8.96098274950675E-15));
#11325=CARTESIAN_POINT('Ctrl Pts',(144.562032479118,-115.415218637012,8.995472520776E-15));
#11326=CARTESIAN_POINT('',(144.562032479118,-115.415218637012,-2.79999999999999));
#11327=CARTESIAN_POINT('Ctrl Pts',(144.279631632637,-114.893390477322,-2.79999999999999));
#11328=CARTESIAN_POINT('Ctrl Pts',(144.347148562163,-114.962235062035,-2.79999999999999));
#11329=CARTESIAN_POINT('Ctrl Pts',(144.490767163135,-115.108677784037,-2.79999999999999));
#11330=CARTESIAN_POINT('Ctrl Pts',(144.53734923254,-115.309046043008,-2.79999999999999));
#11331=CARTESIAN_POINT('Ctrl Pts',(144.562032479118,-115.415218637012,-2.79999999999999));
#11332=CARTESIAN_POINT('',(144.562032479118,-115.415218637012,0.200000000000009));
#11333=CARTESIAN_POINT('Ctrl Pts',(143.252346175979,-116.915218622111,0.200000000000011));
#11334=CARTESIAN_POINT('Ctrl Pts',(143.252346175979,-116.915218622111,-2.79999999999999));
#11335=CARTESIAN_POINT('Ctrl Pts',(143.193188591162,-116.89025072897,0.200000000000011));
#11336=CARTESIAN_POINT('Ctrl Pts',(143.193188591162,-116.89025072897,-2.79999999999999));
#11337=CARTESIAN_POINT('Ctrl Pts',(143.083088782307,-116.84378229604,0.200000000000011));
#11338=CARTESIAN_POINT('Ctrl Pts',(143.083088782307,-116.84378229604,-2.79999999999999));
#11339=CARTESIAN_POINT('Ctrl Pts',(143.002937554559,-116.755513970079,0.200000000000011));
#11340=CARTESIAN_POINT('Ctrl Pts',(143.002937554559,-116.755513970079,-2.79999999999999));
#11341=CARTESIAN_POINT('Ctrl Pts',(142.965852278541,-116.714672983311,0.200000000000011));
#11342=CARTESIAN_POINT('Ctrl Pts',(142.965852278541,-116.714672983311,-2.79999999999999));
#11343=CARTESIAN_POINT('',(143.252346175979,-116.915218622111,1.06125270482599E-14));
#11344=CARTESIAN_POINT('Ctrl Pts',(143.252346175979,-116.915218622111,1.06125270482599E-14));
#11345=CARTESIAN_POINT('Ctrl Pts',(143.193188591162,-116.89025072897,1.0640762833654E-14));
#11346=CARTESIAN_POINT('Ctrl Pts',(143.083088782307,-116.84378229604,1.06933132416023E-14));
#11347=CARTESIAN_POINT('Ctrl Pts',(143.002937554559,-116.755513970079,1.07052625810618E-14));
#11348=CARTESIAN_POINT('Ctrl Pts',(142.965852278541,-116.714672983311,1.07107914355966E-14));
#11349=CARTESIAN_POINT('',(143.252346175979,-116.915218622111,-2.79999999999999));
#11350=CARTESIAN_POINT('',(143.252346175979,-116.915218622111,0.200000000000011));
#11351=CARTESIAN_POINT('Ctrl Pts',(143.252346175979,-116.915218622111,-2.79999999999999));
#11352=CARTESIAN_POINT('Ctrl Pts',(143.193188591162,-116.89025072897,-2.79999999999999));
#11353=CARTESIAN_POINT('Ctrl Pts',(143.083088782307,-116.84378229604,-2.79999999999999));
#11354=CARTESIAN_POINT('Ctrl Pts',(143.002937554559,-116.755513970079,-2.79999999999999));
#11355=CARTESIAN_POINT('Ctrl Pts',(142.965852278541,-116.714672983311,-2.79999999999999));
#11356=CARTESIAN_POINT('Ctrl Pts',(143.700504559349,-116.988888472937,0.20000000000001));
#11357=CARTESIAN_POINT('Ctrl Pts',(143.700504559349,-116.988888472937,-2.79999999999999));
#11358=CARTESIAN_POINT('Ctrl Pts',(143.619879028766,-116.986557468262,0.20000000000001));
#11359=CARTESIAN_POINT('Ctrl Pts',(143.619879028766,-116.986557468262,-2.79999999999999));
#11360=CARTESIAN_POINT('Ctrl Pts',(143.4670774999,-116.982139747529,0.200000000000011));
#11361=CARTESIAN_POINT('Ctrl Pts',(143.4670774999,-116.982139747529,-2.79999999999999));
#11362=CARTESIAN_POINT('Ctrl Pts',(143.321235046184,-116.93668787326,0.200000000000011));
#11363=CARTESIAN_POINT('Ctrl Pts',(143.321235046184,-116.93668787326,-2.79999999999999));
#11364=CARTESIAN_POINT('Ctrl Pts',(143.252346175979,-116.915218622111,0.200000000000011));
#11365=CARTESIAN_POINT('Ctrl Pts',(143.252346175979,-116.915218622111,-2.79999999999999));
#11366=CARTESIAN_POINT('',(143.700504559349,-116.988888472937,1.03428199415791E-14));
#11367=CARTESIAN_POINT('Ctrl Pts',(143.700504559349,-116.988888472937,1.03428199415791E-14));
#11368=CARTESIAN_POINT('Ctrl Pts',(143.619879028766,-116.986557468262,1.03966193715728E-14));
#11369=CARTESIAN_POINT('Ctrl Pts',(143.4670774999,-116.982139747529,1.04985800651076E-14));
#11370=CARTESIAN_POINT('Ctrl Pts',(143.321235046184,-116.93668787326,1.05759712279747E-14));
#11371=CARTESIAN_POINT('Ctrl Pts',(143.252346175979,-116.915218622111,1.06125270482599E-14));
#11372=CARTESIAN_POINT('',(143.700504559349,-116.988888472937,-2.79999999999999));
#11373=CARTESIAN_POINT('',(143.700504559349,-116.988888472937,0.20000000000001));
#11374=CARTESIAN_POINT('Ctrl Pts',(143.700504559349,-116.988888472937,-2.79999999999999));
#11375=CARTESIAN_POINT('Ctrl Pts',(143.619879028766,-116.986557468262,-2.79999999999999));
#11376=CARTESIAN_POINT('Ctrl Pts',(143.4670774999,-116.982139747529,-2.79999999999999));
#11377=CARTESIAN_POINT('Ctrl Pts',(143.321235046184,-116.93668787326,-2.79999999999999));
#11378=CARTESIAN_POINT('Ctrl Pts',(143.252346175979,-116.915218622111,-2.79999999999999));
#11379=CARTESIAN_POINT('Ctrl Pts',(144.019740480255,-116.943868041657,0.20000000000001));
#11380=CARTESIAN_POINT('Ctrl Pts',(144.019740480255,-116.943868041657,-2.79999999999999));
#11381=CARTESIAN_POINT('Ctrl Pts',(143.96850721793,-116.956997293577,0.20000000000001));
#11382=CARTESIAN_POINT('Ctrl Pts',(143.96850721793,-116.956997293577,-2.79999999999999));
#11383=CARTESIAN_POINT('Ctrl Pts',(143.863782773487,-116.983834421469,0.20000000000001));
#11384=CARTESIAN_POINT('Ctrl Pts',(143.863782773487,-116.983834421469,-2.79999999999999));
#11385=CARTESIAN_POINT('Ctrl Pts',(143.755707353651,-116.98717974673,0.20000000000001));
#11386=CARTESIAN_POINT('Ctrl Pts',(143.755707353651,-116.98717974673,-2.79999999999999));
#11387=CARTESIAN_POINT('Ctrl Pts',(143.700504559349,-116.988888472937,0.20000000000001));
#11388=CARTESIAN_POINT('Ctrl Pts',(143.700504559349,-116.988888472937,-2.79999999999999));
#11389=CARTESIAN_POINT('',(144.019740480255,-116.943868041657,1.01035867807784E-14));
#11390=CARTESIAN_POINT('Ctrl Pts',(144.019740480255,-116.943868041657,1.01035867807784E-14));
#11391=CARTESIAN_POINT('Ctrl Pts',(143.96850721793,-116.956997293577,1.01448336084918E-14));
#11392=CARTESIAN_POINT('Ctrl Pts',(143.863782773487,-116.983834421469,1.02291450636252E-14));
#11393=CARTESIAN_POINT('Ctrl Pts',(143.755707353651,-116.98717974673,1.03043875586767E-14));
#11394=CARTESIAN_POINT('Ctrl Pts',(143.700504559349,-116.988888472937,1.03428199415791E-14));
#11395=CARTESIAN_POINT('',(144.019740480255,-116.943868041657,-2.79999999999999));
#11396=CARTESIAN_POINT('',(144.019740480255,-116.943868041657,0.20000000000001));
#11397=CARTESIAN_POINT('Ctrl Pts',(144.019740480255,-116.943868041657,-2.79999999999999));
#11398=CARTESIAN_POINT('Ctrl Pts',(143.96850721793,-116.956997293577,-2.79999999999999));
#11399=CARTESIAN_POINT('Ctrl Pts',(143.863782773487,-116.983834421469,-2.79999999999999));
#11400=CARTESIAN_POINT('Ctrl Pts',(143.755707353651,-116.98717974673,-2.79999999999999));
#11401=CARTESIAN_POINT('Ctrl Pts',(143.700504559349,-116.988888472937,-2.79999999999999));
#11402=CARTESIAN_POINT('Ctrl Pts',(144.253028291534,-116.837456018351,0.20000000000001));
#11403=CARTESIAN_POINT('Ctrl Pts',(144.253028291534,-116.837456018351,-2.79999999999999));
#11404=CARTESIAN_POINT('Ctrl Pts',(144.219908458463,-116.858282536198,0.20000000000001));
#11405=CARTESIAN_POINT('Ctrl Pts',(144.219908458463,-116.858282536198,-2.79999999999999));
#11406=CARTESIAN_POINT('Ctrl Pts',(144.146983537269,-116.904139415049,0.20000000000001));
#11407=CARTESIAN_POINT('Ctrl Pts',(144.146983537269,-116.904139415049,-2.79999999999999));
#11408=CARTESIAN_POINT('Ctrl Pts',(144.064670141205,-116.929839820665,0.20000000000001));
#11409=CARTESIAN_POINT('Ctrl Pts',(144.064670141205,-116.929839820665,-2.79999999999999));
#11410=CARTESIAN_POINT('Ctrl Pts',(144.019740480255,-116.943868041657,0.20000000000001));
#11411=CARTESIAN_POINT('Ctrl Pts',(144.019740480255,-116.943868041657,-2.79999999999999));
#11412=CARTESIAN_POINT('',(144.253028291534,-116.837456018351,9.89323954038186E-15));
#11413=CARTESIAN_POINT('Ctrl Pts',(144.253028291534,-116.837456018351,9.89323954038186E-15));
#11414=CARTESIAN_POINT('Ctrl Pts',(144.219908458463,-116.858282536198,9.9258661659035E-15));
#11415=CARTESIAN_POINT('Ctrl Pts',(144.146983537269,-116.904139415049,9.99770512292708E-15));
#11416=CARTESIAN_POINT('Ctrl Pts',(144.064670141205,-116.929839820665,1.00661998507727E-14));
#11417=CARTESIAN_POINT('Ctrl Pts',(144.019740480255,-116.943868041657,1.01035867807784E-14));
#11418=CARTESIAN_POINT('',(144.253028291534,-116.837456018351,-2.79999999999999));
#11419=CARTESIAN_POINT('',(144.253028291534,-116.837456018351,0.20000000000001));
#11420=CARTESIAN_POINT('Ctrl Pts',(144.253028291534,-116.837456018351,-2.79999999999999));
#11421=CARTESIAN_POINT('Ctrl Pts',(144.219908458463,-116.858282536198,-2.79999999999999));
#11422=CARTESIAN_POINT('Ctrl Pts',(144.146983537269,-116.904139415049,-2.79999999999999));
#11423=CARTESIAN_POINT('Ctrl Pts',(144.064670141205,-116.929839820665,-2.79999999999999));
#11424=CARTESIAN_POINT('Ctrl Pts',(144.019740480255,-116.943868041657,-2.79999999999999));
#11425=CARTESIAN_POINT('Ctrl Pts',(144.435156840156,-116.630771250151,0.20000000000001));
#11426=CARTESIAN_POINT('Ctrl Pts',(144.435156840156,-116.630771250151,-2.79999999999999));
#11427=CARTESIAN_POINT('Ctrl Pts',(144.410724112664,-116.670562867445,0.20000000000001));
#11428=CARTESIAN_POINT('Ctrl Pts',(144.410724112664,-116.670562867445,-2.79999999999999));
#11429=CARTESIAN_POINT('Ctrl Pts',(144.361956872625,-116.749986147255,0.20000000000001));
#11430=CARTESIAN_POINT('Ctrl Pts',(144.361956872625,-116.749986147255,-2.79999999999999));
#11431=CARTESIAN_POINT('Ctrl Pts',(144.289289035354,-116.808338567669,0.20000000000001));
#11432=CARTESIAN_POINT('Ctrl Pts',(144.289289035354,-116.808338567669,-2.79999999999999));
#11433=CARTESIAN_POINT('Ctrl Pts',(144.253028291534,-116.837456018351,0.20000000000001));
#11434=CARTESIAN_POINT('Ctrl Pts',(144.253028291534,-116.837456018351,-2.79999999999999));
#11435=CARTESIAN_POINT('',(144.435156840156,-116.630771250151,9.66929015440026E-15));
#11436=CARTESIAN_POINT('Ctrl Pts',(144.435156840156,-116.630771250151,9.66929015440026E-15));
#11437=CARTESIAN_POINT('Ctrl Pts',(144.410724112664,-116.670562867445,9.70516312054621E-15));
#11438=CARTESIAN_POINT('Ctrl Pts',(144.361956872625,-116.749986147255,9.77676483389831E-15));
#11439=CARTESIAN_POINT('Ctrl Pts',(144.289289035354,-116.808338567669,9.85446679747284E-15));
#11440=CARTESIAN_POINT('Ctrl Pts',(144.253028291534,-116.837456018351,9.89323954038186E-15));
#11441=CARTESIAN_POINT('',(144.435156840156,-116.630771250151,-2.79999999999999));
#11442=CARTESIAN_POINT('',(144.435156840156,-116.630771250151,0.20000000000001));
#11443=CARTESIAN_POINT('Ctrl Pts',(144.435156840156,-116.630771250151,-2.79999999999999));
#11444=CARTESIAN_POINT('Ctrl Pts',(144.410724112664,-116.670562867445,-2.79999999999999));
#11445=CARTESIAN_POINT('Ctrl Pts',(144.361956872625,-116.749986147255,-2.79999999999999));
#11446=CARTESIAN_POINT('Ctrl Pts',(144.289289035354,-116.808338567669,-2.79999999999999));
#11447=CARTESIAN_POINT('Ctrl Pts',(144.253028291534,-116.837456018351,-2.79999999999999));
#11448=CARTESIAN_POINT('Ctrl Pts',(144.500640887092,-116.362694740914,0.20000000000001));
#11449=CARTESIAN_POINT('Ctrl Pts',(144.500640887092,-116.362694740914,-2.79999999999999));
#11450=CARTESIAN_POINT('Ctrl Pts',(144.498037707276,-116.409951385866,0.20000000000001));
#11451=CARTESIAN_POINT('Ctrl Pts',(144.498037707276,-116.409951385866,-2.79999999999999));
#11452=CARTESIAN_POINT('Ctrl Pts',(144.492889467822,-116.503409595117,0.20000000000001));
#11453=CARTESIAN_POINT('Ctrl Pts',(144.492889467822,-116.503409595117,-2.79999999999999));
#11454=CARTESIAN_POINT('Ctrl Pts',(144.45425566612,-116.588638089366,0.20000000000001));
#11455=CARTESIAN_POINT('Ctrl Pts',(144.45425566612,-116.588638089366,-2.79999999999999));
#11456=CARTESIAN_POINT('Ctrl Pts',(144.435156840156,-116.630771250151,0.20000000000001));
#11457=CARTESIAN_POINT('Ctrl Pts',(144.435156840156,-116.630771250151,-2.79999999999999));
#11458=CARTESIAN_POINT('',(144.500640887092,-116.362694740914,9.49513842268598E-15));
#11459=CARTESIAN_POINT('Ctrl Pts',(144.500640887092,-116.362694740914,9.49513842268598E-15));
#11460=CARTESIAN_POINT('Ctrl Pts',(144.498037707276,-116.409951385866,9.51974736850987E-15));
#11461=CARTESIAN_POINT('Ctrl Pts',(144.492889467822,-116.503409595117,9.56841583025118E-15));
#11462=CARTESIAN_POINT('Ctrl Pts',(144.45425566612,-116.588638089366,9.63591940547138E-15));
#11463=CARTESIAN_POINT('Ctrl Pts',(144.435156840156,-116.630771250151,9.66929015440026E-15));
#11464=CARTESIAN_POINT('',(144.500640887092,-116.362694740914,-2.79999999999999));
#11465=CARTESIAN_POINT('',(144.500640887092,-116.362694740914,0.20000000000001));
#11466=CARTESIAN_POINT('Ctrl Pts',(144.500640887092,-116.362694740914,-2.79999999999999));
#11467=CARTESIAN_POINT('Ctrl Pts',(144.498037707276,-116.409951385866,-2.79999999999999));
#11468=CARTESIAN_POINT('Ctrl Pts',(144.492889467822,-116.503409595117,-2.79999999999999));
#11469=CARTESIAN_POINT('Ctrl Pts',(144.45425566612,-116.588638089366,-2.79999999999999));
#11470=CARTESIAN_POINT('Ctrl Pts',(144.435156840156,-116.630771250151,-2.79999999999999));
#11471=CARTESIAN_POINT('Ctrl Pts',(144.420832055878,-116.070061714075,0.200000000000009));
#11472=CARTESIAN_POINT('Ctrl Pts',(144.420832055878,-116.070061714075,-2.79999999999999));
#11473=CARTESIAN_POINT('Ctrl Pts',(144.44410932978,-116.115706422279,0.200000000000009));
#11474=CARTESIAN_POINT('Ctrl Pts',(144.44410932978,-116.115706422279,-2.79999999999999));
#11475=CARTESIAN_POINT('Ctrl Pts',(144.491017912035,-116.207690069429,0.200000000000009));
#11476=CARTESIAN_POINT('Ctrl Pts',(144.491017912035,-116.207690069429,-2.79999999999999));
#11477=CARTESIAN_POINT('Ctrl Pts',(144.497417129742,-116.310767198124,0.20000000000001));
#11478=CARTESIAN_POINT('Ctrl Pts',(144.497417129742,-116.310767198124,-2.79999999999999));
#11479=CARTESIAN_POINT('Ctrl Pts',(144.500640887092,-116.362694740914,0.20000000000001));
#11480=CARTESIAN_POINT('Ctrl Pts',(144.500640887092,-116.362694740914,-2.79999999999999));
#11481=CARTESIAN_POINT('',(144.420832055878,-116.070061714075,9.40810059679725E-15));
#11482=CARTESIAN_POINT('Ctrl Pts',(144.420832055878,-116.070061714075,9.40810059679725E-15));
#11483=CARTESIAN_POINT('Ctrl Pts',(144.44410932978,-116.115706422279,9.41429965787975E-15));
#11484=CARTESIAN_POINT('Ctrl Pts',(144.491017912035,-116.207690069429,9.42679207036277E-15));
#11485=CARTESIAN_POINT('Ctrl Pts',(144.497417129742,-116.310767198124,9.47224196406883E-15));
#11486=CARTESIAN_POINT('Ctrl Pts',(144.500640887092,-116.362694740914,9.49513842268598E-15));
#11487=CARTESIAN_POINT('',(144.420832055878,-116.070061714075,-2.79999999999999));
#11488=CARTESIAN_POINT('',(144.420832055878,-116.070061714075,0.200000000000009));
#11489=CARTESIAN_POINT('Ctrl Pts',(144.420832055878,-116.070061714075,-2.79999999999999));
#11490=CARTESIAN_POINT('Ctrl Pts',(144.44410932978,-116.115706422279,-2.79999999999999));
#11491=CARTESIAN_POINT('Ctrl Pts',(144.491017912035,-116.207690069429,-2.79999999999999));
#11492=CARTESIAN_POINT('Ctrl Pts',(144.497417129742,-116.310767198124,-2.79999999999999));
#11493=CARTESIAN_POINT('Ctrl Pts',(144.500640887092,-116.362694740914,-2.79999999999999));
#11494=CARTESIAN_POINT('Ctrl Pts',(144.183451193642,-115.863376945875,0.20000000000001));
#11495=CARTESIAN_POINT('Ctrl Pts',(144.183451193642,-115.863376945875,-2.79999999999999));
#11496=CARTESIAN_POINT('Ctrl Pts',(144.231782976066,-115.890226522994,0.200000000000009));
#11497=CARTESIAN_POINT('Ctrl Pts',(144.231782976066,-115.890226522994,-2.79999999999999));
#11498=CARTESIAN_POINT('Ctrl Pts',(144.325630089036,-115.94236106409,0.200000000000009));
#11499=CARTESIAN_POINT('Ctrl Pts',(144.325630089036,-115.94236106409,-2.79999999999999));
#11500=CARTESIAN_POINT('Ctrl Pts',(144.389739396478,-116.028355088185,0.200000000000009));
#11501=CARTESIAN_POINT('Ctrl Pts',(144.389739396478,-116.028355088185,-2.79999999999999));
#11502=CARTESIAN_POINT('Ctrl Pts',(144.420832055878,-116.070061714075,0.200000000000009));
#11503=CARTESIAN_POINT('Ctrl Pts',(144.420832055878,-116.070061714075,-2.79999999999999));
#11504=CARTESIAN_POINT('',(144.183451193642,-115.863376945875,9.46994035055802E-15));
#11505=CARTESIAN_POINT('Ctrl Pts',(144.183451193642,-115.863376945875,9.46994035055802E-15));
#11506=CARTESIAN_POINT('Ctrl Pts',(144.231782976066,-115.890226522994,9.44998886998852E-15));
#11507=CARTESIAN_POINT('Ctrl Pts',(144.325630089036,-115.94236106409,9.41124855255951E-15));
#11508=CARTESIAN_POINT('Ctrl Pts',(144.389739396478,-116.028355088185,9.4091287078524E-15));
#11509=CARTESIAN_POINT('Ctrl Pts',(144.420832055878,-116.070061714075,9.40810059679725E-15));
#11510=CARTESIAN_POINT('',(144.183451193642,-115.863376945875,-2.79999999999999));
#11511=CARTESIAN_POINT('',(144.183451193642,-115.863376945875,0.20000000000001));
#11512=CARTESIAN_POINT('Ctrl Pts',(144.183451193642,-115.863376945875,-2.79999999999999));
#11513=CARTESIAN_POINT('Ctrl Pts',(144.231782976066,-115.890226522994,-2.79999999999999));
#11514=CARTESIAN_POINT('Ctrl Pts',(144.325630089036,-115.94236106409,-2.79999999999999));
#11515=CARTESIAN_POINT('Ctrl Pts',(144.389739396478,-116.028355088185,-2.79999999999999));
#11516=CARTESIAN_POINT('Ctrl Pts',(144.420832055878,-116.070061714075,-2.79999999999999));
#11517=CARTESIAN_POINT('Ctrl Pts',(143.620695728134,-115.687387824677,0.20000000000001));
#11518=CARTESIAN_POINT('Ctrl Pts',(143.620695728134,-115.687387824677,-2.79999999999999));
#11519=CARTESIAN_POINT('Ctrl Pts',(143.736028822947,-115.716294107697,0.20000000000001));
#11520=CARTESIAN_POINT('Ctrl Pts',(143.736028822947,-115.716294107697,-2.79999999999999));
#11521=CARTESIAN_POINT('Ctrl Pts',(143.927085975542,-115.764179340767,0.20000000000001));
#11522=CARTESIAN_POINT('Ctrl Pts',(143.927085975542,-115.764179340767,-2.79999999999999));
#11523=CARTESIAN_POINT('Ctrl Pts',(144.110683645428,-115.835220370791,0.20000000000001));
#11524=CARTESIAN_POINT('Ctrl Pts',(144.110683645428,-115.835220370791,-2.79999999999999));
#11525=CARTESIAN_POINT('Ctrl Pts',(144.183451193642,-115.863376945875,0.20000000000001));
#11526=CARTESIAN_POINT('Ctrl Pts',(144.183451193642,-115.863376945875,-2.79999999999999));
#11527=CARTESIAN_POINT('',(143.620695728134,-115.687387824677,9.76827314662235E-15));
#11528=CARTESIAN_POINT('Ctrl Pts',(143.620695728134,-115.687387824677,9.76827314662235E-15));
#11529=CARTESIAN_POINT('Ctrl Pts',(143.736028822947,-115.716294107697,9.70367113487535E-15));
#11530=CARTESIAN_POINT('Ctrl Pts',(143.927085975542,-115.764179340767,9.59665348920935E-15));
#11531=CARTESIAN_POINT('Ctrl Pts',(144.110683645428,-115.835220370791,9.50590702385966E-15));
#11532=CARTESIAN_POINT('Ctrl Pts',(144.183451193642,-115.863376945875,9.46994035055802E-15));
#11533=CARTESIAN_POINT('',(143.620695728134,-115.687387824677,-2.79999999999999));
#11534=CARTESIAN_POINT('',(143.620695728134,-115.687387824677,0.20000000000001));
#11535=CARTESIAN_POINT('Ctrl Pts',(143.620695728134,-115.687387824677,-2.79999999999999));
#11536=CARTESIAN_POINT('Ctrl Pts',(143.736028822947,-115.716294107697,-2.79999999999999));
#11537=CARTESIAN_POINT('Ctrl Pts',(143.927085975542,-115.764179340767,-2.79999999999999));
#11538=CARTESIAN_POINT('Ctrl Pts',(144.110683645428,-115.835220370791,-2.79999999999999));
#11539=CARTESIAN_POINT('Ctrl Pts',(144.183451193642,-115.863376945875,-2.79999999999999));
#11540=CARTESIAN_POINT('Ctrl Pts',(143.244160670112,-115.562558338664,0.20000000000001));
#11541=CARTESIAN_POINT('Ctrl Pts',(143.244160670112,-115.562558338664,-2.79999999999999));
#11542=CARTESIAN_POINT('Ctrl Pts',(143.287803149798,-115.582157053411,0.20000000000001));
#11543=CARTESIAN_POINT('Ctrl Pts',(143.287803149798,-115.582157053411,-2.79999999999999));
#11544=CARTESIAN_POINT('Ctrl Pts',(143.408842101866,-115.636512532567,0.20000000000001));
#11545=CARTESIAN_POINT('Ctrl Pts',(143.408842101866,-115.636512532567,-2.79999999999999));
#11546=CARTESIAN_POINT('Ctrl Pts',(143.538065706907,-115.667544754058,0.20000000000001));
#11547=CARTESIAN_POINT('Ctrl Pts',(143.538065706907,-115.667544754058,-2.79999999999999));
#11548=CARTESIAN_POINT('Ctrl Pts',(143.620695728134,-115.687387824677,0.20000000000001));
#11549=CARTESIAN_POINT('Ctrl Pts',(143.620695728134,-115.687387824677,-2.79999999999999));
#11550=CARTESIAN_POINT('',(143.244160670112,-115.562558338664,9.96446557725106E-15));
#11551=CARTESIAN_POINT('Ctrl Pts',(143.244160670112,-115.562558338664,9.96446557725106E-15));
#11552=CARTESIAN_POINT('Ctrl Pts',(143.287803149798,-115.582157053411,9.94420487588908E-15));
#11553=CARTESIAN_POINT('Ctrl Pts',(143.408842101866,-115.636512532567,9.88801343395127E-15));
#11554=CARTESIAN_POINT('Ctrl Pts',(143.538065706907,-115.667544754058,9.81497587567648E-15));
#11555=CARTESIAN_POINT('Ctrl Pts',(143.620695728134,-115.687387824677,9.76827314662235E-15));
#11556=CARTESIAN_POINT('',(143.244160670112,-115.562558338664,-2.79999999999999));
#11557=CARTESIAN_POINT('',(143.244160670112,-115.562558338664,0.20000000000001));
#11558=CARTESIAN_POINT('Ctrl Pts',(143.244160670112,-115.562558338664,-2.79999999999999));
#11559=CARTESIAN_POINT('Ctrl Pts',(143.287803149798,-115.582157053411,-2.79999999999999));
#11560=CARTESIAN_POINT('Ctrl Pts',(143.408842101866,-115.636512532567,-2.79999999999999));
#11561=CARTESIAN_POINT('Ctrl Pts',(143.538065706907,-115.667544754058,-2.79999999999999));
#11562=CARTESIAN_POINT('Ctrl Pts',(143.620695728134,-115.687387824677,-2.79999999999999));
#11563=CARTESIAN_POINT('Ctrl Pts',(143.13570227034,-115.366105378292,0.20000000000001));
#11564=CARTESIAN_POINT('Ctrl Pts',(143.13570227034,-115.366105378292,-2.79999999999999));
#11565=CARTESIAN_POINT('Ctrl Pts',(143.140436884779,-115.405639038746,0.20000000000001));
#11566=CARTESIAN_POINT('Ctrl Pts',(143.140436884779,-115.405639038746,-2.79999999999999));
#11567=CARTESIAN_POINT('Ctrl Pts',(143.15002245011,-115.485677759949,0.20000000000001));
#11568=CARTESIAN_POINT('Ctrl Pts',(143.15002245011,-115.485677759949,-2.79999999999999));
#11569=CARTESIAN_POINT('Ctrl Pts',(143.212528392958,-115.536724965421,0.20000000000001));
#11570=CARTESIAN_POINT('Ctrl Pts',(143.212528392958,-115.536724965421,-2.79999999999999));
#11571=CARTESIAN_POINT('Ctrl Pts',(143.244160670112,-115.562558338664,0.20000000000001));
#11572=CARTESIAN_POINT('Ctrl Pts',(143.244160670112,-115.562558338664,-2.79999999999999));
#11573=CARTESIAN_POINT('',(143.13570227034,-115.366105378292,9.94342166819789E-15));
#11574=CARTESIAN_POINT('Ctrl Pts',(143.13570227034,-115.366105378292,9.94342166819789E-15));
#11575=CARTESIAN_POINT('Ctrl Pts',(143.140436884779,-115.405639038746,9.95929983846157E-15));
#11576=CARTESIAN_POINT('Ctrl Pts',(143.15002245011,-115.485677759949,9.99144633526846E-15));
#11577=CARTESIAN_POINT('Ctrl Pts',(143.212528392958,-115.536724965421,9.97353163806486E-15));
#11578=CARTESIAN_POINT('Ctrl Pts',(143.244160670112,-115.562558338664,9.96446557725106E-15));
#11579=CARTESIAN_POINT('',(143.13570227034,-115.366105378292,-2.79999999999999));
#11580=CARTESIAN_POINT('',(143.13570227034,-115.366105378292,0.20000000000001));
#11581=CARTESIAN_POINT('Ctrl Pts',(143.13570227034,-115.366105378292,-2.79999999999999));
#11582=CARTESIAN_POINT('Ctrl Pts',(143.140436884779,-115.405639038746,-2.79999999999999));
#11583=CARTESIAN_POINT('Ctrl Pts',(143.15002245011,-115.485677759949,-2.79999999999999));
#11584=CARTESIAN_POINT('Ctrl Pts',(143.212528392958,-115.536724965421,-2.79999999999999));
#11585=CARTESIAN_POINT('Ctrl Pts',(143.244160670112,-115.562558338664,-2.79999999999999));
#11586=CARTESIAN_POINT('Ctrl Pts',(143.258485454391,-115.122585684679,0.20000000000001));
#11587=CARTESIAN_POINT('Ctrl Pts',(143.258485454391,-115.122585684679,-2.79999999999999));
#11588=CARTESIAN_POINT('Ctrl Pts',(143.222692685263,-115.157765084569,0.20000000000001));
#11589=CARTESIAN_POINT('Ctrl Pts',(143.222692685263,-115.157765084569,-2.79999999999999));
#11590=CARTESIAN_POINT('Ctrl Pts',(143.154003491519,-115.225277173566,0.20000000000001));
#11591=CARTESIAN_POINT('Ctrl Pts',(143.154003491519,-115.225277173566,-2.79999999999999));
#11592=CARTESIAN_POINT('Ctrl Pts',(143.141628746475,-115.320501044772,0.20000000000001));
#11593=CARTESIAN_POINT('Ctrl Pts',(143.141628746475,-115.320501044772,-2.79999999999999));
#11594=CARTESIAN_POINT('Ctrl Pts',(143.13570227034,-115.366105378292,0.20000000000001));
#11595=CARTESIAN_POINT('Ctrl Pts',(143.13570227034,-115.366105378292,-2.79999999999999));
#11596=CARTESIAN_POINT('',(143.258485454391,-115.122585684679,9.74210156149558E-15));
#11597=CARTESIAN_POINT('Ctrl Pts',(143.258485454391,-115.122585684679,9.74210156149558E-15));
#11598=CARTESIAN_POINT('Ctrl Pts',(143.222692685263,-115.157765084569,9.78348477474844E-15));
#11599=CARTESIAN_POINT('Ctrl Pts',(143.154003491519,-115.225277173566,9.86290247221362E-15));
#11600=CARTESIAN_POINT('Ctrl Pts',(143.141628746475,-115.320501044772,9.91734717339552E-15));
#11601=CARTESIAN_POINT('Ctrl Pts',(143.13570227034,-115.366105378292,9.94342166819789E-15));
#11602=CARTESIAN_POINT('',(143.258485454391,-115.122585684679,-2.79999999999999));
#11603=CARTESIAN_POINT('',(143.258485454391,-115.122585684679,0.20000000000001));
#11604=CARTESIAN_POINT('Ctrl Pts',(143.258485454391,-115.122585684679,-2.79999999999999));
#11605=CARTESIAN_POINT('Ctrl Pts',(143.222692685263,-115.157765084569,-2.79999999999999));
#11606=CARTESIAN_POINT('Ctrl Pts',(143.154003491519,-115.225277173566,-2.79999999999999));
#11607=CARTESIAN_POINT('Ctrl Pts',(143.141628746475,-115.320501044772,-2.79999999999999));
#11608=CARTESIAN_POINT('Ctrl Pts',(143.13570227034,-115.366105378292,-2.79999999999999));
#11609=CARTESIAN_POINT('Ctrl Pts',(143.635019916366,-115.020266414307,0.200000000000009));
#11610=CARTESIAN_POINT('Ctrl Pts',(143.635019916366,-115.020266414307,-2.79999999999999));
#11611=CARTESIAN_POINT('Ctrl Pts',(143.559337364178,-115.0219683499,0.20000000000001));
#11612=CARTESIAN_POINT('Ctrl Pts',(143.559337364178,-115.0219683499,-2.79999999999999));
#11613=CARTESIAN_POINT('Ctrl Pts',(143.424660074111,-115.024996948526,0.20000000000001));
#11614=CARTESIAN_POINT('Ctrl Pts',(143.424660074111,-115.024996948526,-2.79999999999999));
#11615=CARTESIAN_POINT('Ctrl Pts',(143.309104163951,-115.092859027865,0.20000000000001));
#11616=CARTESIAN_POINT('Ctrl Pts',(143.309104163951,-115.092859027865,-2.79999999999999));
#11617=CARTESIAN_POINT('Ctrl Pts',(143.258485454391,-115.122585684679,0.20000000000001));
#11618=CARTESIAN_POINT('Ctrl Pts',(143.258485454391,-115.122585684679,-2.79999999999999));
#11619=CARTESIAN_POINT('',(143.635019916366,-115.020266414307,9.43614582045771E-15));
#11620=CARTESIAN_POINT('Ctrl Pts',(143.635019916366,-115.020266414307,9.43614582045771E-15));
#11621=CARTESIAN_POINT('Ctrl Pts',(143.559337364178,-115.0219683499,9.48852667705997E-15));
#11622=CARTESIAN_POINT('Ctrl Pts',(143.424660074111,-115.024996948526,9.58173854181766E-15));
#11623=CARTESIAN_POINT('Ctrl Pts',(143.309104163951,-115.092859027865,9.69325313420429E-15));
#11624=CARTESIAN_POINT('Ctrl Pts',(143.258485454391,-115.122585684679,9.74210156149558E-15));
#11625=CARTESIAN_POINT('',(143.635019916366,-115.020266414307,-2.79999999999999));
#11626=CARTESIAN_POINT('',(143.635019916366,-115.020266414307,0.200000000000009));
#11627=CARTESIAN_POINT('Ctrl Pts',(143.635019916366,-115.020266414307,-2.79999999999999));
#11628=CARTESIAN_POINT('Ctrl Pts',(143.559337364178,-115.0219683499,-2.79999999999999));
#11629=CARTESIAN_POINT('Ctrl Pts',(143.424660074111,-115.024996948526,-2.79999999999999));
#11630=CARTESIAN_POINT('Ctrl Pts',(143.309104163951,-115.092859027865,-2.79999999999999));
#11631=CARTESIAN_POINT('Ctrl Pts',(143.258485454391,-115.122585684679,-2.79999999999999));
#11632=CARTESIAN_POINT('Ctrl Pts',(144.027925986122,-115.136910319947,0.200000000000009));
#11633=CARTESIAN_POINT('Ctrl Pts',(144.027925986122,-115.136910319947,-2.79999999999999));
#11634=CARTESIAN_POINT('Ctrl Pts',(143.973152977628,-115.102955507351,0.200000000000009));
#11635=CARTESIAN_POINT('Ctrl Pts',(143.973152977628,-115.102955507351,-2.79999999999999));
#11636=CARTESIAN_POINT('Ctrl Pts',(143.853288211153,-115.028649096322,0.200000000000009));
#11637=CARTESIAN_POINT('Ctrl Pts',(143.853288211153,-115.028649096322,-2.79999999999999));
#11638=CARTESIAN_POINT('Ctrl Pts',(143.71183508718,-115.023216531966,0.200000000000009));
#11639=CARTESIAN_POINT('Ctrl Pts',(143.71183508718,-115.023216531966,-2.79999999999999));
#11640=CARTESIAN_POINT('Ctrl Pts',(143.635019916366,-115.020266414307,0.200000000000009));
#11641=CARTESIAN_POINT('Ctrl Pts',(143.635019916366,-115.020266414307,-2.79999999999999));
#11642=CARTESIAN_POINT('',(144.027925986122,-115.136910319947,9.22484523372574E-15));
#11643=CARTESIAN_POINT('Ctrl Pts',(144.027925986122,-115.136910319947,9.22484523372574E-15));
#11644=CARTESIAN_POINT('Ctrl Pts',(143.973152977628,-115.102955507351,9.24575135103248E-15));
#11645=CARTESIAN_POINT('Ctrl Pts',(143.853288211153,-115.028649096322,9.29150211514274E-15));
#11646=CARTESIAN_POINT('Ctrl Pts',(143.71183508718,-115.023216531966,9.38524135303587E-15));
#11647=CARTESIAN_POINT('Ctrl Pts',(143.635019916366,-115.020266414307,9.43614582045771E-15));
#11648=CARTESIAN_POINT('',(144.027925986122,-115.136910319947,-2.79999999999999));
#11649=CARTESIAN_POINT('',(144.027925986122,-115.136910319947,0.200000000000009));
#11650=CARTESIAN_POINT('Ctrl Pts',(144.027925986122,-115.136910319947,-2.79999999999999));
#11651=CARTESIAN_POINT('Ctrl Pts',(143.973152977628,-115.102955507351,-2.79999999999999));
#11652=CARTESIAN_POINT('Ctrl Pts',(143.853288211153,-115.028649096322,-2.79999999999999));
#11653=CARTESIAN_POINT('Ctrl Pts',(143.71183508718,-115.023216531966,-2.79999999999999));
#11654=CARTESIAN_POINT('Ctrl Pts',(143.635019916366,-115.020266414307,-2.79999999999999));
#11655=CARTESIAN_POINT('Ctrl Pts',(144.19777597792,-115.472517401598,0.200000000000009));
#11656=CARTESIAN_POINT('Ctrl Pts',(144.19777597792,-115.472517401598,-2.79999999999999));
#11657=CARTESIAN_POINT('Ctrl Pts',(144.184400278422,-115.404996055536,0.200000000000009));
#11658=CARTESIAN_POINT('Ctrl Pts',(144.184400278422,-115.404996055536,-2.79999999999999));
#11659=CARTESIAN_POINT('Ctrl Pts',(144.159026340376,-115.276906870216,0.200000000000009));
#11660=CARTESIAN_POINT('Ctrl Pts',(144.159026340376,-115.276906870216,-2.79999999999999));
#11661=CARTESIAN_POINT('Ctrl Pts',(144.070015408452,-115.181855842502,0.200000000000009));
#11662=CARTESIAN_POINT('Ctrl Pts',(144.070015408452,-115.181855842502,-2.79999999999999));
#11663=CARTESIAN_POINT('Ctrl Pts',(144.027925986122,-115.136910319947,0.200000000000009));
#11664=CARTESIAN_POINT('Ctrl Pts',(144.027925986122,-115.136910319947,-2.79999999999999));
#11665=CARTESIAN_POINT('',(144.19777597792,-115.472517401598,9.27130896548549E-15));
#11666=CARTESIAN_POINT('Ctrl Pts',(144.19777597792,-115.472517401598,9.27130896548549E-15));
#11667=CARTESIAN_POINT('Ctrl Pts',(144.184400278422,-115.404996055536,9.24779317606421E-15));
#11668=CARTESIAN_POINT('Ctrl Pts',(144.159026340376,-115.276906870216,9.20318330908561E-15));
#11669=CARTESIAN_POINT('Ctrl Pts',(144.070015408452,-115.181855842502,9.21789072926932E-15));
#11670=CARTESIAN_POINT('Ctrl Pts',(144.027925986122,-115.136910319947,9.22484523372574E-15));
#11671=CARTESIAN_POINT('',(144.19777597792,-115.472517401598,-2.79999999999999));
#11672=CARTESIAN_POINT('',(144.19777597792,-115.472517401598,0.200000000000009));
#11673=CARTESIAN_POINT('Ctrl Pts',(144.19777597792,-115.472517401598,-2.79999999999999));
#11674=CARTESIAN_POINT('Ctrl Pts',(144.184400278422,-115.404996055536,-2.79999999999999));
#11675=CARTESIAN_POINT('Ctrl Pts',(144.159026340376,-115.276906870216,-2.79999999999999));
#11676=CARTESIAN_POINT('Ctrl Pts',(144.070015408452,-115.181855842502,-2.79999999999999));
#11677=CARTESIAN_POINT('Ctrl Pts',(144.027925986122,-115.136910319947,-2.79999999999999));
#11678=CARTESIAN_POINT('Origin',(144.562032479118,-115.415218637012,0.200000000000009));
#11679=CARTESIAN_POINT('',(140.757245739219,-116.013724302646,0.));
#11680=CARTESIAN_POINT('',(144.562032479118,-115.415218637012,-2.79999999999999));
#11681=CARTESIAN_POINT('Origin',(142.440954479646,-113.509011358641,-2.79999999999999));
#11682=CARTESIAN_POINT('Origin',(148.343751686882,-116.550962269924,0.200000000000007));
#11683=CARTESIAN_POINT('',(148.343751686882,-116.550962269924,6.96800967298826E-15));
#11684=CARTESIAN_POINT('',(147.02997263081,-114.766514689349,7.00072872767154E-15));
#11685=CARTESIAN_POINT('',(135.000478676147,-98.4273888038076,0.));
#11686=CARTESIAN_POINT('',(148.343751686882,-116.550962269924,-2.79999999999999));
#11687=CARTESIAN_POINT('',(148.343751686882,-116.550962269924,0.200000000000007));
#11688=CARTESIAN_POINT('',(147.02997263081,-114.766514689349,-2.79999999999999));
#11689=CARTESIAN_POINT('',(148.343751686882,-116.550962269924,-2.79999999999999));
#11690=CARTESIAN_POINT('',(147.02997263081,-114.766514689349,0.200000000000007));
#11691=CARTESIAN_POINT('Origin',(147.02997263081,-114.766514689349,0.200000000000007));
#11692=CARTESIAN_POINT('',(147.553847092461,-114.766514689349,6.64384130910558E-15));
#11693=CARTESIAN_POINT('',(139.26129854623,-114.766514689348,0.));
#11694=CARTESIAN_POINT('',(147.553847092461,-114.766514689349,-2.79999999999999));
#11695=CARTESIAN_POINT('',(147.02997263081,-114.766514689349,-2.79999999999999));
#11696=CARTESIAN_POINT('',(147.553847092461,-114.766514689349,0.200000000000007));
#11697=CARTESIAN_POINT('Origin',(147.553847092461,-114.766514689349,0.200000000000007));
#11698=CARTESIAN_POINT('',(148.622060003947,-116.284932137154,6.64986110360573E-15));
#11699=CARTESIAN_POINT('',(136.267919147226,-98.7240668566695,4.93038065763132E-31));
#11700=CARTESIAN_POINT('',(148.622060003947,-116.284932137154,-2.79999999999999));
#11701=CARTESIAN_POINT('',(147.553847092461,-114.766514689349,-2.79999999999999));
#11702=CARTESIAN_POINT('',(148.622060003947,-116.284932137154,0.200000000000007));
#11703=CARTESIAN_POINT('Origin',(148.622060003947,-116.284932137154,0.200000000000007));
#11704=CARTESIAN_POINT('',(149.113192367624,-115.806078181289,6.08388541767149E-15));
#11705=CARTESIAN_POINT('',(154.360607942545,-110.6898490505,0.));
#11706=CARTESIAN_POINT('',(149.113192367624,-115.806078181289,-2.79999999999999));
#11707=CARTESIAN_POINT('',(148.622060003947,-116.284932137154,-2.79999999999999));
#11708=CARTESIAN_POINT('',(149.113192367624,-115.806078181289,0.200000000000006));
#11709=CARTESIAN_POINT('Origin',(149.113192367624,-115.806078181289,0.200000000000006));
#11710=CARTESIAN_POINT('',(149.113192367624,-114.766514689349,5.58154346653872E-15));
#11711=CARTESIAN_POINT('',(149.113192367624,-95.4832573446743,0.));
#11712=CARTESIAN_POINT('',(149.113192367624,-114.766514689349,-2.79999999999999));
#11713=CARTESIAN_POINT('',(149.113192367624,-115.806078181289,-2.79999999999999));
#11714=CARTESIAN_POINT('',(149.113192367624,-114.766514689349,0.200000000000006));
#11715=CARTESIAN_POINT('Origin',(149.113192367624,-114.766514689349,0.200000000000006));
#11716=CARTESIAN_POINT('',(149.510190966796,-114.766514689349,5.3110897342293E-15));
#11717=CARTESIAN_POINT('',(140.239470483398,-114.766514689348,0.));
#11718=CARTESIAN_POINT('',(149.510190966796,-114.766514689349,-2.8));
#11719=CARTESIAN_POINT('',(149.113192367624,-114.766514689349,-2.79999999999999));
#11720=CARTESIAN_POINT('',(149.510190966796,-114.766514689349,0.200000000000005));
#11721=CARTESIAN_POINT('Origin',(147.085224944424,-117.766514808558,0.200000000000008));
#11722=CARTESIAN_POINT('',(147.085224944424,-117.766514808558,8.41276013795622E-15));
#11723=CARTESIAN_POINT('',(153.930802109077,-111.154689711659,0.));
#11724=CARTESIAN_POINT('',(147.085224944424,-117.766514808558,-2.79999999999999));
#11725=CARTESIAN_POINT('',(147.085224944424,-117.766514808558,0.200000000000008));
#11726=CARTESIAN_POINT('',(147.085224944424,-117.766514808558,-2.79999999999999));
#11727=CARTESIAN_POINT('Origin',(147.623424190353,-117.766514808558,0.200000000000008));
#11728=CARTESIAN_POINT('',(147.623424190353,-117.766514808558,8.04611401889054E-15));
#11729=CARTESIAN_POINT('',(139.026987472212,-117.766514808558,0.));
#11730=CARTESIAN_POINT('',(147.623424190353,-117.766514808558,-2.79999999999999));
#11731=CARTESIAN_POINT('',(147.623424190353,-117.766514808558,0.200000000000008));
#11732=CARTESIAN_POINT('',(147.623424190353,-117.766514808558,-2.79999999999999));
#11733=CARTESIAN_POINT('Origin',(149.113192367624,-116.278793007754,0.200000000000006));
#11734=CARTESIAN_POINT('',(149.113192367624,-116.278793007754,6.31231253496809E-15));
#11735=CARTESIAN_POINT('',(153.845651298245,-111.552834680874,0.));
#11736=CARTESIAN_POINT('',(149.113192367624,-116.278793007754,-2.79999999999999));
#11737=CARTESIAN_POINT('',(149.113192367624,-116.278793007754,0.200000000000006));
#11738=CARTESIAN_POINT('',(149.113192367624,-116.278793007754,-2.79999999999999));
#11739=CARTESIAN_POINT('Origin',(149.113192367624,-117.766514808558,0.200000000000007));
#11740=CARTESIAN_POINT('',(149.113192367624,-117.766514808558,7.0312153045996E-15));
#11741=CARTESIAN_POINT('',(149.113192367624,-96.2393965038769,0.));
#11742=CARTESIAN_POINT('',(149.113192367624,-117.766514808558,-2.79999999999999));
#11743=CARTESIAN_POINT('',(149.113192367624,-117.766514808558,0.200000000000007));
#11744=CARTESIAN_POINT('',(149.113192367624,-117.766514808558,-2.79999999999999));
#11745=CARTESIAN_POINT('Origin',(149.510190966796,-117.766514808558,0.200000000000007));
#11746=CARTESIAN_POINT('',(149.510190966796,-117.766514808558,6.76076156815428E-15));
#11747=CARTESIAN_POINT('',(140.040971183812,-117.766514808558,0.));
#11748=CARTESIAN_POINT('',(149.510190966796,-117.766514808558,-2.79999999999999));
#11749=CARTESIAN_POINT('',(149.510190966796,-117.766514808558,0.200000000000007));
#11750=CARTESIAN_POINT('',(149.510190966796,-117.766514808558,-2.79999999999999));
#11751=CARTESIAN_POINT('Origin',(149.510190966796,-114.766514689349,0.200000000000005));
#11752=CARTESIAN_POINT('',(149.510190966796,-96.9832574042789,0.));
#11753=CARTESIAN_POINT('',(149.510190966796,-114.766514689349,-2.8));
#11754=CARTESIAN_POINT('Origin',(142.440954479646,-113.509011358641,-2.8));
#11755=CARTESIAN_POINT('Origin',(146.385361510586,-116.939775288723,0.200000000000009));
#11756=CARTESIAN_POINT('',(146.385361510586,-116.939775288723,8.49003903587055E-15));
#11757=CARTESIAN_POINT('',(146.385361510586,-115.734454706929,7.90759929178066E-15));
#11758=CARTESIAN_POINT('',(146.385361510586,-95.9672273534648,0.));
#11759=CARTESIAN_POINT('',(146.385361510586,-116.939775288723,-2.79999999999999));
#11760=CARTESIAN_POINT('',(146.385361510586,-116.939775288723,0.200000000000009));
#11761=CARTESIAN_POINT('',(146.385361510586,-115.734454706929,-2.79999999999999));
#11762=CARTESIAN_POINT('',(146.385361510586,-116.939775288723,-2.79999999999999));
#11763=CARTESIAN_POINT('',(146.385361510586,-115.734454706929,0.200000000000008));
#11764=CARTESIAN_POINT('Ctrl Pts',(146.385361510586,-115.734454706929,0.200000000000008));
#11765=CARTESIAN_POINT('Ctrl Pts',(146.385361510586,-115.734454706929,-2.79999999999999));
#11766=CARTESIAN_POINT('Ctrl Pts',(146.385743912415,-115.653808204176,0.200000000000008));
#11767=CARTESIAN_POINT('Ctrl Pts',(146.385743912415,-115.653808204176,-2.79999999999999));
#11768=CARTESIAN_POINT('Ctrl Pts',(146.386361107177,-115.523645126514,0.200000000000008));
#11769=CARTESIAN_POINT('Ctrl Pts',(146.386361107177,-115.523645126514,-2.79999999999999));
#11770=CARTESIAN_POINT('Ctrl Pts',(146.369330134725,-115.394696273704,0.200000000000008));
#11771=CARTESIAN_POINT('Ctrl Pts',(146.369330134725,-115.394696273704,-2.79999999999999));
#11772=CARTESIAN_POINT('Ctrl Pts',(146.36285122044,-115.345641613625,0.200000000000008));
#11773=CARTESIAN_POINT('Ctrl Pts',(146.36285122044,-115.345641613625,-2.79999999999999));
#11774=CARTESIAN_POINT('',(146.36285122044,-115.345641613625,7.73505054923954E-15));
#11775=CARTESIAN_POINT('Ctrl Pts',(146.385361510586,-115.734454706929,7.90759929178066E-15));
#11776=CARTESIAN_POINT('Ctrl Pts',(146.385743912415,-115.653808204176,7.86836846452021E-15));
#11777=CARTESIAN_POINT('Ctrl Pts',(146.386361107177,-115.523645126514,7.80505008819138E-15));
#11778=CARTESIAN_POINT('Ctrl Pts',(146.369330134725,-115.394696273704,7.75434119935357E-15));
#11779=CARTESIAN_POINT('Ctrl Pts',(146.36285122044,-115.345641613625,7.73505054923954E-15));
#11780=CARTESIAN_POINT('',(146.36285122044,-115.345641613625,-2.79999999999999));
#11781=CARTESIAN_POINT('Ctrl Pts',(146.385361510586,-115.734454706929,-2.79999999999999));
#11782=CARTESIAN_POINT('Ctrl Pts',(146.385743912415,-115.653808204176,-2.79999999999999));
#11783=CARTESIAN_POINT('Ctrl Pts',(146.386361107177,-115.523645126514,-2.79999999999999));
#11784=CARTESIAN_POINT('Ctrl Pts',(146.369330134725,-115.394696273704,-2.79999999999999));
#11785=CARTESIAN_POINT('Ctrl Pts',(146.36285122044,-115.345641613625,-2.79999999999999));
#11786=CARTESIAN_POINT('',(146.36285122044,-115.345641613625,0.200000000000008));
#11787=CARTESIAN_POINT('Ctrl Pts',(146.36285122044,-115.345641613625,0.200000000000008));
#11788=CARTESIAN_POINT('Ctrl Pts',(146.36285122044,-115.345641613625,-2.79999999999999));
#11789=CARTESIAN_POINT('Ctrl Pts',(146.348343757759,-115.30001656658,0.200000000000008));
#11790=CARTESIAN_POINT('Ctrl Pts',(146.348343757759,-115.30001656658,-2.79999999999999));
#11791=CARTESIAN_POINT('Ctrl Pts',(146.31981498481,-115.210295390897,0.200000000000008));
#11792=CARTESIAN_POINT('Ctrl Pts',(146.31981498481,-115.210295390897,-2.79999999999999));
#11793=CARTESIAN_POINT('Ctrl Pts',(146.249882103955,-115.147371979905,0.200000000000008));
#11794=CARTESIAN_POINT('Ctrl Pts',(146.249882103955,-115.147371979905,-2.79999999999999));
#11795=CARTESIAN_POINT('Ctrl Pts',(146.215511518787,-115.116446406267,0.200000000000008));
#11796=CARTESIAN_POINT('Ctrl Pts',(146.215511518787,-115.116446406267,-2.79999999999999));
#11797=CARTESIAN_POINT('',(146.215511518787,-115.116446406267,7.7246725344793E-15));
#11798=CARTESIAN_POINT('Ctrl Pts',(146.36285122044,-115.345641613625,7.73505054923954E-15));
#11799=CARTESIAN_POINT('Ctrl Pts',(146.348343757759,-115.30001656658,7.72288658949825E-15));
#11800=CARTESIAN_POINT('Ctrl Pts',(146.31981498481,-115.210295390897,7.69896628394202E-15));
#11801=CARTESIAN_POINT('Ctrl Pts',(146.249882103955,-115.147371979905,7.71620168388297E-15));
#11802=CARTESIAN_POINT('Ctrl Pts',(146.215511518787,-115.116446406267,7.7246725344793E-15));
#11803=CARTESIAN_POINT('',(146.215511518787,-115.116446406267,-2.79999999999999));
#11804=CARTESIAN_POINT('Ctrl Pts',(146.36285122044,-115.345641613625,-2.79999999999999));
#11805=CARTESIAN_POINT('Ctrl Pts',(146.348343757759,-115.30001656658,-2.79999999999999));
#11806=CARTESIAN_POINT('Ctrl Pts',(146.31981498481,-115.210295390897,-2.79999999999999));
#11807=CARTESIAN_POINT('Ctrl Pts',(146.249882103955,-115.147371979905,-2.79999999999999));
#11808=CARTESIAN_POINT('Ctrl Pts',(146.215511518787,-115.116446406267,-2.79999999999999));
#11809=CARTESIAN_POINT('',(146.215511518787,-115.116446406267,0.200000000000008));
#11810=CARTESIAN_POINT('Ctrl Pts',(146.215511518787,-115.116446406267,0.200000000000008));
#11811=CARTESIAN_POINT('Ctrl Pts',(146.215511518787,-115.116446406267,-2.79999999999999));
#11812=CARTESIAN_POINT('Ctrl Pts',(146.174587541782,-115.092586249849,0.200000000000008));
#11813=CARTESIAN_POINT('Ctrl Pts',(146.174587541782,-115.092586249849,-2.79999999999999));
#11814=CARTESIAN_POINT('Ctrl Pts',(146.088707990507,-115.042515370221,0.200000000000008));
#11815=CARTESIAN_POINT('Ctrl Pts',(146.088707990507,-115.042515370221,-2.79999999999999));
#11816=CARTESIAN_POINT('Ctrl Pts',(145.989260922135,-115.037313884011,0.200000000000008));
#11817=CARTESIAN_POINT('Ctrl Pts',(145.989260922135,-115.037313884011,-2.79999999999999));
#11818=CARTESIAN_POINT('Ctrl Pts',(145.937203127216,-115.034591049574,0.200000000000008));
#11819=CARTESIAN_POINT('Ctrl Pts',(145.937203127216,-115.034591049574,-2.79999999999999));
#11820=CARTESIAN_POINT('',(145.937203127216,-115.034591049574,7.8747145652284E-15));
#11821=CARTESIAN_POINT('Ctrl Pts',(146.215511518787,-115.116446406267,7.7246725344793E-15));
#11822=CARTESIAN_POINT('Ctrl Pts',(146.174587541782,-115.092586249849,7.74102203639191E-15));
#11823=CARTESIAN_POINT('Ctrl Pts',(146.088707990507,-115.042515370221,7.77533169321868E-15));
#11824=CARTESIAN_POINT('Ctrl Pts',(145.989260922135,-115.037313884011,7.84056613417482E-15));
#11825=CARTESIAN_POINT('Ctrl Pts',(145.937203127216,-115.034591049574,7.8747145652284E-15));
#11826=CARTESIAN_POINT('',(145.937203127216,-115.034591049574,-2.79999999999999));
#11827=CARTESIAN_POINT('Ctrl Pts',(146.215511518787,-115.116446406267,-2.79999999999999));
#11828=CARTESIAN_POINT('Ctrl Pts',(146.174587541782,-115.092586249849,-2.79999999999999));
#11829=CARTESIAN_POINT('Ctrl Pts',(146.088707990507,-115.042515370221,-2.79999999999999));
#11830=CARTESIAN_POINT('Ctrl Pts',(145.989260922135,-115.037313884011,-2.79999999999999));
#11831=CARTESIAN_POINT('Ctrl Pts',(145.937203127216,-115.034591049574,-2.79999999999999));
#11832=CARTESIAN_POINT('',(145.937203127216,-115.034591049574,0.200000000000008));
#11833=CARTESIAN_POINT('Ctrl Pts',(145.937203127216,-115.034591049574,0.200000000000008));
#11834=CARTESIAN_POINT('Ctrl Pts',(145.937203127216,-115.034591049574,-2.79999999999999));
#11835=CARTESIAN_POINT('Ctrl Pts',(145.8827265811,-115.038131350092,0.200000000000008));
#11836=CARTESIAN_POINT('Ctrl Pts',(145.8827265811,-115.038131350092,-2.79999999999999));
#11837=CARTESIAN_POINT('Ctrl Pts',(145.773424866145,-115.045234607285,0.200000000000008));
#11838=CARTESIAN_POINT('Ctrl Pts',(145.773424866145,-115.045234607285,-2.79999999999999));
#11839=CARTESIAN_POINT('Ctrl Pts',(145.675347704003,-115.094021620803,0.200000000000008));
#11840=CARTESIAN_POINT('Ctrl Pts',(145.675347704003,-115.094021620803,-2.79999999999999));
#11841=CARTESIAN_POINT('Ctrl Pts',(145.626152712177,-115.118492931746,0.200000000000008));
#11842=CARTESIAN_POINT('Ctrl Pts',(145.626152712177,-115.118492931746,-2.79999999999999));
#11843=CARTESIAN_POINT('',(145.626152712177,-115.118492931746,8.12715983527589E-15));
#11844=CARTESIAN_POINT('Ctrl Pts',(145.937203127216,-115.034591049574,7.8747145652284E-15));
#11845=CARTESIAN_POINT('Ctrl Pts',(145.8827265811,-115.038131350092,7.91353725330281E-15));
#11846=CARTESIAN_POINT('Ctrl Pts',(145.773424866145,-115.045234607285,7.99143108142042E-15));
#11847=CARTESIAN_POINT('Ctrl Pts',(145.675347704003,-115.094021620803,8.08182081685913E-15));
#11848=CARTESIAN_POINT('Ctrl Pts',(145.626152712177,-115.118492931746,8.12715983527589E-15));
#11849=CARTESIAN_POINT('',(145.626152712177,-115.118492931746,-2.79999999999999));
#11850=CARTESIAN_POINT('Ctrl Pts',(145.937203127216,-115.034591049574,-2.79999999999999));
#11851=CARTESIAN_POINT('Ctrl Pts',(145.8827265811,-115.038131350092,-2.79999999999999));
#11852=CARTESIAN_POINT('Ctrl Pts',(145.773424866145,-115.045234607285,-2.79999999999999));
#11853=CARTESIAN_POINT('Ctrl Pts',(145.675347704003,-115.094021620803,-2.79999999999999));
#11854=CARTESIAN_POINT('Ctrl Pts',(145.626152712177,-115.118492931746,-2.79999999999999));
#11855=CARTESIAN_POINT('',(145.626152712177,-115.118492931746,0.200000000000008));
#11856=CARTESIAN_POINT('Ctrl Pts',(145.626152712177,-115.118492931746,0.200000000000008));
#11857=CARTESIAN_POINT('Ctrl Pts',(145.626152712177,-115.118492931746,-2.79999999999999));
#11858=CARTESIAN_POINT('Ctrl Pts',(145.581508433972,-115.149120440121,0.200000000000008));
#11859=CARTESIAN_POINT('Ctrl Pts',(145.581508433972,-115.149120440121,-2.79999999999999));
#11860=CARTESIAN_POINT('Ctrl Pts',(145.493945989342,-115.209191284899,0.200000000000008));
#11861=CARTESIAN_POINT('Ctrl Pts',(145.493945989342,-115.209191284899,-2.79999999999999));
#11862=CARTESIAN_POINT('Ctrl Pts',(145.445338713565,-115.303506414989,0.200000000000008));
#11863=CARTESIAN_POINT('Ctrl Pts',(145.445338713565,-115.303506414989,-2.79999999999999));
#11864=CARTESIAN_POINT('Ctrl Pts',(145.421514171432,-115.349734366558,0.200000000000008));
#11865=CARTESIAN_POINT('Ctrl Pts',(145.421514171432,-115.349734366558,-2.79999999999999));
#11866=CARTESIAN_POINT('',(145.421514171432,-115.349734366558,8.37831042704403E-15));
#11867=CARTESIAN_POINT('Ctrl Pts',(145.626152712177,-115.118492931746,8.12715983527589E-15));
#11868=CARTESIAN_POINT('Ctrl Pts',(145.581508433972,-115.149120440121,8.17237351928623E-15));
#11869=CARTESIAN_POINT('Ctrl Pts',(145.493945989342,-115.209191284899,8.26105276102348E-15));
#11870=CARTESIAN_POINT('Ctrl Pts',(145.445338713565,-115.303506414989,8.33974160069961E-15));
#11871=CARTESIAN_POINT('Ctrl Pts',(145.421514171432,-115.349734366558,8.37831042704403E-15));
#11872=CARTESIAN_POINT('',(145.421514171432,-115.349734366558,-2.79999999999999));
#11873=CARTESIAN_POINT('Ctrl Pts',(145.626152712177,-115.118492931746,-2.79999999999999));
#11874=CARTESIAN_POINT('Ctrl Pts',(145.581508433972,-115.149120440121,-2.79999999999999));
#11875=CARTESIAN_POINT('Ctrl Pts',(145.493945989342,-115.209191284899,-2.79999999999999));
#11876=CARTESIAN_POINT('Ctrl Pts',(145.445338713565,-115.303506414989,-2.79999999999999));
#11877=CARTESIAN_POINT('Ctrl Pts',(145.421514171432,-115.349734366558,-2.79999999999999));
#11878=CARTESIAN_POINT('',(145.421514171432,-115.349734366558,0.200000000000008));
#11879=CARTESIAN_POINT('Ctrl Pts',(145.421514171432,-115.349734366558,0.200000000000008));
#11880=CARTESIAN_POINT('Ctrl Pts',(145.421514171432,-115.349734366558,-2.79999999999999));
#11881=CARTESIAN_POINT('Ctrl Pts',(145.403695435697,-115.409372115254,0.200000000000008));
#11882=CARTESIAN_POINT('Ctrl Pts',(145.403695435697,-115.409372115254,-2.79999999999999));
#11883=CARTESIAN_POINT('Ctrl Pts',(145.362289789618,-115.547953188123,0.200000000000009));
#11884=CARTESIAN_POINT('Ctrl Pts',(145.362289789618,-115.547953188123,-2.79999999999999));
#11885=CARTESIAN_POINT('Ctrl Pts',(145.36090909706,-115.692844439734,0.200000000000009));
#11886=CARTESIAN_POINT('Ctrl Pts',(145.36090909706,-115.692844439734,-2.79999999999999));
#11887=CARTESIAN_POINT('Ctrl Pts',(145.360122579407,-115.775382385276,0.200000000000009));
#11888=CARTESIAN_POINT('Ctrl Pts',(145.360122579407,-115.775382385276,-2.79999999999999));
#11889=CARTESIAN_POINT('',(145.360122579407,-115.775382385276,8.6258165148E-15));
#11890=CARTESIAN_POINT('Ctrl Pts',(145.421514171432,-115.349734366558,8.37831042704403E-15));
#11891=CARTESIAN_POINT('Ctrl Pts',(145.403695435697,-115.409372115254,8.41926776222262E-15));
#11892=CARTESIAN_POINT('Ctrl Pts',(145.362289789618,-115.547953188123,8.51444088048448E-15));
#11893=CARTESIAN_POINT('Ctrl Pts',(145.36090909706,-115.692844439734,8.58539639620615E-15));
#11894=CARTESIAN_POINT('Ctrl Pts',(145.360122579407,-115.775382385276,8.6258165148E-15));
#11895=CARTESIAN_POINT('',(145.360122579407,-115.775382385276,-2.79999999999999));
#11896=CARTESIAN_POINT('Ctrl Pts',(145.421514171432,-115.349734366558,-2.79999999999999));
#11897=CARTESIAN_POINT('Ctrl Pts',(145.403695435697,-115.409372115254,-2.79999999999999));
#11898=CARTESIAN_POINT('Ctrl Pts',(145.362289789618,-115.547953188123,-2.79999999999999));
#11899=CARTESIAN_POINT('Ctrl Pts',(145.36090909706,-115.692844439734,-2.79999999999999));
#11900=CARTESIAN_POINT('Ctrl Pts',(145.360122579407,-115.775382385276,-2.79999999999999));
#11901=CARTESIAN_POINT('',(145.360122579407,-115.775382385276,0.200000000000009));
#11902=CARTESIAN_POINT('Origin',(145.360122579407,-115.775382385276,0.200000000000009));
#11903=CARTESIAN_POINT('',(145.360122579407,-116.939775288723,9.18847902805233E-15));
#11904=CARTESIAN_POINT('',(145.360122579407,-96.5698876443617,0.));
#11905=CARTESIAN_POINT('',(145.360122579407,-116.939775288723,-2.79999999999999));
#11906=CARTESIAN_POINT('',(145.360122579407,-115.775382385276,-2.79999999999999));
#11907=CARTESIAN_POINT('',(145.360122579407,-116.939775288723,0.200000000000009));
#11908=CARTESIAN_POINT('Origin',(145.360122579407,-116.939775288723,0.200000000000009));
#11909=CARTESIAN_POINT('',(144.991773325275,-116.939775288723,9.43941550825482E-15));
#11910=CARTESIAN_POINT('',(137.980261662638,-116.939775288723,0.));
#11911=CARTESIAN_POINT('',(144.991773325275,-116.939775288723,-2.79999999999999));
#11912=CARTESIAN_POINT('',(145.360122579407,-116.939775288723,-2.79999999999999));
#11913=CARTESIAN_POINT('',(144.991773325275,-116.939775288723,0.200000000000009));
#11914=CARTESIAN_POINT('Origin',(144.991773325275,-116.939775288723,0.200000000000009));
#11915=CARTESIAN_POINT('',(144.991773325275,-114.766514689348,8.38924398871138E-15));
#11916=CARTESIAN_POINT('',(144.991773325275,-95.4832573446743,0.));
#11917=CARTESIAN_POINT('',(144.991773325275,-114.766514689348,-2.79999999999999));
#11918=CARTESIAN_POINT('',(144.991773325275,-116.939775288723,-2.79999999999999));
#11919=CARTESIAN_POINT('',(144.991773325275,-114.766514689348,0.200000000000008));
#11920=CARTESIAN_POINT('Origin',(146.753710764717,-116.939775288723,0.200000000000008));
#11921=CARTESIAN_POINT('',(146.753710764717,-116.939775288723,8.23910255566806E-15));
#11922=CARTESIAN_POINT('',(138.677055755293,-116.939775288723,0.));
#11923=CARTESIAN_POINT('',(146.753710764717,-116.939775288723,-2.79999999999999));
#11924=CARTESIAN_POINT('',(146.753710764717,-116.939775288723,0.200000000000008));
#11925=CARTESIAN_POINT('',(146.753710764717,-116.939775288723,-2.79999999999999));
#11926=CARTESIAN_POINT('Origin',(146.753710764717,-115.593254134677,0.200000000000008));
#11927=CARTESIAN_POINT('',(146.753710764717,-115.593254134677,7.58843131741893E-15));
#11928=CARTESIAN_POINT('',(146.753710764717,-96.5698876443617,0.));
#11929=CARTESIAN_POINT('',(146.753710764717,-115.593254134677,-2.79999999999999));
#11930=CARTESIAN_POINT('',(146.753710764717,-115.593254134677,0.200000000000008));
#11931=CARTESIAN_POINT('',(146.753710764717,-115.593254134677,-2.79999999999999));
#11932=CARTESIAN_POINT('Ctrl Pts',(146.731200474571,-115.249461472653,0.200000000000007));
#11933=CARTESIAN_POINT('Ctrl Pts',(146.731200474571,-115.249461472653,-2.79999999999999));
#11934=CARTESIAN_POINT('Ctrl Pts',(146.737713818196,-115.296121826508,0.200000000000008));
#11935=CARTESIAN_POINT('Ctrl Pts',(146.737713818196,-115.296121826508,-2.79999999999999));
#11936=CARTESIAN_POINT('Ctrl Pts',(146.753623854777,-115.410098299949,0.200000000000008));
#11937=CARTESIAN_POINT('Ctrl Pts',(146.753623854777,-115.410098299949,-2.79999999999999));
#11938=CARTESIAN_POINT('Ctrl Pts',(146.753678494011,-115.525246171044,0.200000000000008));
#11939=CARTESIAN_POINT('Ctrl Pts',(146.753678494011,-115.525246171044,-2.79999999999999));
#11940=CARTESIAN_POINT('Ctrl Pts',(146.753710764717,-115.593254134677,0.200000000000008));
#11941=CARTESIAN_POINT('Ctrl Pts',(146.753710764717,-115.593254134677,-2.79999999999999));
#11942=CARTESIAN_POINT('',(146.731200474571,-115.249461472653,7.43763752424963E-15));
#11943=CARTESIAN_POINT('Ctrl Pts',(146.731200474571,-115.249461472653,7.43763752424963E-15));
#11944=CARTESIAN_POINT('Ctrl Pts',(146.737713818196,-115.296121826508,7.4557477338628E-15));
#11945=CARTESIAN_POINT('Ctrl Pts',(146.753623854777,-115.410098299949,7.49998524135275E-15));
#11946=CARTESIAN_POINT('Ctrl Pts',(146.753678494011,-115.525246171044,7.55559022464398E-15));
#11947=CARTESIAN_POINT('Ctrl Pts',(146.753710764717,-115.593254134677,7.58843131741893E-15));
#11948=CARTESIAN_POINT('',(146.731200474571,-115.249461472653,-2.79999999999999));
#11949=CARTESIAN_POINT('',(146.731200474571,-115.249461472653,0.200000000000008));
#11950=CARTESIAN_POINT('Ctrl Pts',(146.731200474571,-115.249461472653,-2.79999999999999));
#11951=CARTESIAN_POINT('Ctrl Pts',(146.737713818196,-115.296121826508,-2.79999999999999));
#11952=CARTESIAN_POINT('Ctrl Pts',(146.753623854777,-115.410098299949,-2.79999999999999));
#11953=CARTESIAN_POINT('Ctrl Pts',(146.753678494011,-115.525246171044,-2.79999999999999));
#11954=CARTESIAN_POINT('Ctrl Pts',(146.753710764717,-115.593254134677,-2.79999999999999));
#11955=CARTESIAN_POINT('Ctrl Pts',(146.618649321865,-114.975245983027,0.200000000000007));
#11956=CARTESIAN_POINT('Ctrl Pts',(146.618649321865,-114.975245983027,-2.79999999999999));
#11957=CARTESIAN_POINT('Ctrl Pts',(146.643512226884,-115.015947798926,0.200000000000007));
#11958=CARTESIAN_POINT('Ctrl Pts',(146.643512226884,-115.015947798926,-2.79999999999999));
#11959=CARTESIAN_POINT('Ctrl Pts',(146.695635011176,-115.101275397161,0.200000000000007));
#11960=CARTESIAN_POINT('Ctrl Pts',(146.695635011176,-115.101275397161,-2.79999999999999));
#11961=CARTESIAN_POINT('Ctrl Pts',(146.718987351517,-115.198574612141,0.200000000000007));
#11962=CARTESIAN_POINT('Ctrl Pts',(146.718987351517,-115.198574612141,-2.79999999999999));
#11963=CARTESIAN_POINT('Ctrl Pts',(146.731200474571,-115.249461472653,0.200000000000007));
#11964=CARTESIAN_POINT('Ctrl Pts',(146.731200474571,-115.249461472653,-2.79999999999999));
#11965=CARTESIAN_POINT('',(146.618649321865,-114.975245983027,7.38180506628995E-15));
#11966=CARTESIAN_POINT('Ctrl Pts',(146.618649321865,-114.975245983027,7.38180506628995E-15));
#11967=CARTESIAN_POINT('Ctrl Pts',(146.643512226884,-115.015947798926,7.38453540337635E-15));
#11968=CARTESIAN_POINT('Ctrl Pts',(146.695635011176,-115.101275397161,7.39025929882777E-15));
#11969=CARTESIAN_POINT('Ctrl Pts',(146.718987351517,-115.198574612141,7.42136791557647E-15));
#11970=CARTESIAN_POINT('Ctrl Pts',(146.731200474571,-115.249461472653,7.43763752424963E-15));
#11971=CARTESIAN_POINT('',(146.618649321865,-114.975245983027,-2.79999999999999));
#11972=CARTESIAN_POINT('',(146.618649321865,-114.975245983027,0.200000000000007));
#11973=CARTESIAN_POINT('Ctrl Pts',(146.618649321865,-114.975245983027,-2.79999999999999));
#11974=CARTESIAN_POINT('Ctrl Pts',(146.643512226884,-115.015947798926,-2.79999999999999));
#11975=CARTESIAN_POINT('Ctrl Pts',(146.695635011176,-115.101275397161,-2.79999999999999));
#11976=CARTESIAN_POINT('Ctrl Pts',(146.718987351517,-115.198574612141,-2.79999999999999));
#11977=CARTESIAN_POINT('Ctrl Pts',(146.731200474571,-115.249461472653,-2.79999999999999));
#11978=CARTESIAN_POINT('Ctrl Pts',(146.371036726307,-114.791071355961,0.200000000000008));
#11979=CARTESIAN_POINT('Ctrl Pts',(146.371036726307,-114.791071355961,-2.79999999999999));
#11980=CARTESIAN_POINT('Ctrl Pts',(146.421614712146,-114.815642162751,0.200000000000007));
#11981=CARTESIAN_POINT('Ctrl Pts',(146.421614712146,-114.815642162751,-2.79999999999999));
#11982=CARTESIAN_POINT('Ctrl Pts',(146.515954724274,-114.861472580316,0.200000000000007));
#11983=CARTESIAN_POINT('Ctrl Pts',(146.515954724274,-114.861472580316,-2.79999999999999));
#11984=CARTESIAN_POINT('Ctrl Pts',(146.586107270125,-114.939193259276,0.200000000000007));
#11985=CARTESIAN_POINT('Ctrl Pts',(146.586107270125,-114.939193259276,-2.79999999999999));
#11986=CARTESIAN_POINT('Ctrl Pts',(146.618649321865,-114.975245983027,0.200000000000007));
#11987=CARTESIAN_POINT('Ctrl Pts',(146.618649321865,-114.975245983027,-2.79999999999999));
#11988=CARTESIAN_POINT('',(146.371036726307,-114.791071355961,7.46149259007095E-15));
#11989=CARTESIAN_POINT('Ctrl Pts',(146.371036726307,-114.791071355961,7.46149259007095E-15));
#11990=CARTESIAN_POINT('Ctrl Pts',(146.421614712146,-114.815642162751,7.43890973630354E-15));
#11991=CARTESIAN_POINT('Ctrl Pts',(146.515954724274,-114.861472580316,7.39678732963988E-15));
#11992=CARTESIAN_POINT('Ctrl Pts',(146.586107270125,-114.939193259276,7.3865526735516E-15));
#11993=CARTESIAN_POINT('Ctrl Pts',(146.618649321865,-114.975245983027,7.38180506628995E-15));
#11994=CARTESIAN_POINT('',(146.371036726307,-114.791071355961,-2.79999999999999));
#11995=CARTESIAN_POINT('',(146.371036726307,-114.791071355961,0.200000000000008));
#11996=CARTESIAN_POINT('Ctrl Pts',(146.371036726307,-114.791071355961,-2.79999999999999));
#11997=CARTESIAN_POINT('Ctrl Pts',(146.421614712146,-114.815642162751,-2.79999999999999));
#11998=CARTESIAN_POINT('Ctrl Pts',(146.515954724274,-114.861472580316,-2.79999999999999));
#11999=CARTESIAN_POINT('Ctrl Pts',(146.586107270125,-114.939193259276,-2.79999999999999));
#12000=CARTESIAN_POINT('Ctrl Pts',(146.618649321865,-114.975245983027,-2.79999999999999));
#12001=CARTESIAN_POINT('Ctrl Pts',(146.010872978042,-114.717401505135,0.200000000000008));
#12002=CARTESIAN_POINT('Ctrl Pts',(146.010872978042,-114.717401505135,-2.79999999999999));
#12003=CARTESIAN_POINT('Ctrl Pts',(146.073610927483,-114.720314590381,0.200000000000008));
#12004=CARTESIAN_POINT('Ctrl Pts',(146.073610927483,-114.720314590381,-2.79999999999999));
#12005=CARTESIAN_POINT('Ctrl Pts',(146.197537152686,-114.726068805516,0.200000000000008));
#12006=CARTESIAN_POINT('Ctrl Pts',(146.197537152686,-114.726068805516,-2.79999999999999));
#12007=CARTESIAN_POINT('Ctrl Pts',(146.313687681796,-114.769585227315,0.200000000000008));
#12008=CARTESIAN_POINT('Ctrl Pts',(146.313687681796,-114.769585227315,-2.79999999999999));
#12009=CARTESIAN_POINT('Ctrl Pts',(146.371036726307,-114.791071355961,0.200000000000008));
#12010=CARTESIAN_POINT('Ctrl Pts',(146.371036726307,-114.791071355961,-2.79999999999999));
#12011=CARTESIAN_POINT('',(146.010872978042,-114.717401505135,7.67125369028538E-15));
#12012=CARTESIAN_POINT('Ctrl Pts',(146.010872978042,-114.717401505135,7.67125369028538E-15));
#12013=CARTESIAN_POINT('Ctrl Pts',(146.073610927483,-114.720314590381,7.62992138172742E-15));
#12014=CARTESIAN_POINT('Ctrl Pts',(146.197537152686,-114.726068805516,7.54827770401073E-15));
#12015=CARTESIAN_POINT('Ctrl Pts',(146.313687681796,-114.769585227315,7.49017878771627E-15));
#12016=CARTESIAN_POINT('Ctrl Pts',(146.371036726307,-114.791071355961,7.46149259007095E-15));
#12017=CARTESIAN_POINT('',(146.010872978042,-114.717401505135,-2.79999999999999));
#12018=CARTESIAN_POINT('',(146.010872978042,-114.717401505135,0.200000000000008));
#12019=CARTESIAN_POINT('Ctrl Pts',(146.010872978042,-114.717401505135,-2.79999999999999));
#12020=CARTESIAN_POINT('Ctrl Pts',(146.073610927483,-114.720314590381,-2.79999999999999));
#12021=CARTESIAN_POINT('Ctrl Pts',(146.197537152686,-114.726068805516,-2.79999999999999));
#12022=CARTESIAN_POINT('Ctrl Pts',(146.313687681796,-114.769585227315,-2.79999999999999));
#12023=CARTESIAN_POINT('Ctrl Pts',(146.371036726307,-114.791071355961,-2.79999999999999));
#12024=CARTESIAN_POINT('Ctrl Pts',(145.321241277527,-115.085750759266,0.200000000000008));
#12025=CARTESIAN_POINT('Ctrl Pts',(145.321241277527,-115.085750759266,-2.79999999999999));
#12026=CARTESIAN_POINT('Ctrl Pts',(145.412845788499,-114.978317437806,0.200000000000008));
#12027=CARTESIAN_POINT('Ctrl Pts',(145.412845788499,-114.978317437806,-2.79999999999999));
#12028=CARTESIAN_POINT('Ctrl Pts',(145.594652565503,-114.765095340881,0.200000000000008));
#12029=CARTESIAN_POINT('Ctrl Pts',(145.594652565503,-114.765095340881,-2.79999999999999));
#12030=CARTESIAN_POINT('Ctrl Pts',(145.872848065486,-114.733217494236,0.200000000000008));
#12031=CARTESIAN_POINT('Ctrl Pts',(145.872848065486,-114.733217494236,-2.79999999999999));
#12032=CARTESIAN_POINT('Ctrl Pts',(146.010872978042,-114.717401505135,0.200000000000008));
#12033=CARTESIAN_POINT('Ctrl Pts',(146.010872978042,-114.717401505135,-2.79999999999999));
#12034=CARTESIAN_POINT('',(145.321241277527,-115.085750759266,8.31905774682348E-15));
#12035=CARTESIAN_POINT('Ctrl Pts',(145.321241277527,-115.085750759266,8.31905774682348E-15));
#12036=CARTESIAN_POINT('Ctrl Pts',(145.412845788499,-114.978317437806,8.20473818497968E-15));
#12037=CARTESIAN_POINT('Ctrl Pts',(145.594652565503,-114.765095340881,7.97784901564467E-15));
#12038=CARTESIAN_POINT('Ctrl Pts',(145.872848065486,-114.733217494236,7.77292528833197E-15));
#12039=CARTESIAN_POINT('Ctrl Pts',(146.010872978042,-114.717401505135,7.67125369028538E-15));
#12040=CARTESIAN_POINT('',(145.321241277527,-115.085750759266,-2.79999999999999));
#12041=CARTESIAN_POINT('',(145.321241277527,-115.085750759266,0.200000000000008));
#12042=CARTESIAN_POINT('Ctrl Pts',(145.321241277527,-115.085750759266,-2.79999999999999));
#12043=CARTESIAN_POINT('Ctrl Pts',(145.412845788499,-114.978317437806,-2.79999999999999));
#12044=CARTESIAN_POINT('Ctrl Pts',(145.594652565503,-114.765095340881,-2.79999999999999));
#12045=CARTESIAN_POINT('Ctrl Pts',(145.872848065486,-114.733217494236,-2.79999999999999));
#12046=CARTESIAN_POINT('Ctrl Pts',(146.010872978042,-114.717401505135,-2.79999999999999));
#12047=CARTESIAN_POINT('Origin',(145.321241277527,-114.766514689348,0.200000000000008));
#12048=CARTESIAN_POINT('',(145.321241277527,-114.766514689348,8.16479524206578E-15));
#12049=CARTESIAN_POINT('',(145.321241277527,-95.6428753796331,0.));
#12050=CARTESIAN_POINT('',(145.321241277527,-114.766514689348,-2.79999999999999));
#12051=CARTESIAN_POINT('',(145.321241277527,-114.766514689348,0.200000000000008));
#12052=CARTESIAN_POINT('',(145.321241277527,-114.766514689348,-2.79999999999999));
#12053=CARTESIAN_POINT('Origin',(144.991773325275,-114.766514689348,0.200000000000008));
#12054=CARTESIAN_POINT('',(138.144995638763,-114.766514689348,0.));
#12055=CARTESIAN_POINT('',(144.991773325275,-114.766514689348,-2.79999999999999));
#12056=CARTESIAN_POINT('Origin',(142.440954479646,-113.509011358641,-2.79999999999999));
#12057=CARTESIAN_POINT('Origin',(140.549072283577,-116.143731564902,0.200000000000012));
#12058=CARTESIAN_POINT('',(140.549072283577,-116.143731564902,1.20813207543667E-14));
#12059=CARTESIAN_POINT('',(140.549072283577,-114.766514689348,1.1415816608499E-14));
#12060=CARTESIAN_POINT('',(140.549072283577,-95.4832573446743,0.));
#12061=CARTESIAN_POINT('',(140.549072283577,-116.143731564902,-2.79999999999999));
#12062=CARTESIAN_POINT('',(140.549072283577,-116.143731564902,0.200000000000012));
#12063=CARTESIAN_POINT('',(140.549072283577,-114.766514689348,-2.79999999999999));
#12064=CARTESIAN_POINT('',(140.549072283577,-116.143731564902,-2.79999999999999));
#12065=CARTESIAN_POINT('',(140.549072283577,-114.766514689348,0.200000000000012));
#12066=CARTESIAN_POINT('Origin',(140.549072283577,-114.766514689348,0.200000000000011));
#12067=CARTESIAN_POINT('',(140.917421835731,-114.766514689348,1.11648799256373E-14));
#12068=CARTESIAN_POINT('',(135.943085917866,-114.766514689348,0.));
#12069=CARTESIAN_POINT('',(140.917421835731,-114.766514689348,-2.79999999999999));
#12070=CARTESIAN_POINT('',(140.549072283577,-114.766514689348,-2.79999999999999));
#12071=CARTESIAN_POINT('',(140.917421835731,-114.766514689348,0.200000000000011));
#12072=CARTESIAN_POINT('Origin',(140.917421835731,-114.766514689348,0.200000000000011));
#12073=CARTESIAN_POINT('',(140.917421835731,-116.143731564902,1.1830384071505E-14));
#12074=CARTESIAN_POINT('',(140.917421835731,-96.1718657824508,0.));
#12075=CARTESIAN_POINT('',(140.917421835731,-116.143731564902,-2.79999999999999));
#12076=CARTESIAN_POINT('',(140.917421835731,-114.766514689348,-2.79999999999999));
#12077=CARTESIAN_POINT('',(140.917421835731,-116.143731564902,0.200000000000012));
#12078=CARTESIAN_POINT('Ctrl Pts',(140.917421835731,-116.143731564902,0.200000000000012));
#12079=CARTESIAN_POINT('Ctrl Pts',(140.917421835731,-116.143731564902,-2.79999999999999));
#12080=CARTESIAN_POINT('Ctrl Pts',(140.919342798282,-116.225869382963,0.200000000000012));
#12081=CARTESIAN_POINT('Ctrl Pts',(140.919342798282,-116.225869382963,-2.79999999999999));
#12082=CARTESIAN_POINT('Ctrl Pts',(140.922752127125,-116.371647775251,0.200000000000012));
#12083=CARTESIAN_POINT('Ctrl Pts',(140.922752127125,-116.371647775251,-2.79999999999999));
#12084=CARTESIAN_POINT('Ctrl Pts',(141.003087311191,-116.492196572864,0.200000000000012));
#12085=CARTESIAN_POINT('Ctrl Pts',(141.003087311191,-116.492196572864,-2.79999999999999));
#12086=CARTESIAN_POINT('Ctrl Pts',(141.038158196281,-116.544822991513,0.200000000000012));
#12087=CARTESIAN_POINT('Ctrl Pts',(141.038158196281,-116.544822991513,-2.79999999999999));
#12088=CARTESIAN_POINT('',(141.038158196281,-116.544822991513,1.19419498746433E-14));
#12089=CARTESIAN_POINT('Ctrl Pts',(140.917421835731,-116.143731564902,1.1830384071505E-14));
#12090=CARTESIAN_POINT('Ctrl Pts',(140.919342798282,-116.225869382963,1.1868766381029E-14));
#12091=CARTESIAN_POINT('Ctrl Pts',(140.922752127125,-116.371647775251,1.19368873969456E-14));
#12092=CARTESIAN_POINT('Ctrl Pts',(141.003087311191,-116.492196572864,1.19404114303734E-14));
#12093=CARTESIAN_POINT('Ctrl Pts',(141.038158196281,-116.544822991513,1.19419498746433E-14));
#12094=CARTESIAN_POINT('',(141.038158196281,-116.544822991513,-2.79999999999999));
#12095=CARTESIAN_POINT('Ctrl Pts',(140.917421835731,-116.143731564902,-2.79999999999999));
#12096=CARTESIAN_POINT('Ctrl Pts',(140.919342798282,-116.225869382963,-2.79999999999999));
#12097=CARTESIAN_POINT('Ctrl Pts',(140.922752127125,-116.371647775251,-2.79999999999999));
#12098=CARTESIAN_POINT('Ctrl Pts',(141.003087311191,-116.492196572864,-2.79999999999999));
#12099=CARTESIAN_POINT('Ctrl Pts',(141.038158196281,-116.544822991513,-2.79999999999999));
#12100=CARTESIAN_POINT('',(141.038158196281,-116.544822991513,0.200000000000012));
#12101=CARTESIAN_POINT('Ctrl Pts',(141.038158196281,-116.544822991513,0.200000000000012));
#12102=CARTESIAN_POINT('Ctrl Pts',(141.038158196281,-116.544822991513,-2.79999999999999));
#12103=CARTESIAN_POINT('Ctrl Pts',(141.084022977869,-116.581786199613,0.200000000000012));
#12104=CARTESIAN_POINT('Ctrl Pts',(141.084022977869,-116.581786199613,-2.79999999999999));
#12105=CARTESIAN_POINT('Ctrl Pts',(141.182157010482,-116.660874086738,0.200000000000012));
#12106=CARTESIAN_POINT('Ctrl Pts',(141.182157010482,-116.660874086738,-2.79999999999999));
#12107=CARTESIAN_POINT('Ctrl Pts',(141.308511568231,-116.667937000183,0.200000000000012));
#12108=CARTESIAN_POINT('Ctrl Pts',(141.308511568231,-116.667937000183,-2.79999999999999));
#12109=CARTESIAN_POINT('Ctrl Pts',(141.375811952423,-116.671698928498,0.200000000000012));
#12110=CARTESIAN_POINT('Ctrl Pts',(141.375811952423,-116.671698928498,-2.79999999999999));
#12111=CARTESIAN_POINT('',(141.375811952423,-116.671698928498,1.17732340678579E-14));
#12112=CARTESIAN_POINT('Ctrl Pts',(141.038158196281,-116.544822991513,1.19419498746433E-14));
#12113=CARTESIAN_POINT('Ctrl Pts',(141.084022977869,-116.581786199613,1.19285661791862E-14));
#12114=CARTESIAN_POINT('Ctrl Pts',(141.182157010482,-116.660874086738,1.18999299142985E-14));
#12115=CARTESIAN_POINT('Ctrl Pts',(141.308511568231,-116.667937000183,1.18172643335172E-14));
#12116=CARTESIAN_POINT('Ctrl Pts',(141.375811952423,-116.671698928498,1.17732340678579E-14));
#12117=CARTESIAN_POINT('',(141.375811952423,-116.671698928498,-2.79999999999999));
#12118=CARTESIAN_POINT('Ctrl Pts',(141.038158196281,-116.544822991513,-2.79999999999999));
#12119=CARTESIAN_POINT('Ctrl Pts',(141.084022977869,-116.581786199613,-2.79999999999999));
#12120=CARTESIAN_POINT('Ctrl Pts',(141.182157010482,-116.660874086738,-2.79999999999999));
#12121=CARTESIAN_POINT('Ctrl Pts',(141.308511568231,-116.667937000183,-2.79999999999999));
#12122=CARTESIAN_POINT('Ctrl Pts',(141.375811952423,-116.671698928498,-2.79999999999999));
#12123=CARTESIAN_POINT('',(141.375811952423,-116.671698928498,0.200000000000012));
#12124=CARTESIAN_POINT('Ctrl Pts',(141.375811952423,-116.671698928498,0.200000000000012));
#12125=CARTESIAN_POINT('Ctrl Pts',(141.375811952423,-116.671698928498,-2.79999999999999));
#12126=CARTESIAN_POINT('Ctrl Pts',(141.429807468764,-116.668003212873,0.200000000000012));
#12127=CARTESIAN_POINT('Ctrl Pts',(141.429807468764,-116.668003212873,-2.79999999999999));
#12128=CARTESIAN_POINT('Ctrl Pts',(141.538679637691,-116.660551472374,0.200000000000012));
#12129=CARTESIAN_POINT('Ctrl Pts',(141.538679637691,-116.660551472374,-2.79999999999999));
#12130=CARTESIAN_POINT('Ctrl Pts',(141.635841851254,-116.610818438988,0.200000000000012));
#12131=CARTESIAN_POINT('Ctrl Pts',(141.635841851254,-116.610818438988,-2.79999999999999));
#12132=CARTESIAN_POINT('Ctrl Pts',(141.684816140007,-116.585750669859,0.200000000000012));
#12133=CARTESIAN_POINT('Ctrl Pts',(141.684816140007,-116.585750669859,-2.79999999999999));
#12134=CARTESIAN_POINT('',(141.684816140007,-116.585750669859,1.15211939219231E-14));
#12135=CARTESIAN_POINT('Ctrl Pts',(141.375811952423,-116.671698928498,1.17732340678579E-14));
#12136=CARTESIAN_POINT('Ctrl Pts',(141.429807468764,-116.668003212873,1.17346639759272E-14));
#12137=CARTESIAN_POINT('Ctrl Pts',(141.538679637691,-116.660551472374,1.16568943779298E-14));
#12138=CARTESIAN_POINT('Ctrl Pts',(141.635841851254,-116.610818438988,1.15666708106685E-14));
#12139=CARTESIAN_POINT('Ctrl Pts',(141.684816140007,-116.585750669859,1.15211939219231E-14));
#12140=CARTESIAN_POINT('',(141.684816140007,-116.585750669859,-2.79999999999999));
#12141=CARTESIAN_POINT('Ctrl Pts',(141.375811952423,-116.671698928498,-2.79999999999999));
#12142=CARTESIAN_POINT('Ctrl Pts',(141.429807468764,-116.668003212873,-2.79999999999999));
#12143=CARTESIAN_POINT('Ctrl Pts',(141.538679637691,-116.660551472374,-2.79999999999999));
#12144=CARTESIAN_POINT('Ctrl Pts',(141.635841851254,-116.610818438988,-2.79999999999999));
#12145=CARTESIAN_POINT('Ctrl Pts',(141.684816140007,-116.585750669859,-2.79999999999999));
#12146=CARTESIAN_POINT('',(141.684816140007,-116.585750669859,0.200000000000012));
#12147=CARTESIAN_POINT('Ctrl Pts',(141.684816140007,-116.585750669859,0.200000000000012));
#12148=CARTESIAN_POINT('Ctrl Pts',(141.684816140007,-116.585750669859,-2.79999999999999));
#12149=CARTESIAN_POINT('Ctrl Pts',(141.729007639041,-116.55556829856,0.200000000000012));
#12150=CARTESIAN_POINT('Ctrl Pts',(141.729007639041,-116.55556829856,-2.79999999999999));
#12151=CARTESIAN_POINT('Ctrl Pts',(141.816186482366,-116.496025982137,0.200000000000011));
#12152=CARTESIAN_POINT('Ctrl Pts',(141.816186482366,-116.496025982137,-2.79999999999999));
#12153=CARTESIAN_POINT('Ctrl Pts',(141.865257680681,-116.402615659443,0.200000000000011));
#12154=CARTESIAN_POINT('Ctrl Pts',(141.865257680681,-116.402615659443,-2.79999999999999));
#12155=CARTESIAN_POINT('Ctrl Pts',(141.889454382728,-116.356555611513,0.200000000000011));
#12156=CARTESIAN_POINT('Ctrl Pts',(141.889454382728,-116.356555611513,-2.79999999999999));
#12157=CARTESIAN_POINT('',(141.889454382728,-116.356555611513,1.12710323900134E-14));
#12158=CARTESIAN_POINT('Ctrl Pts',(141.684816140007,-116.585750669859,1.15211939219231E-14));
#12159=CARTESIAN_POINT('Ctrl Pts',(141.729007639041,-116.55556829856,1.14765037977456E-14));
#12160=CARTESIAN_POINT('Ctrl Pts',(141.816186482366,-116.496025982137,1.13883412791934E-14));
#12161=CARTESIAN_POINT('Ctrl Pts',(141.865257680681,-116.402615659443,1.13097736132052E-14));
#12162=CARTESIAN_POINT('Ctrl Pts',(141.889454382728,-116.356555611513,1.12710323900134E-14));
#12163=CARTESIAN_POINT('',(141.889454382728,-116.356555611513,-2.79999999999999));
#12164=CARTESIAN_POINT('Ctrl Pts',(141.684816140007,-116.585750669859,-2.79999999999999));
#12165=CARTESIAN_POINT('Ctrl Pts',(141.729007639041,-116.55556829856,-2.79999999999999));
#12166=CARTESIAN_POINT('Ctrl Pts',(141.816186482366,-116.496025982137,-2.79999999999999));
#12167=CARTESIAN_POINT('Ctrl Pts',(141.865257680681,-116.402615659443,-2.79999999999999));
#12168=CARTESIAN_POINT('Ctrl Pts',(141.889454382728,-116.356555611513,-2.79999999999999));
#12169=CARTESIAN_POINT('',(141.889454382728,-116.356555611513,0.200000000000011));
#12170=CARTESIAN_POINT('Ctrl Pts',(141.889454382728,-116.356555611513,0.200000000000011));
#12171=CARTESIAN_POINT('Ctrl Pts',(141.889454382728,-116.356555611513,-2.79999999999999));
#12172=CARTESIAN_POINT('Ctrl Pts',(141.907292505599,-116.299327089715,0.200000000000011));
#12173=CARTESIAN_POINT('Ctrl Pts',(141.907292505599,-116.299327089715,-2.79999999999999));
#12174=CARTESIAN_POINT('Ctrl Pts',(141.947927362483,-116.168961758686,0.200000000000011));
#12175=CARTESIAN_POINT('Ctrl Pts',(141.947927362483,-116.168961758686,-2.79999999999999));
#12176=CARTESIAN_POINT('Ctrl Pts',(141.94979705218,-116.032193309314,0.200000000000011));
#12177=CARTESIAN_POINT('Ctrl Pts',(141.94979705218,-116.032193309314,-2.79999999999999));
#12178=CARTESIAN_POINT('Ctrl Pts',(141.950845974754,-115.955464259408,0.200000000000011));
#12179=CARTESIAN_POINT('Ctrl Pts',(141.950845974754,-115.955464259408,-2.79999999999999));
#12180=CARTESIAN_POINT('',(141.950845974754,-115.955464259408,1.10353926713657E-14));
#12181=CARTESIAN_POINT('Ctrl Pts',(141.889454382728,-116.356555611513,1.12710323900134E-14));
#12182=CARTESIAN_POINT('Ctrl Pts',(141.907292505599,-116.299327089715,1.12312260477059E-14));
#12183=CARTESIAN_POINT('Ctrl Pts',(141.947927362483,-116.168961758686,1.11405480646391E-14));
#12184=CARTESIAN_POINT('Ctrl Pts',(141.94979705218,-116.032193309314,1.10731845600479E-14));
#12185=CARTESIAN_POINT('Ctrl Pts',(141.950845974754,-115.955464259408,1.10353926713657E-14));
#12186=CARTESIAN_POINT('',(141.950845974754,-115.955464259408,-2.79999999999999));
#12187=CARTESIAN_POINT('Ctrl Pts',(141.889454382728,-116.356555611513,-2.79999999999999));
#12188=CARTESIAN_POINT('Ctrl Pts',(141.907292505599,-116.299327089715,-2.79999999999999));
#12189=CARTESIAN_POINT('Ctrl Pts',(141.947927362483,-116.168961758686,-2.79999999999999));
#12190=CARTESIAN_POINT('Ctrl Pts',(141.94979705218,-116.032193309314,-2.79999999999999));
#12191=CARTESIAN_POINT('Ctrl Pts',(141.950845974754,-115.955464259408,-2.79999999999999));
#12192=CARTESIAN_POINT('',(141.950845974754,-115.955464259408,0.200000000000011));
#12193=CARTESIAN_POINT('Origin',(141.950845974754,-115.955464259408,0.200000000000011));
#12194=CARTESIAN_POINT('',(141.950845974754,-114.766514689348,1.0460863793141E-14));
#12195=CARTESIAN_POINT('',(141.950845974754,-95.4832573446743,0.));
#12196=CARTESIAN_POINT('',(141.950845974754,-114.766514689348,-2.79999999999999));
#12197=CARTESIAN_POINT('',(141.950845974754,-115.955464259408,-2.79999999999999));
#12198=CARTESIAN_POINT('',(141.950845974754,-114.766514689348,0.200000000000011));
#12199=CARTESIAN_POINT('Ctrl Pts',(140.626834887337,-116.630771250151,0.200000000000012));
#12200=CARTESIAN_POINT('Ctrl Pts',(140.626834887337,-116.630771250151,-2.79999999999999));
#12201=CARTESIAN_POINT('Ctrl Pts',(140.604262138139,-116.562763548617,0.200000000000012));
#12202=CARTESIAN_POINT('Ctrl Pts',(140.604262138139,-116.562763548617,-2.79999999999999));
#12203=CARTESIAN_POINT('Ctrl Pts',(140.551907030129,-116.405026866742,0.200000000000012));
#12204=CARTESIAN_POINT('Ctrl Pts',(140.551907030129,-116.405026866742,-2.79999999999999));
#12205=CARTESIAN_POINT('Ctrl Pts',(140.550100138979,-116.238475056957,0.200000000000012));
#12206=CARTESIAN_POINT('Ctrl Pts',(140.550100138979,-116.238475056957,-2.79999999999999));
#12207=CARTESIAN_POINT('Ctrl Pts',(140.549072283577,-116.143731564902,0.200000000000012));
#12208=CARTESIAN_POINT('Ctrl Pts',(140.549072283577,-116.143731564902,-2.79999999999999));
#12209=CARTESIAN_POINT('',(140.626834887337,-116.630771250151,1.22636945124773E-14));
#12210=CARTESIAN_POINT('Ctrl Pts',(140.626834887337,-116.630771250151,1.22636945124773E-14));
#12211=CARTESIAN_POINT('Ctrl Pts',(140.604262138139,-116.562763548617,1.22462091633706E-14));
#12212=CARTESIAN_POINT('Ctrl Pts',(140.551907030129,-116.405026866742,1.22056537387081E-14));
#12213=CARTESIAN_POINT('Ctrl Pts',(140.550100138979,-116.238475056957,1.21264028546211E-14));
#12214=CARTESIAN_POINT('Ctrl Pts',(140.549072283577,-116.143731564902,1.20813207543667E-14));
#12215=CARTESIAN_POINT('',(140.626834887337,-116.630771250151,-2.79999999999999));
#12216=CARTESIAN_POINT('',(140.626834887337,-116.630771250151,0.200000000000012));
#12217=CARTESIAN_POINT('Ctrl Pts',(140.626834887337,-116.630771250151,-2.79999999999999));
#12218=CARTESIAN_POINT('Ctrl Pts',(140.604262138139,-116.562763548617,-2.79999999999999));
#12219=CARTESIAN_POINT('Ctrl Pts',(140.551907030129,-116.405026866742,-2.79999999999999));
#12220=CARTESIAN_POINT('Ctrl Pts',(140.550100138979,-116.238475056957,-2.79999999999999));
#12221=CARTESIAN_POINT('Ctrl Pts',(140.549072283577,-116.143731564902,-2.79999999999999));
#12222=CARTESIAN_POINT('Ctrl Pts',(140.880586761307,-116.892708480976,0.200000000000012));
#12223=CARTESIAN_POINT('Ctrl Pts',(140.880586761307,-116.892708480976,-2.79999999999999));
#12224=CARTESIAN_POINT('Ctrl Pts',(140.825832766972,-116.858972245968,0.200000000000012));
#12225=CARTESIAN_POINT('Ctrl Pts',(140.825832766972,-116.858972245968,-2.79999999999999));
#12226=CARTESIAN_POINT('Ctrl Pts',(140.718927888761,-116.793103661609,0.200000000000012));
#12227=CARTESIAN_POINT('Ctrl Pts',(140.718927888761,-116.793103661609,-2.79999999999999));
#12228=CARTESIAN_POINT('Ctrl Pts',(140.657030155713,-116.683996475243,0.200000000000012));
#12229=CARTESIAN_POINT('Ctrl Pts',(140.657030155713,-116.683996475243,-2.79999999999999));
#12230=CARTESIAN_POINT('Ctrl Pts',(140.626834887337,-116.630771250151,0.200000000000012));
#12231=CARTESIAN_POINT('Ctrl Pts',(140.626834887337,-116.630771250151,-2.79999999999999));
#12232=CARTESIAN_POINT('',(140.880586761307,-116.892708480976,1.2217401382583E-14));
#12233=CARTESIAN_POINT('Ctrl Pts',(140.880586761307,-116.892708480976,1.2217401382583E-14));
#12234=CARTESIAN_POINT('Ctrl Pts',(140.825832766972,-116.858972245968,1.22384001730696E-14));
#12235=CARTESIAN_POINT('Ctrl Pts',(140.718927888761,-116.793103661609,1.22793994256257E-14));
#12236=CARTESIAN_POINT('Ctrl Pts',(140.657030155713,-116.683996475243,1.22688438110521E-14));
#12237=CARTESIAN_POINT('Ctrl Pts',(140.626834887337,-116.630771250151,1.22636945124773E-14));
#12238=CARTESIAN_POINT('',(140.880586761307,-116.892708480976,-2.79999999999999));
#12239=CARTESIAN_POINT('',(140.880586761307,-116.892708480976,0.200000000000012));
#12240=CARTESIAN_POINT('Ctrl Pts',(140.880586761307,-116.892708480976,-2.79999999999999));
#12241=CARTESIAN_POINT('Ctrl Pts',(140.825832766972,-116.858972245968,-2.79999999999999));
#12242=CARTESIAN_POINT('Ctrl Pts',(140.718927888761,-116.793103661609,-2.79999999999999));
#12243=CARTESIAN_POINT('Ctrl Pts',(140.657030155713,-116.683996475243,-2.79999999999999));
#12244=CARTESIAN_POINT('Ctrl Pts',(140.626834887337,-116.630771250151,-2.79999999999999));
#12245=CARTESIAN_POINT('Ctrl Pts',(141.300095576118,-116.988888472937,0.200000000000012));
#12246=CARTESIAN_POINT('Ctrl Pts',(141.300095576118,-116.988888472937,-2.79999999999999));
#12247=CARTESIAN_POINT('Ctrl Pts',(141.223761018383,-116.98567420455,0.200000000000012));
#12248=CARTESIAN_POINT('Ctrl Pts',(141.223761018383,-116.98567420455,-2.79999999999999));
#12249=CARTESIAN_POINT('Ctrl Pts',(141.077824931303,-116.979529179739,0.200000000000012));
#12250=CARTESIAN_POINT('Ctrl Pts',(141.077824931303,-116.979529179739,-2.79999999999999));
#12251=CARTESIAN_POINT('Ctrl Pts',(140.944279023031,-116.920744670264,0.200000000000012));
#12252=CARTESIAN_POINT('Ctrl Pts',(140.944279023031,-116.920744670264,-2.79999999999999));
#12253=CARTESIAN_POINT('Ctrl Pts',(140.880586761307,-116.892708480976,0.200000000000012));
#12254=CARTESIAN_POINT('Ctrl Pts',(140.880586761307,-116.892708480976,-2.79999999999999));
#12255=CARTESIAN_POINT('',(141.300095576118,-116.988888472937,1.19780891267721E-14));
#12256=CARTESIAN_POINT('Ctrl Pts',(141.300095576118,-116.988888472937,1.19780891267721E-14));
#12257=CARTESIAN_POINT('Ctrl Pts',(141.223761018383,-116.98567420455,1.20285385331876E-14));
#12258=CARTESIAN_POINT('Ctrl Pts',(141.077824931303,-116.979529179739,1.21249874948263E-14));
#12259=CARTESIAN_POINT('Ctrl Pts',(140.944279023031,-116.920744670264,1.21875590428673E-14));
#12260=CARTESIAN_POINT('Ctrl Pts',(140.880586761307,-116.892708480976,1.2217401382583E-14));
#12261=CARTESIAN_POINT('',(141.300095576118,-116.988888472937,-2.79999999999999));
#12262=CARTESIAN_POINT('',(141.300095576118,-116.988888472937,0.200000000000012));
#12263=CARTESIAN_POINT('Ctrl Pts',(141.300095576118,-116.988888472937,-2.79999999999999));
#12264=CARTESIAN_POINT('Ctrl Pts',(141.223761018383,-116.98567420455,-2.79999999999999));
#12265=CARTESIAN_POINT('Ctrl Pts',(141.077824931303,-116.979529179739,-2.79999999999999));
#12266=CARTESIAN_POINT('Ctrl Pts',(140.944279023031,-116.920744670264,-2.79999999999999));
#12267=CARTESIAN_POINT('Ctrl Pts',(140.880586761307,-116.892708480976,-2.79999999999999));
#12268=CARTESIAN_POINT('Ctrl Pts',(141.950845974754,-116.690116316698,0.200000000000011));
#12269=CARTESIAN_POINT('Ctrl Pts',(141.950845974754,-116.690116316698,-2.79999999999999));
#12270=CARTESIAN_POINT('Ctrl Pts',(141.859353815228,-116.777258155234,0.200000000000012));
#12271=CARTESIAN_POINT('Ctrl Pts',(141.859353815228,-116.777258155234,-2.79999999999999));
#12272=CARTESIAN_POINT('Ctrl Pts',(141.676602047007,-116.951320338934,0.200000000000012));
#12273=CARTESIAN_POINT('Ctrl Pts',(141.676602047007,-116.951320338934,-2.79999999999999));
#12274=CARTESIAN_POINT('Ctrl Pts',(141.425491220603,-116.976376389508,0.200000000000012));
#12275=CARTESIAN_POINT('Ctrl Pts',(141.425491220603,-116.976376389508,-2.79999999999999));
#12276=CARTESIAN_POINT('Ctrl Pts',(141.300095576118,-116.988888472937,0.200000000000012));
#12277=CARTESIAN_POINT('Ctrl Pts',(141.300095576118,-116.988888472937,-2.79999999999999));
#12278=CARTESIAN_POINT('',(141.950845974754,-116.690116316698,1.13903941222709E-14));
#12279=CARTESIAN_POINT('Ctrl Pts',(141.950845974754,-116.690116316698,1.13903941222709E-14));
#12280=CARTESIAN_POINT('Ctrl Pts',(141.859353815228,-116.777258155234,1.14948318164218E-14));
#12281=CARTESIAN_POINT('Ctrl Pts',(141.676602047007,-116.951320338934,1.17034417541931E-14));
#12282=CARTESIAN_POINT('Ctrl Pts',(141.425491220603,-116.976376389508,1.1886617699654E-14));
#12283=CARTESIAN_POINT('Ctrl Pts',(141.300095576118,-116.988888472937,1.19780891267721E-14));
#12284=CARTESIAN_POINT('',(141.950845974754,-116.690116316698,-2.79999999999999));
#12285=CARTESIAN_POINT('',(141.950845974754,-116.690116316698,0.200000000000011));
#12286=CARTESIAN_POINT('Ctrl Pts',(141.950845974754,-116.690116316698,-2.79999999999999));
#12287=CARTESIAN_POINT('Ctrl Pts',(141.859353815228,-116.777258155234,-2.79999999999999));
#12288=CARTESIAN_POINT('Ctrl Pts',(141.676602047007,-116.951320338934,-2.79999999999999));
#12289=CARTESIAN_POINT('Ctrl Pts',(141.425491220603,-116.976376389508,-2.79999999999999));
#12290=CARTESIAN_POINT('Ctrl Pts',(141.300095576118,-116.988888472937,-2.79999999999999));
#12291=CARTESIAN_POINT('Origin',(141.950845974754,-117.766514808558,0.200000000000012));
#12292=CARTESIAN_POINT('',(141.950845974754,-117.766514808558,1.1910535627066E-14));
#12293=CARTESIAN_POINT('',(141.950845974754,-96.4450581583492,0.));
#12294=CARTESIAN_POINT('',(141.950845974754,-117.766514808558,-2.79999999999999));
#12295=CARTESIAN_POINT('',(141.950845974754,-117.766514808558,0.200000000000012));
#12296=CARTESIAN_POINT('',(141.950845974754,-117.766514808558,-2.79999999999999));
#12297=CARTESIAN_POINT('Origin',(142.319194930862,-117.766514808558,0.200000000000012));
#12298=CARTESIAN_POINT('',(142.319194930862,-117.766514808558,1.16595993495228E-14));
#12299=CARTESIAN_POINT('',(136.459797987377,-117.766514808558,0.));
#12300=CARTESIAN_POINT('',(142.319194930862,-117.766514808558,-2.79999999999999));
#12301=CARTESIAN_POINT('',(142.319194930862,-117.766514808558,0.200000000000012));
#12302=CARTESIAN_POINT('',(142.319194930862,-117.766514808558,-2.79999999999999));
#12303=CARTESIAN_POINT('Origin',(142.319194930862,-114.766514689348,0.20000000000001));
#12304=CARTESIAN_POINT('',(142.319194930862,-114.766514689348,1.02099275155978E-14));
#12305=CARTESIAN_POINT('',(142.319194930862,-96.9832574042789,0.));
#12306=CARTESIAN_POINT('',(142.319194930862,-114.766514689348,-2.79999999999999));
#12307=CARTESIAN_POINT('',(142.319194930862,-114.766514689348,0.20000000000001));
#12308=CARTESIAN_POINT('',(142.319194930862,-114.766514689348,-2.79999999999999));
#12309=CARTESIAN_POINT('Origin',(141.950845974754,-114.766514689348,0.200000000000011));
#12310=CARTESIAN_POINT('',(136.643972465431,-114.766514689348,0.));
#12311=CARTESIAN_POINT('',(141.950845974754,-114.766514689348,-2.79999999999999));
#12312=CARTESIAN_POINT('Origin',(142.440954479646,-113.509011358641,-2.79999999999999));
#12313=CARTESIAN_POINT('Ctrl Pts',(135.40855254538,-116.714672983311,0.200000000000016));
#12314=CARTESIAN_POINT('Ctrl Pts',(135.40855254538,-116.714672983311,-2.79999999999998));
#12315=CARTESIAN_POINT('Ctrl Pts',(135.379868192534,-116.666976430426,0.200000000000016));
#12316=CARTESIAN_POINT('Ctrl Pts',(135.379868192534,-116.666976430426,-2.79999999999998));
#12317=CARTESIAN_POINT('Ctrl Pts',(135.317330185293,-116.56298777202,0.200000000000016));
#12318=CARTESIAN_POINT('Ctrl Pts',(135.317330185293,-116.56298777202,-2.79999999999998));
#12319=CARTESIAN_POINT('Ctrl Pts',(135.294199445315,-116.443660985188,0.200000000000016));
#12320=CARTESIAN_POINT('Ctrl Pts',(135.294199445315,-116.443660985188,-2.79999999999998));
#12321=CARTESIAN_POINT('Ctrl Pts',(135.281678098511,-116.379065901659,0.200000000000016));
#12322=CARTESIAN_POINT('Ctrl Pts',(135.281678098511,-116.379065901659,-2.79999999999998));
#12323=CARTESIAN_POINT('',(135.40855254538,-116.714672983311,1.5859172170805E-14));
#12324=CARTESIAN_POINT('',(135.281678098511,-116.379065901659,1.57834315186373E-14));
#12325=CARTESIAN_POINT('Ctrl Pts',(135.40855254538,-116.714672983311,1.5859172170805E-14));
#12326=CARTESIAN_POINT('Ctrl Pts',(135.379868192534,-116.666976430426,1.58556651566184E-14));
#12327=CARTESIAN_POINT('Ctrl Pts',(135.317330185293,-116.56298777202,1.58480191208981E-14));
#12328=CARTESIAN_POINT('Ctrl Pts',(135.294199445315,-116.443660985188,1.58061152884395E-14));
#12329=CARTESIAN_POINT('Ctrl Pts',(135.281678098511,-116.379065901659,1.57834315186373E-14));
#12330=CARTESIAN_POINT('',(135.40855254538,-116.714672983311,-2.79999999999998));
#12331=CARTESIAN_POINT('',(135.40855254538,-116.714672983311,0.200000000000016));
#12332=CARTESIAN_POINT('',(135.281678098511,-116.379065901659,-2.79999999999998));
#12333=CARTESIAN_POINT('Ctrl Pts',(135.40855254538,-116.714672983311,-2.79999999999998));
#12334=CARTESIAN_POINT('Ctrl Pts',(135.379868192534,-116.666976430426,-2.79999999999998));
#12335=CARTESIAN_POINT('Ctrl Pts',(135.317330185293,-116.56298777202,-2.79999999999998));
#12336=CARTESIAN_POINT('Ctrl Pts',(135.294199445315,-116.443660985188,-2.79999999999998));
#12337=CARTESIAN_POINT('Ctrl Pts',(135.281678098511,-116.379065901659,-2.79999999999998));
#12338=CARTESIAN_POINT('',(135.281678098511,-116.379065901659,0.200000000000016));
#12339=CARTESIAN_POINT('Origin',(135.281678098511,-116.379065901659,0.200000000000016));
#12340=CARTESIAN_POINT('',(135.641840356659,-116.329952717446,1.55143397267988E-14));
#12341=CARTESIAN_POINT('',(136.034141715487,-116.276456915297,0.));
#12342=CARTESIAN_POINT('',(135.641840356659,-116.329952717446,-2.79999999999999));
#12343=CARTESIAN_POINT('',(135.281678098511,-116.379065901659,-2.79999999999998));
#12344=CARTESIAN_POINT('',(135.641840356659,-116.329952717446,0.200000000000016));
#12345=CARTESIAN_POINT('Ctrl Pts',(135.641840356659,-116.329952717446,0.200000000000016));
#12346=CARTESIAN_POINT('Ctrl Pts',(135.641840356659,-116.329952717446,-2.79999999999998));
#12347=CARTESIAN_POINT('Ctrl Pts',(135.653295208516,-116.382287138134,0.200000000000016));
#12348=CARTESIAN_POINT('Ctrl Pts',(135.653295208516,-116.382287138134,-2.79999999999998));
#12349=CARTESIAN_POINT('Ctrl Pts',(135.675507834125,-116.483771199887,0.200000000000016));
#12350=CARTESIAN_POINT('Ctrl Pts',(135.675507834125,-116.483771199887,-2.79999999999998));
#12351=CARTESIAN_POINT('Ctrl Pts',(135.749332877093,-116.556612333926,0.200000000000016));
#12352=CARTESIAN_POINT('Ctrl Pts',(135.749332877093,-116.556612333926,-2.79999999999998));
#12353=CARTESIAN_POINT('Ctrl Pts',(135.785087007355,-116.591889948271,0.200000000000016));
#12354=CARTESIAN_POINT('Ctrl Pts',(135.785087007355,-116.591889948271,-2.79999999999998));
#12355=CARTESIAN_POINT('',(135.785087007355,-116.591889948271,1.55433278453677E-14));
#12356=CARTESIAN_POINT('Ctrl Pts',(135.641840356659,-116.329952717446,1.55143397267988E-14));
#12357=CARTESIAN_POINT('Ctrl Pts',(135.653295208516,-116.382287138134,1.55318253985059E-14));
#12358=CARTESIAN_POINT('Ctrl Pts',(135.675507834125,-116.483771199887,1.55657326650518E-14));
#12359=CARTESIAN_POINT('Ctrl Pts',(135.749332877093,-116.556612333926,1.55506382194672E-14));
#12360=CARTESIAN_POINT('Ctrl Pts',(135.785087007355,-116.591889948271,1.55433278453677E-14));
#12361=CARTESIAN_POINT('',(135.785087007355,-116.591889948271,-2.79999999999998));
#12362=CARTESIAN_POINT('Ctrl Pts',(135.641840356659,-116.329952717446,-2.79999999999998));
#12363=CARTESIAN_POINT('Ctrl Pts',(135.653295208516,-116.382287138134,-2.79999999999998));
#12364=CARTESIAN_POINT('Ctrl Pts',(135.675507834125,-116.483771199887,-2.79999999999998));
#12365=CARTESIAN_POINT('Ctrl Pts',(135.749332877093,-116.556612333926,-2.79999999999998));
#12366=CARTESIAN_POINT('Ctrl Pts',(135.785087007355,-116.591889948271,-2.79999999999998));
#12367=CARTESIAN_POINT('',(135.785087007355,-116.591889948271,0.200000000000016));
#12368=CARTESIAN_POINT('Ctrl Pts',(135.785087007355,-116.591889948271,0.200000000000016));
#12369=CARTESIAN_POINT('Ctrl Pts',(135.785087007355,-116.591889948271,-2.79999999999998));
#12370=CARTESIAN_POINT('Ctrl Pts',(135.830989599184,-116.619278368306,0.200000000000016));
#12371=CARTESIAN_POINT('Ctrl Pts',(135.830989599184,-116.619278368306,-2.79999999999998));
#12372=CARTESIAN_POINT('Ctrl Pts',(135.932650999483,-116.679936057159,0.200000000000015));
#12373=CARTESIAN_POINT('Ctrl Pts',(135.932650999483,-116.679936057159,-2.79999999999998));
#12374=CARTESIAN_POINT('Ctrl Pts',(136.051446711183,-116.683867346863,0.200000000000015));
#12375=CARTESIAN_POINT('Ctrl Pts',(136.051446711183,-116.683867346863,-2.79999999999998));
#12376=CARTESIAN_POINT('Ctrl Pts',(136.116603273224,-116.686023563765,0.200000000000015));
#12377=CARTESIAN_POINT('Ctrl Pts',(136.116603273224,-116.686023563765,-2.79999999999999));
#12378=CARTESIAN_POINT('',(136.116603273224,-116.686023563765,1.53629713119374E-14));
#12379=CARTESIAN_POINT('Ctrl Pts',(135.785087007355,-116.591889948271,1.55433278453677E-14));
#12380=CARTESIAN_POINT('Ctrl Pts',(135.830989599184,-116.619278368306,1.55252916311962E-14));
#12381=CARTESIAN_POINT('Ctrl Pts',(135.932650999483,-116.679936057159,1.54853464466228E-14));
#12382=CARTESIAN_POINT('Ctrl Pts',(136.051446711183,-116.683867346863,1.54063170277372E-14));
#12383=CARTESIAN_POINT('Ctrl Pts',(136.116603273224,-116.686023563765,1.53629713119374E-14));
#12384=CARTESIAN_POINT('',(136.116603273224,-116.686023563765,-2.79999999999999));
#12385=CARTESIAN_POINT('Ctrl Pts',(135.785087007355,-116.591889948271,-2.79999999999998));
#12386=CARTESIAN_POINT('Ctrl Pts',(135.830989599184,-116.619278368306,-2.79999999999998));
#12387=CARTESIAN_POINT('Ctrl Pts',(135.932650999483,-116.679936057159,-2.79999999999998));
#12388=CARTESIAN_POINT('Ctrl Pts',(136.051446711183,-116.683867346863,-2.79999999999998));
#12389=CARTESIAN_POINT('Ctrl Pts',(136.116603273224,-116.686023563765,-2.79999999999999));
#12390=CARTESIAN_POINT('',(136.116603273224,-116.686023563765,0.200000000000015));
#12391=CARTESIAN_POINT('Ctrl Pts',(136.116603273224,-116.686023563765,0.200000000000015));
#12392=CARTESIAN_POINT('Ctrl Pts',(136.116603273224,-116.686023563765,-2.79999999999999));
#12393=CARTESIAN_POINT('Ctrl Pts',(136.190733163497,-116.685426280123,0.200000000000015));
#12394=CARTESIAN_POINT('Ctrl Pts',(136.190733163497,-116.685426280123,-2.79999999999999));
#12395=CARTESIAN_POINT('Ctrl Pts',(136.318436993357,-116.684397337434,0.200000000000015));
#12396=CARTESIAN_POINT('Ctrl Pts',(136.318436993357,-116.684397337434,-2.79999999999999));
#12397=CARTESIAN_POINT('Ctrl Pts',(136.431416649815,-116.626437128867,0.200000000000015));
#12398=CARTESIAN_POINT('Ctrl Pts',(136.431416649815,-116.626437128867,-2.79999999999999));
#12399=CARTESIAN_POINT('Ctrl Pts',(136.478813546966,-116.602121830605,0.200000000000015));
#12400=CARTESIAN_POINT('Ctrl Pts',(136.478813546966,-116.602121830605,-2.79999999999999));
#12401=CARTESIAN_POINT('',(136.478813546966,-116.602121830605,1.50756736594556E-14));
#12402=CARTESIAN_POINT('Ctrl Pts',(136.116603273224,-116.686023563765,1.53629713119374E-14));
#12403=CARTESIAN_POINT('Ctrl Pts',(136.190733163497,-116.685426280123,1.53121819921928E-14));
#12404=CARTESIAN_POINT('Ctrl Pts',(136.318436993357,-116.684397337434,1.52246870497539E-14));
#12405=CARTESIAN_POINT('Ctrl Pts',(136.431416649815,-116.626437128867,1.51197123458135E-14));
#12406=CARTESIAN_POINT('Ctrl Pts',(136.478813546966,-116.602121830605,1.50756736594556E-14));
#12407=CARTESIAN_POINT('',(136.478813546966,-116.602121830605,-2.79999999999999));
#12408=CARTESIAN_POINT('Ctrl Pts',(136.116603273224,-116.686023563765,-2.79999999999999));
#12409=CARTESIAN_POINT('Ctrl Pts',(136.190733163497,-116.685426280123,-2.79999999999999));
#12410=CARTESIAN_POINT('Ctrl Pts',(136.318436993357,-116.684397337434,-2.79999999999999));
#12411=CARTESIAN_POINT('Ctrl Pts',(136.431416649815,-116.626437128867,-2.79999999999999));
#12412=CARTESIAN_POINT('Ctrl Pts',(136.478813546966,-116.602121830605,-2.79999999999999));
#12413=CARTESIAN_POINT('',(136.478813546966,-116.602121830605,0.200000000000015));
#12414=CARTESIAN_POINT('Ctrl Pts',(136.478813546966,-116.602121830605,0.200000000000015));
#12415=CARTESIAN_POINT('Ctrl Pts',(136.478813546966,-116.602121830605,-2.79999999999999));
#12416=CARTESIAN_POINT('Ctrl Pts',(136.510414998097,-116.574163160686,0.200000000000015));
#12417=CARTESIAN_POINT('Ctrl Pts',(136.510414998097,-116.574163160686,-2.79999999999999));
#12418=CARTESIAN_POINT('Ctrl Pts',(136.570180233917,-116.521287218563,0.200000000000015));
#12419=CARTESIAN_POINT('Ctrl Pts',(136.570180233917,-116.521287218563,-2.79999999999999));
#12420=CARTESIAN_POINT('Ctrl Pts',(136.581796232513,-116.442701634871,0.200000000000015));
#12421=CARTESIAN_POINT('Ctrl Pts',(136.581796232513,-116.442701634871,-2.79999999999999));
#12422=CARTESIAN_POINT('Ctrl Pts',(136.5872701586,-116.405668944739,0.200000000000015));
#12423=CARTESIAN_POINT('Ctrl Pts',(136.5872701586,-116.405668944739,-2.79999999999999));
#12424=CARTESIAN_POINT('',(136.5872701586,-116.405668944739,1.49068572840513E-14));
#12425=CARTESIAN_POINT('Ctrl Pts',(136.478813546966,-116.602121830605,1.50756736594556E-14));
#12426=CARTESIAN_POINT('Ctrl Pts',(136.510414998097,-116.574163160686,1.50406350000831E-14));
#12427=CARTESIAN_POINT('Ctrl Pts',(136.570180233917,-116.521287218563,1.4974369242747E-14));
#12428=CARTESIAN_POINT('Ctrl Pts',(136.581796232513,-116.442701634871,1.49284814603042E-14));
#12429=CARTESIAN_POINT('Ctrl Pts',(136.5872701586,-116.405668944739,1.49068572840513E-14));
#12430=CARTESIAN_POINT('',(136.5872701586,-116.405668944739,-2.79999999999999));
#12431=CARTESIAN_POINT('Ctrl Pts',(136.478813546966,-116.602121830605,-2.79999999999999));
#12432=CARTESIAN_POINT('Ctrl Pts',(136.510414998097,-116.574163160686,-2.79999999999999));
#12433=CARTESIAN_POINT('Ctrl Pts',(136.570180233917,-116.521287218563,-2.79999999999999));
#12434=CARTESIAN_POINT('Ctrl Pts',(136.581796232513,-116.442701634871,-2.79999999999999));
#12435=CARTESIAN_POINT('Ctrl Pts',(136.5872701586,-116.405668944739,-2.79999999999999));
#12436=CARTESIAN_POINT('',(136.5872701586,-116.405668944739,0.200000000000015));
#12437=CARTESIAN_POINT('Ctrl Pts',(136.5872701586,-116.405668944739,0.200000000000015));
#12438=CARTESIAN_POINT('Ctrl Pts',(136.5872701586,-116.405668944739,-2.79999999999999));
#12439=CARTESIAN_POINT('Ctrl Pts',(136.585359091294,-116.382347009243,0.200000000000015));
#12440=CARTESIAN_POINT('Ctrl Pts',(136.585359091294,-116.382347009243,-2.79999999999999));
#12441=CARTESIAN_POINT('Ctrl Pts',(136.581518963079,-116.335483551176,0.200000000000015));
#12442=CARTESIAN_POINT('Ctrl Pts',(136.581518963079,-116.335483551176,-2.79999999999999));
#12443=CARTESIAN_POINT('Ctrl Pts',(136.555380199176,-116.296386669716,0.200000000000015));
#12444=CARTESIAN_POINT('Ctrl Pts',(136.555380199176,-116.296386669716,-2.79999999999999));
#12445=CARTESIAN_POINT('Ctrl Pts',(136.542249578308,-116.276746631287,0.200000000000015));
#12446=CARTESIAN_POINT('Ctrl Pts',(136.542249578308,-116.276746631287,-2.79999999999999));
#12447=CARTESIAN_POINT('',(136.542249578308,-116.276746631287,1.48752290324418E-14));
#12448=CARTESIAN_POINT('Ctrl Pts',(136.5872701586,-116.405668944739,1.49068572840513E-14));
#12449=CARTESIAN_POINT('Ctrl Pts',(136.585359091294,-116.382347009243,1.48968894764286E-14));
#12450=CARTESIAN_POINT('Ctrl Pts',(136.581518963079,-116.335483551176,1.48768600009992E-14));
#12451=CARTESIAN_POINT('Ctrl Pts',(136.555380199176,-116.296386669716,1.48757743843478E-14));
#12452=CARTESIAN_POINT('Ctrl Pts',(136.542249578308,-116.276746631287,1.48752290324418E-14));
#12453=CARTESIAN_POINT('',(136.542249578308,-116.276746631287,-2.79999999999999));
#12454=CARTESIAN_POINT('Ctrl Pts',(136.5872701586,-116.405668944739,-2.79999999999999));
#12455=CARTESIAN_POINT('Ctrl Pts',(136.585359091294,-116.382347009243,-2.79999999999999));
#12456=CARTESIAN_POINT('Ctrl Pts',(136.581518963079,-116.335483551176,-2.79999999999999));
#12457=CARTESIAN_POINT('Ctrl Pts',(136.555380199176,-116.296386669716,-2.79999999999999));
#12458=CARTESIAN_POINT('Ctrl Pts',(136.542249578308,-116.276746631287,-2.79999999999999));
#12459=CARTESIAN_POINT('',(136.542249578308,-116.276746631287,0.200000000000015));
#12460=CARTESIAN_POINT('Ctrl Pts',(136.542249578308,-116.276746631287,0.200000000000015));
#12461=CARTESIAN_POINT('Ctrl Pts',(136.542249578308,-116.276746631287,-2.79999999999999));
#12462=CARTESIAN_POINT('Ctrl Pts',(136.523915699618,-116.257357800461,0.200000000000015));
#12463=CARTESIAN_POINT('Ctrl Pts',(136.523915699618,-116.257357800461,-2.79999999999999));
#12464=CARTESIAN_POINT('Ctrl Pts',(136.483773633033,-116.214905913921,0.200000000000015));
#12465=CARTESIAN_POINT('Ctrl Pts',(136.483773633033,-116.214905913921,-2.79999999999999));
#12466=CARTESIAN_POINT('Ctrl Pts',(136.430171597803,-116.191328912962,0.200000000000015));
#12467=CARTESIAN_POINT('Ctrl Pts',(136.430171597803,-116.191328912962,-2.79999999999999));
#12468=CARTESIAN_POINT('Ctrl Pts',(136.401050943207,-116.178520113848,0.200000000000015));
#12469=CARTESIAN_POINT('Ctrl Pts',(136.401050943207,-116.178520113848,-2.79999999999999));
#12470=CARTESIAN_POINT('',(136.401050943207,-116.178520113848,1.49239546440916E-14));
#12471=CARTESIAN_POINT('Ctrl Pts',(136.542249578308,-116.276746631287,1.48752290324418E-14));
#12472=CARTESIAN_POINT('Ctrl Pts',(136.523915699618,-116.257357800461,1.4878349769826E-14));
#12473=CARTESIAN_POINT('Ctrl Pts',(136.483773633033,-116.214905913921,1.48851826249656E-14));
#12474=CARTESIAN_POINT('Ctrl Pts',(136.430171597803,-116.191328912962,1.49103058331122E-14));
#12475=CARTESIAN_POINT('Ctrl Pts',(136.401050943207,-116.178520113848,1.49239546440916E-14));
#12476=CARTESIAN_POINT('',(136.401050943207,-116.178520113848,-2.79999999999999));
#12477=CARTESIAN_POINT('Ctrl Pts',(136.542249578308,-116.276746631287,-2.79999999999999));
#12478=CARTESIAN_POINT('Ctrl Pts',(136.523915699618,-116.257357800461,-2.79999999999999));
#12479=CARTESIAN_POINT('Ctrl Pts',(136.483773633033,-116.214905913921,-2.79999999999999));
#12480=CARTESIAN_POINT('Ctrl Pts',(136.430171597803,-116.191328912962,-2.79999999999999));
#12481=CARTESIAN_POINT('Ctrl Pts',(136.401050943207,-116.178520113848,-2.79999999999999));
#12482=CARTESIAN_POINT('',(136.401050943207,-116.178520113848,0.200000000000015));
#12483=CARTESIAN_POINT('Ctrl Pts',(136.401050943207,-116.178520113848,0.200000000000015));
#12484=CARTESIAN_POINT('Ctrl Pts',(136.401050943207,-116.178520113848,-2.79999999999999));
#12485=CARTESIAN_POINT('Ctrl Pts',(136.364778478238,-116.167090390737,0.200000000000015));
#12486=CARTESIAN_POINT('Ctrl Pts',(136.364778478238,-116.167090390737,-2.79999999999999));
#12487=CARTESIAN_POINT('Ctrl Pts',(136.257073247311,-116.133151672534,0.200000000000015));
#12488=CARTESIAN_POINT('Ctrl Pts',(136.257073247311,-116.133151672534,-2.79999999999999));
#12489=CARTESIAN_POINT('Ctrl Pts',(136.148008431765,-116.103832017086,0.200000000000015));
#12490=CARTESIAN_POINT('Ctrl Pts',(136.148008431765,-116.103832017086,-2.79999999999999));
#12491=CARTESIAN_POINT('Ctrl Pts',(136.075673955749,-116.084386498354,0.200000000000015));
#12492=CARTESIAN_POINT('Ctrl Pts',(136.075673955749,-116.084386498354,-2.79999999999999));
#12493=CARTESIAN_POINT('',(136.075673955749,-116.084386498354,1.51001288199959E-14));
#12494=CARTESIAN_POINT('Ctrl Pts',(136.401050943207,-116.178520113848,1.49239546440916E-14));
#12495=CARTESIAN_POINT('Ctrl Pts',(136.364778478238,-116.167090390737,1.49431420000266E-14));
#12496=CARTESIAN_POINT('Ctrl Pts',(136.257073247311,-116.133151672534,1.50001157687083E-14));
#12497=CARTESIAN_POINT('Ctrl Pts',(136.148008431765,-116.103832017086,1.50602477874149E-14));
#12498=CARTESIAN_POINT('Ctrl Pts',(136.075673955749,-116.084386498354,1.51001288199959E-14));
#12499=CARTESIAN_POINT('',(136.075673955749,-116.084386498354,-2.79999999999999));
#12500=CARTESIAN_POINT('Ctrl Pts',(136.401050943207,-116.178520113848,-2.79999999999999));
#12501=CARTESIAN_POINT('Ctrl Pts',(136.364778478238,-116.167090390737,-2.79999999999999));
#12502=CARTESIAN_POINT('Ctrl Pts',(136.257073247311,-116.133151672534,-2.79999999999999));
#12503=CARTESIAN_POINT('Ctrl Pts',(136.148008431765,-116.103832017086,-2.79999999999999));
#12504=CARTESIAN_POINT('Ctrl Pts',(136.075673955749,-116.084386498354,-2.79999999999999));
#12505=CARTESIAN_POINT('',(136.075673955749,-116.084386498354,0.200000000000015));
#12506=CARTESIAN_POINT('Ctrl Pts',(136.075673955749,-116.084386498354,0.200000000000015));
#12507=CARTESIAN_POINT('Ctrl Pts',(136.075673955749,-116.084386498354,-2.79999999999999));
#12508=CARTESIAN_POINT('Ctrl Pts',(135.964458650281,-116.05486497135,0.200000000000015));
#12509=CARTESIAN_POINT('Ctrl Pts',(135.964458650281,-116.05486497135,-2.79999999999999));
#12510=CARTESIAN_POINT('Ctrl Pts',(135.780291826599,-116.005978841552,0.200000000000015));
#12511=CARTESIAN_POINT('Ctrl Pts',(135.780291826599,-116.005978841552,-2.79999999999999));
#12512=CARTESIAN_POINT('Ctrl Pts',(135.601971395183,-115.939015438967,0.200000000000015));
#12513=CARTESIAN_POINT('Ctrl Pts',(135.601971395183,-115.939015438967,-2.79999999999999));
#12514=CARTESIAN_POINT('Ctrl Pts',(135.531335729431,-115.912490130089,0.200000000000015));
#12515=CARTESIAN_POINT('Ctrl Pts',(135.531335729431,-115.912490130089,-2.79999999999998));
#12516=CARTESIAN_POINT('',(135.531335729431,-115.912490130089,1.53878926631992E-14));
#12517=CARTESIAN_POINT('Ctrl Pts',(136.075673955749,-116.084386498354,1.51001288199959E-14));
#12518=CARTESIAN_POINT('Ctrl Pts',(135.964458650281,-116.05486497135,1.51616283047399E-14));
#12519=CARTESIAN_POINT('Ctrl Pts',(135.780291826599,-116.005978841552,1.5263468279536E-14));
#12520=CARTESIAN_POINT('Ctrl Pts',(135.601971395183,-115.939015438967,1.53525900546292E-14));
#12521=CARTESIAN_POINT('Ctrl Pts',(135.531335729431,-115.912490130089,1.53878926631992E-14));
#12522=CARTESIAN_POINT('',(135.531335729431,-115.912490130089,-2.79999999999999));
#12523=CARTESIAN_POINT('Ctrl Pts',(136.075673955749,-116.084386498354,-2.79999999999999));
#12524=CARTESIAN_POINT('Ctrl Pts',(135.964458650281,-116.05486497135,-2.79999999999999));
#12525=CARTESIAN_POINT('Ctrl Pts',(135.780291826599,-116.005978841552,-2.79999999999999));
#12526=CARTESIAN_POINT('Ctrl Pts',(135.601971395183,-115.939015438967,-2.79999999999999));
#12527=CARTESIAN_POINT('Ctrl Pts',(135.531335729431,-115.912490130089,-2.79999999999998));
#12528=CARTESIAN_POINT('',(135.531335729431,-115.912490130089,0.200000000000015));
#12529=CARTESIAN_POINT('Ctrl Pts',(135.531335729431,-115.912490130089,0.200000000000015));
#12530=CARTESIAN_POINT('Ctrl Pts',(135.531335729431,-115.912490130089,-2.79999999999998));
#12531=CARTESIAN_POINT('Ctrl Pts',(135.482673695766,-115.888623628998,0.200000000000015));
#12532=CARTESIAN_POINT('Ctrl Pts',(135.482673695766,-115.888623628998,-2.79999999999998));
#12533=CARTESIAN_POINT('Ctrl Pts',(135.387590773942,-115.841989806149,0.200000000000015));
#12534=CARTESIAN_POINT('Ctrl Pts',(135.387590773942,-115.841989806149,-2.79999999999998));
#12535=CARTESIAN_POINT('Ctrl Pts',(135.320548436989,-115.760106592592,0.200000000000015));
#12536=CARTESIAN_POINT('Ctrl Pts',(135.320548436989,-115.760106592592,-2.79999999999998));
#12537=CARTESIAN_POINT('Ctrl Pts',(135.287817376922,-115.720129997156,0.200000000000015));
#12538=CARTESIAN_POINT('Ctrl Pts',(135.287817376922,-115.720129997156,-2.79999999999998));
#12539=CARTESIAN_POINT('',(135.287817376922,-115.720129997156,1.54608355630606E-14));
#12540=CARTESIAN_POINT('Ctrl Pts',(135.531335729431,-115.912490130089,1.53878926631992E-14));
#12541=CARTESIAN_POINT('Ctrl Pts',(135.482673695766,-115.888623628998,1.54095106149179E-14));
#12542=CARTESIAN_POINT('Ctrl Pts',(135.387590773942,-115.841989806149,1.54517509072266E-14));
#12543=CARTESIAN_POINT('Ctrl Pts',(135.320548436989,-115.760106592592,1.54578553057598E-14));
#12544=CARTESIAN_POINT('Ctrl Pts',(135.287817376922,-115.720129997156,1.54608355630606E-14));
#12545=CARTESIAN_POINT('',(135.287817376922,-115.720129997156,-2.79999999999999));
#12546=CARTESIAN_POINT('Ctrl Pts',(135.531335729431,-115.912490130089,-2.79999999999998));
#12547=CARTESIAN_POINT('Ctrl Pts',(135.482673695766,-115.888623628998,-2.79999999999998));
#12548=CARTESIAN_POINT('Ctrl Pts',(135.387590773942,-115.841989806149,-2.79999999999998));
#12549=CARTESIAN_POINT('Ctrl Pts',(135.320548436989,-115.760106592592,-2.79999999999998));
#12550=CARTESIAN_POINT('Ctrl Pts',(135.287817376922,-115.720129997156,-2.79999999999998));
#12551=CARTESIAN_POINT('',(135.287817376922,-115.720129997156,0.200000000000015));
#12552=CARTESIAN_POINT('Ctrl Pts',(135.287817376922,-115.720129997156,0.200000000000015));
#12553=CARTESIAN_POINT('Ctrl Pts',(135.287817376922,-115.720129997156,-2.79999999999998));
#12554=CARTESIAN_POINT('Ctrl Pts',(135.262171520553,-115.673772761934,0.200000000000015));
#12555=CARTESIAN_POINT('Ctrl Pts',(135.262171520553,-115.673772761934,-2.79999999999998));
#12556=CARTESIAN_POINT('Ctrl Pts',(135.208013596507,-115.575877351927,0.200000000000015));
#12557=CARTESIAN_POINT('Ctrl Pts',(135.208013596507,-115.575877351927,-2.79999999999998));
#12558=CARTESIAN_POINT('Ctrl Pts',(135.202647101387,-115.463925242183,0.200000000000015));
#12559=CARTESIAN_POINT('Ctrl Pts',(135.202647101387,-115.463925242183,-2.79999999999998));
#12560=CARTESIAN_POINT('Ctrl Pts',(135.199821847748,-115.404986754678,0.200000000000015));
#12561=CARTESIAN_POINT('Ctrl Pts',(135.199821847748,-115.404986754678,-2.79999999999999));
#12562=CARTESIAN_POINT('',(135.199821847748,-115.404986754678,1.53684974160967E-14));
#12563=CARTESIAN_POINT('Ctrl Pts',(135.287817376922,-115.720129997156,1.54608355630606E-14));
#12564=CARTESIAN_POINT('Ctrl Pts',(135.262171520553,-115.673772761934,1.54559057775408E-14));
#12565=CARTESIAN_POINT('Ctrl Pts',(135.208013596507,-115.575877351927,1.54454952421748E-14));
#12566=CARTESIAN_POINT('Ctrl Pts',(135.202647101387,-115.463925242183,1.53950532100744E-14));
#12567=CARTESIAN_POINT('Ctrl Pts',(135.199821847748,-115.404986754678,1.53684974160967E-14));
#12568=CARTESIAN_POINT('',(135.199821847748,-115.404986754678,-2.79999999999999));
#12569=CARTESIAN_POINT('Ctrl Pts',(135.287817376922,-115.720129997156,-2.79999999999998));
#12570=CARTESIAN_POINT('Ctrl Pts',(135.262171520553,-115.673772761934,-2.79999999999998));
#12571=CARTESIAN_POINT('Ctrl Pts',(135.208013596507,-115.575877351927,-2.79999999999998));
#12572=CARTESIAN_POINT('Ctrl Pts',(135.202647101387,-115.463925242183,-2.79999999999998));
#12573=CARTESIAN_POINT('Ctrl Pts',(135.199821847748,-115.404986754678,-2.79999999999999));
#12574=CARTESIAN_POINT('',(135.199821847748,-115.404986754678,0.200000000000015));
#12575=CARTESIAN_POINT('Ctrl Pts',(135.199821847748,-115.404986754678,0.200000000000015));
#12576=CARTESIAN_POINT('Ctrl Pts',(135.199821847748,-115.404986754678,-2.79999999999999));
#12577=CARTESIAN_POINT('Ctrl Pts',(135.204642571648,-115.343997478681,0.200000000000015));
#12578=CARTESIAN_POINT('Ctrl Pts',(135.204642571648,-115.343997478681,-2.79999999999999));
#12579=CARTESIAN_POINT('Ctrl Pts',(135.214451751614,-115.219896867099,0.200000000000015));
#12580=CARTESIAN_POINT('Ctrl Pts',(135.214451751614,-115.219896867099,-2.79999999999999));
#12581=CARTESIAN_POINT('Ctrl Pts',(135.276649959964,-115.111981614807,0.200000000000015));
#12582=CARTESIAN_POINT('Ctrl Pts',(135.276649959964,-115.111981614807,-2.79999999999999));
#12583=CARTESIAN_POINT('Ctrl Pts',(135.308280843567,-115.05710133972,0.200000000000015));
#12584=CARTESIAN_POINT('Ctrl Pts',(135.308280843567,-115.05710133972,-2.79999999999999));
#12585=CARTESIAN_POINT('',(135.308280843567,-115.05710133972,1.51265035937683E-14));
#12586=CARTESIAN_POINT('Ctrl Pts',(135.199821847748,-115.404986754678,1.53684974160967E-14));
#12587=CARTESIAN_POINT('Ctrl Pts',(135.204642571648,-115.343997478681,1.53357418372535E-14));
#12588=CARTESIAN_POINT('Ctrl Pts',(135.214451751614,-115.219896867099,1.5269090990119E-14));
#12589=CARTESIAN_POINT('Ctrl Pts',(135.276649959964,-115.111981614807,1.51745714727541E-14));
#12590=CARTESIAN_POINT('Ctrl Pts',(135.308280843567,-115.05710133972,1.51265035937683E-14));
#12591=CARTESIAN_POINT('',(135.308280843567,-115.05710133972,-2.79999999999999));
#12592=CARTESIAN_POINT('Ctrl Pts',(135.199821847748,-115.404986754678,-2.79999999999999));
#12593=CARTESIAN_POINT('Ctrl Pts',(135.204642571648,-115.343997478681,-2.79999999999999));
#12594=CARTESIAN_POINT('Ctrl Pts',(135.214451751614,-115.219896867099,-2.79999999999999));
#12595=CARTESIAN_POINT('Ctrl Pts',(135.276649959964,-115.111981614807,-2.79999999999999));
#12596=CARTESIAN_POINT('Ctrl Pts',(135.308280843567,-115.05710133972,-2.79999999999999));
#12597=CARTESIAN_POINT('',(135.308280843567,-115.05710133972,0.200000000000015));
#12598=CARTESIAN_POINT('Ctrl Pts',(135.308280843567,-115.05710133972,0.200000000000015));
#12599=CARTESIAN_POINT('Ctrl Pts',(135.308280843567,-115.05710133972,-2.79999999999999));
#12600=CARTESIAN_POINT('Ctrl Pts',(135.348901508566,-115.005701791997,0.200000000000015));
#12601=CARTESIAN_POINT('Ctrl Pts',(135.348901508566,-115.005701791997,-2.79999999999999));
#12602=CARTESIAN_POINT('Ctrl Pts',(135.433179773459,-114.899059896832,0.200000000000015));
#12603=CARTESIAN_POINT('Ctrl Pts',(135.433179773459,-114.899059896832,-2.79999999999999));
#12604=CARTESIAN_POINT('Ctrl Pts',(135.554460244229,-114.837358422734,0.200000000000015));
#12605=CARTESIAN_POINT('Ctrl Pts',(135.554460244229,-114.837358422734,-2.79999999999999));
#12606=CARTESIAN_POINT('Ctrl Pts',(135.617285627197,-114.805395991228,0.200000000000015));
#12607=CARTESIAN_POINT('Ctrl Pts',(135.617285627197,-114.805395991228,-2.79999999999999));
#12608=CARTESIAN_POINT('',(135.617285627197,-114.805395991228,1.47943652578297E-14));
#12609=CARTESIAN_POINT('Ctrl Pts',(135.308280843567,-115.05710133972,1.51265035937683E-14));
#12610=CARTESIAN_POINT('Ctrl Pts',(135.348901508566,-115.005701791997,1.50739934405645E-14));
#12611=CARTESIAN_POINT('Ctrl Pts',(135.433179773459,-114.899059896832,1.49650472853389E-14));
#12612=CARTESIAN_POINT('Ctrl Pts',(135.554460244229,-114.837358422734,1.48526098116787E-14));
#12613=CARTESIAN_POINT('Ctrl Pts',(135.617285627197,-114.805395991228,1.47943652578297E-14));
#12614=CARTESIAN_POINT('',(135.617285627197,-114.805395991228,-2.79999999999999));
#12615=CARTESIAN_POINT('Ctrl Pts',(135.308280843567,-115.05710133972,-2.79999999999999));
#12616=CARTESIAN_POINT('Ctrl Pts',(135.348901508566,-115.005701791997,-2.79999999999999));
#12617=CARTESIAN_POINT('Ctrl Pts',(135.433179773459,-114.899059896832,-2.79999999999999));
#12618=CARTESIAN_POINT('Ctrl Pts',(135.554460244229,-114.837358422734,-2.79999999999999));
#12619=CARTESIAN_POINT('Ctrl Pts',(135.617285627197,-114.805395991228,-2.79999999999999));
#12620=CARTESIAN_POINT('',(135.617285627197,-114.805395991228,0.200000000000015));
#12621=CARTESIAN_POINT('Ctrl Pts',(135.617285627197,-114.805395991228,0.200000000000015));
#12622=CARTESIAN_POINT('Ctrl Pts',(135.617285627197,-114.805395991228,-2.79999999999999));
#12623=CARTESIAN_POINT('Ctrl Pts',(135.688533163174,-114.779741009579,0.200000000000015));
#12624=CARTESIAN_POINT('Ctrl Pts',(135.688533163174,-114.779741009579,-2.79999999999999));
#12625=CARTESIAN_POINT('Ctrl Pts',(135.836625882747,-114.726415432056,0.200000000000015));
#12626=CARTESIAN_POINT('Ctrl Pts',(135.836625882747,-114.726415432056,-2.79999999999999));
#12627=CARTESIAN_POINT('Ctrl Pts',(135.994008336931,-114.720480918873,0.200000000000015));
#12628=CARTESIAN_POINT('Ctrl Pts',(135.994008336931,-114.720480918873,-2.79999999999999));
#12629=CARTESIAN_POINT('Ctrl Pts',(136.075673955749,-114.717401505135,0.200000000000014));
#12630=CARTESIAN_POINT('Ctrl Pts',(136.075673955749,-114.717401505135,-2.79999999999999));
#12631=CARTESIAN_POINT('',(136.075673955749,-114.717401505135,1.44395689683959E-14));
#12632=CARTESIAN_POINT('Ctrl Pts',(135.617285627197,-114.805395991228,1.47943652578297E-14));
#12633=CARTESIAN_POINT('Ctrl Pts',(135.688533163174,-114.779741009579,1.47334310517728E-14));
#12634=CARTESIAN_POINT('Ctrl Pts',(135.836625882747,-114.726415432056,1.46067752698251E-14));
#12635=CARTESIAN_POINT('Ctrl Pts',(135.994008336931,-114.720480918873,1.44966913938414E-14));
#12636=CARTESIAN_POINT('Ctrl Pts',(136.075673955749,-114.717401505135,1.44395689683959E-14));
#12637=CARTESIAN_POINT('',(136.075673955749,-114.717401505135,-2.79999999999999));
#12638=CARTESIAN_POINT('Ctrl Pts',(135.617285627197,-114.805395991228,-2.79999999999999));
#12639=CARTESIAN_POINT('Ctrl Pts',(135.688533163174,-114.779741009579,-2.79999999999999));
#12640=CARTESIAN_POINT('Ctrl Pts',(135.836625882747,-114.726415432056,-2.79999999999999));
#12641=CARTESIAN_POINT('Ctrl Pts',(135.994008336931,-114.720480918873,-2.79999999999999));
#12642=CARTESIAN_POINT('Ctrl Pts',(136.075673955749,-114.717401505135,-2.79999999999999));
#12643=CARTESIAN_POINT('',(136.075673955749,-114.717401505135,0.200000000000014));
#12644=CARTESIAN_POINT('Ctrl Pts',(136.075673955749,-114.717401505135,0.200000000000014));
#12645=CARTESIAN_POINT('Ctrl Pts',(136.075673955749,-114.717401505135,-2.79999999999999));
#12646=CARTESIAN_POINT('Ctrl Pts',(136.203378781258,-114.721035353016,0.200000000000014));
#12647=CARTESIAN_POINT('Ctrl Pts',(136.203378781258,-114.721035353016,-2.79999999999999));
#12648=CARTESIAN_POINT('Ctrl Pts',(136.43411948897,-114.72760109263,0.200000000000014));
#12649=CARTESIAN_POINT('Ctrl Pts',(136.43411948897,-114.72760109263,-2.79999999999999));
#12650=CARTESIAN_POINT('Ctrl Pts',(136.63336154962,-114.842211766688,0.200000000000014));
#12651=CARTESIAN_POINT('Ctrl Pts',(136.63336154962,-114.842211766688,-2.79999999999999));
#12652=CARTESIAN_POINT('Ctrl Pts',(136.722331899475,-114.893390477322,0.200000000000014));
#12653=CARTESIAN_POINT('Ctrl Pts',(136.722331899475,-114.893390477322,-2.79999999999999));
#12654=CARTESIAN_POINT('',(136.722331899475,-114.893390477322,1.40840778679271E-14));
#12655=CARTESIAN_POINT('Ctrl Pts',(136.075673955749,-114.717401505135,1.44395689683959E-14));
#12656=CARTESIAN_POINT('Ctrl Pts',(136.203378781258,-114.721035353016,1.43543265173472E-14));
#12657=CARTESIAN_POINT('Ctrl Pts',(136.43411948897,-114.72760109263,1.4200308039142E-14));
#12658=CARTESIAN_POINT('Ctrl Pts',(136.63336154962,-114.842211766688,1.41199577947979E-14));
#12659=CARTESIAN_POINT('Ctrl Pts',(136.722331899475,-114.893390477322,1.40840778679271E-14));
#12660=CARTESIAN_POINT('',(136.722331899475,-114.893390477322,-2.79999999999999));
#12661=CARTESIAN_POINT('Ctrl Pts',(136.075673955749,-114.717401505135,-2.79999999999999));
#12662=CARTESIAN_POINT('Ctrl Pts',(136.203378781258,-114.721035353016,-2.79999999999999));
#12663=CARTESIAN_POINT('Ctrl Pts',(136.43411948897,-114.72760109263,-2.79999999999999));
#12664=CARTESIAN_POINT('Ctrl Pts',(136.63336154962,-114.842211766688,-2.79999999999999));
#12665=CARTESIAN_POINT('Ctrl Pts',(136.722331899475,-114.893390477322,-2.79999999999999));
#12666=CARTESIAN_POINT('',(136.722331899475,-114.893390477322,0.200000000000014));
#12667=CARTESIAN_POINT('Ctrl Pts',(136.722331899475,-114.893390477322,0.200000000000014));
#12668=CARTESIAN_POINT('Ctrl Pts',(136.722331899475,-114.893390477322,-2.79999999999999));
#12669=CARTESIAN_POINT('Ctrl Pts',(136.789848749975,-114.962235089414,0.200000000000014));
#12670=CARTESIAN_POINT('Ctrl Pts',(136.789848749975,-114.962235089414,-2.79999999999999));
#12671=CARTESIAN_POINT('Ctrl Pts',(136.933467272679,-115.108677961251,0.200000000000014));
#12672=CARTESIAN_POINT('Ctrl Pts',(136.933467272679,-115.108677961251,-2.79999999999999));
#12673=CARTESIAN_POINT('Ctrl Pts',(136.980050215147,-115.309046065876,0.200000000000014));
#12674=CARTESIAN_POINT('Ctrl Pts',(136.980050215147,-115.309046065876,-2.79999999999999));
#12675=CARTESIAN_POINT('Ctrl Pts',(137.004733938049,-115.415218637012,0.200000000000014));
#12676=CARTESIAN_POINT('Ctrl Pts',(137.004733938049,-115.415218637012,-2.79999999999999));
#12677=CARTESIAN_POINT('',(137.004733938049,-115.415218637012,1.41438524412115E-14));
#12678=CARTESIAN_POINT('Ctrl Pts',(136.722331899475,-114.893390477322,1.40840778679271E-14));
#12679=CARTESIAN_POINT('Ctrl Pts',(136.789848749975,-114.962235089414,1.4071349642795E-14));
#12680=CARTESIAN_POINT('Ctrl Pts',(136.933467272679,-115.108677961251,1.40442747888471E-14));
#12681=CARTESIAN_POINT('Ctrl Pts',(136.980050215147,-115.309046065876,1.41093630008145E-14));
#12682=CARTESIAN_POINT('Ctrl Pts',(137.004733938049,-115.415218637012,1.41438524412115E-14));
#12683=CARTESIAN_POINT('',(137.004733938049,-115.415218637012,-2.79999999999999));
#12684=CARTESIAN_POINT('Ctrl Pts',(136.722331899475,-114.893390477322,-2.79999999999999));
#12685=CARTESIAN_POINT('Ctrl Pts',(136.789848749975,-114.962235089414,-2.79999999999999));
#12686=CARTESIAN_POINT('Ctrl Pts',(136.933467272679,-115.108677961251,-2.79999999999999));
#12687=CARTESIAN_POINT('Ctrl Pts',(136.980050215147,-115.309046065876,-2.79999999999999));
#12688=CARTESIAN_POINT('Ctrl Pts',(137.004733938049,-115.415218637012,-2.79999999999999));
#12689=CARTESIAN_POINT('',(137.004733938049,-115.415218637012,0.200000000000014));
#12690=CARTESIAN_POINT('Ctrl Pts',(135.695048230957,-116.915218622111,0.200000000000016));
#12691=CARTESIAN_POINT('Ctrl Pts',(135.695048230957,-116.915218622111,-2.79999999999998));
#12692=CARTESIAN_POINT('Ctrl Pts',(135.635890746316,-116.890250621409,0.200000000000016));
#12693=CARTESIAN_POINT('Ctrl Pts',(135.635890746316,-116.890250621409,-2.79999999999998));
#12694=CARTESIAN_POINT('Ctrl Pts',(135.525790723129,-116.843781819145,0.200000000000016));
#12695=CARTESIAN_POINT('Ctrl Pts',(135.525790723129,-116.843781819145,-2.79999999999998));
#12696=CARTESIAN_POINT('Ctrl Pts',(135.445638458102,-116.755513937251,0.200000000000016));
#12697=CARTESIAN_POINT('Ctrl Pts',(135.445638458102,-116.755513937251,-2.79999999999998));
#12698=CARTESIAN_POINT('Ctrl Pts',(135.40855254538,-116.714672983311,0.200000000000016));
#12699=CARTESIAN_POINT('Ctrl Pts',(135.40855254538,-116.714672983311,-2.79999999999998));
#12700=CARTESIAN_POINT('',(135.695048230957,-116.915218622111,1.57609065633769E-14));
#12701=CARTESIAN_POINT('Ctrl Pts',(135.695048230957,-116.915218622111,1.57609065633769E-14));
#12702=CARTESIAN_POINT('Ctrl Pts',(135.635890746316,-116.890250621409,1.57891422329657E-14));
#12703=CARTESIAN_POINT('Ctrl Pts',(135.525790723129,-116.843781819145,1.5841692599555E-14));
#12704=CARTESIAN_POINT('Ctrl Pts',(135.445638458102,-116.755513937251,1.58536428613209E-14));
#12705=CARTESIAN_POINT('Ctrl Pts',(135.40855254538,-116.714672983311,1.5859172170805E-14));
#12706=CARTESIAN_POINT('',(135.695048230957,-116.915218622111,-2.79999999999998));
#12707=CARTESIAN_POINT('',(135.695048230957,-116.915218622111,0.200000000000016));
#12708=CARTESIAN_POINT('Ctrl Pts',(135.695048230957,-116.915218622111,-2.79999999999998));
#12709=CARTESIAN_POINT('Ctrl Pts',(135.635890746316,-116.890250621409,-2.79999999999998));
#12710=CARTESIAN_POINT('Ctrl Pts',(135.525790723129,-116.843781819145,-2.79999999999998));
#12711=CARTESIAN_POINT('Ctrl Pts',(135.445638458102,-116.755513937251,-2.79999999999998));
#12712=CARTESIAN_POINT('Ctrl Pts',(135.40855254538,-116.714672983311,-2.79999999999998));
#12713=CARTESIAN_POINT('Ctrl Pts',(136.14320601828,-116.988888472937,0.200000000000016));
#12714=CARTESIAN_POINT('Ctrl Pts',(136.14320601828,-116.988888472937,-2.79999999999998));
#12715=CARTESIAN_POINT('Ctrl Pts',(136.062580277024,-116.986557524761,0.200000000000016));
#12716=CARTESIAN_POINT('Ctrl Pts',(136.062580277024,-116.986557524761,-2.79999999999998));
#12717=CARTESIAN_POINT('Ctrl Pts',(135.909778913175,-116.982139927419,0.200000000000016));
#12718=CARTESIAN_POINT('Ctrl Pts',(135.909778913175,-116.982139927419,-2.79999999999998));
#12719=CARTESIAN_POINT('Ctrl Pts',(135.76393670228,-116.936687870818,0.200000000000016));
#12720=CARTESIAN_POINT('Ctrl Pts',(135.76393670228,-116.936687870818,-2.79999999999998));
#12721=CARTESIAN_POINT('Ctrl Pts',(135.695048230957,-116.915218622111,0.200000000000016));
#12722=CARTESIAN_POINT('Ctrl Pts',(135.695048230957,-116.915218622111,-2.79999999999998));
#12723=CARTESIAN_POINT('',(136.14320601828,-116.988888472937,1.54911998620146E-14));
#12724=CARTESIAN_POINT('Ctrl Pts',(136.14320601828,-116.988888472937,1.54911998620146E-14));
#12725=CARTESIAN_POINT('Ctrl Pts',(136.062580277024,-116.986557524761,1.55449994657163E-14));
#12726=CARTESIAN_POINT('Ctrl Pts',(135.909778913175,-116.982139927419,1.56469601013484E-14));
#12727=CARTESIAN_POINT('Ctrl Pts',(135.76393670228,-116.936687870818,1.57243510160613E-14));
#12728=CARTESIAN_POINT('Ctrl Pts',(135.695048230957,-116.915218622111,1.57609065633769E-14));
#12729=CARTESIAN_POINT('',(136.14320601828,-116.988888472937,-2.79999999999999));
#12730=CARTESIAN_POINT('',(136.14320601828,-116.988888472937,0.200000000000016));
#12731=CARTESIAN_POINT('Ctrl Pts',(136.14320601828,-116.988888472937,-2.79999999999998));
#12732=CARTESIAN_POINT('Ctrl Pts',(136.062580277024,-116.986557524761,-2.79999999999998));
#12733=CARTESIAN_POINT('Ctrl Pts',(135.909778913175,-116.982139927419,-2.79999999999998));
#12734=CARTESIAN_POINT('Ctrl Pts',(135.76393670228,-116.936687870818,-2.79999999999998));
#12735=CARTESIAN_POINT('Ctrl Pts',(135.695048230957,-116.915218622111,-2.79999999999998));
#12736=CARTESIAN_POINT('Ctrl Pts',(136.46244134314,-116.943868041657,0.200000000000015));
#12737=CARTESIAN_POINT('Ctrl Pts',(136.46244134314,-116.943868041657,-2.79999999999999));
#12738=CARTESIAN_POINT('Ctrl Pts',(136.411207881955,-116.956997294429,0.200000000000015));
#12739=CARTESIAN_POINT('Ctrl Pts',(136.411207881955,-116.956997294429,-2.79999999999999));
#12740=CARTESIAN_POINT('Ctrl Pts',(136.306483613273,-116.983834274855,0.200000000000015));
#12741=CARTESIAN_POINT('Ctrl Pts',(136.306483613273,-116.983834274855,-2.79999999999999));
#12742=CARTESIAN_POINT('Ctrl Pts',(136.19840840868,-116.987179703184,0.200000000000015));
#12743=CARTESIAN_POINT('Ctrl Pts',(136.19840840868,-116.987179703184,-2.79999999999998));
#12744=CARTESIAN_POINT('Ctrl Pts',(136.14320601828,-116.988888472937,0.200000000000016));
#12745=CARTESIAN_POINT('Ctrl Pts',(136.14320601828,-116.988888472937,-2.79999999999998));
#12746=CARTESIAN_POINT('',(136.46244134314,-116.943868041657,1.52519671065324E-14));
#12747=CARTESIAN_POINT('Ctrl Pts',(136.46244134314,-116.943868041657,1.52519671065324E-14));
#12748=CARTESIAN_POINT('Ctrl Pts',(136.411207881955,-116.956997294429,1.52932140665947E-14));
#12749=CARTESIAN_POINT('Ctrl Pts',(136.306483613273,-116.983834274855,1.53775253397483E-14));
#12750=CARTESIAN_POINT('Ctrl Pts',(136.19840840868,-116.987179703184,1.54527677355382E-14));
#12751=CARTESIAN_POINT('Ctrl Pts',(136.14320601828,-116.988888472937,1.54911998620146E-14));
#12752=CARTESIAN_POINT('',(136.46244134314,-116.943868041657,-2.79999999999999));
#12753=CARTESIAN_POINT('',(136.46244134314,-116.943868041657,0.200000000000015));
#12754=CARTESIAN_POINT('Ctrl Pts',(136.46244134314,-116.943868041657,-2.79999999999999));
#12755=CARTESIAN_POINT('Ctrl Pts',(136.411207881955,-116.956997294429,-2.79999999999999));
#12756=CARTESIAN_POINT('Ctrl Pts',(136.306483613273,-116.983834274855,-2.79999999999999));
#12757=CARTESIAN_POINT('Ctrl Pts',(136.19840840868,-116.987179703184,-2.79999999999998));
#12758=CARTESIAN_POINT('Ctrl Pts',(136.14320601828,-116.988888472937,-2.79999999999998));
#12759=CARTESIAN_POINT('Ctrl Pts',(136.695729154419,-116.837456018351,0.200000000000015));
#12760=CARTESIAN_POINT('Ctrl Pts',(136.695729154419,-116.837456018351,-2.79999999999999));
#12761=CARTESIAN_POINT('Ctrl Pts',(136.662609425598,-116.858282545748,0.200000000000015));
#12762=CARTESIAN_POINT('Ctrl Pts',(136.662609425598,-116.858282545748,-2.79999999999999));
#12763=CARTESIAN_POINT('Ctrl Pts',(136.589684566649,-116.904139550828,0.200000000000015));
#12764=CARTESIAN_POINT('Ctrl Pts',(136.589684566649,-116.904139550828,-2.79999999999999));
#12765=CARTESIAN_POINT('Ctrl Pts',(136.507371118358,-116.929839851286,0.200000000000015));
#12766=CARTESIAN_POINT('Ctrl Pts',(136.507371118358,-116.929839851286,-2.79999999999999));
#12767=CARTESIAN_POINT('Ctrl Pts',(136.46244134314,-116.943868041657,0.200000000000015));
#12768=CARTESIAN_POINT('Ctrl Pts',(136.46244134314,-116.943868041657,-2.79999999999999));
#12769=CARTESIAN_POINT('',(136.695729154419,-116.837456018351,1.50416198661359E-14));
#12770=CARTESIAN_POINT('Ctrl Pts',(136.695729154419,-116.837456018351,1.50416198661359E-14));
#12771=CARTESIAN_POINT('Ctrl Pts',(136.662609425598,-116.858282545748,1.50742464254831E-14));
#12772=CARTESIAN_POINT('Ctrl Pts',(136.589684566649,-116.904139550828,1.51460854031862E-14));
#12773=CARTESIAN_POINT('Ctrl Pts',(136.507371118358,-116.929839851286,1.52145801144881E-14));
#12774=CARTESIAN_POINT('Ctrl Pts',(136.46244134314,-116.943868041657,1.52519671065324E-14));
#12775=CARTESIAN_POINT('',(136.695729154419,-116.837456018351,-2.79999999999999));
#12776=CARTESIAN_POINT('',(136.695729154419,-116.837456018351,0.200000000000015));
#12777=CARTESIAN_POINT('Ctrl Pts',(136.695729154419,-116.837456018351,-2.79999999999999));
#12778=CARTESIAN_POINT('Ctrl Pts',(136.662609425598,-116.858282545748,-2.79999999999999));
#12779=CARTESIAN_POINT('Ctrl Pts',(136.589684566649,-116.904139550828,-2.79999999999999));
#12780=CARTESIAN_POINT('Ctrl Pts',(136.507371118358,-116.929839851286,-2.79999999999999));
#12781=CARTESIAN_POINT('Ctrl Pts',(136.46244134314,-116.943868041657,-2.79999999999999));
#12782=CARTESIAN_POINT('Ctrl Pts',(136.877857106994,-116.630771250151,0.200000000000015));
#12783=CARTESIAN_POINT('Ctrl Pts',(136.877857106994,-116.630771250151,-2.79999999999999));
#12784=CARTESIAN_POINT('Ctrl Pts',(136.853424604403,-116.670562884299,0.200000000000015));
#12785=CARTESIAN_POINT('Ctrl Pts',(136.853424604403,-116.670562884299,-2.79999999999999));
#12786=CARTESIAN_POINT('Ctrl Pts',(136.804657753679,-116.749986294788,0.200000000000015));
#12787=CARTESIAN_POINT('Ctrl Pts',(136.804657753679,-116.749986294788,-2.79999999999999));
#12788=CARTESIAN_POINT('Ctrl Pts',(136.731989933961,-116.808338592952,0.200000000000015));
#12789=CARTESIAN_POINT('Ctrl Pts',(136.731989933961,-116.808338592952,-2.79999999999999));
#12790=CARTESIAN_POINT('Ctrl Pts',(136.695729154419,-116.837456018351,0.200000000000015));
#12791=CARTESIAN_POINT('Ctrl Pts',(136.695729154419,-116.837456018351,-2.79999999999999));
#12792=CARTESIAN_POINT('',(136.877857106994,-116.630771250151,1.48176708896087E-14));
#12793=CARTESIAN_POINT('Ctrl Pts',(136.877857106994,-116.630771250151,1.48176708896087E-14));
#12794=CARTESIAN_POINT('Ctrl Pts',(136.853424604403,-116.670562884299,1.48535437068621E-14));
#12795=CARTESIAN_POINT('Ctrl Pts',(136.804657753679,-116.749986294788,1.49251452258268E-14));
#12796=CARTESIAN_POINT('Ctrl Pts',(136.731989933961,-116.808338592952,1.5002847114955E-14));
#12797=CARTESIAN_POINT('Ctrl Pts',(136.695729154419,-116.837456018351,1.50416198661359E-14));
#12798=CARTESIAN_POINT('',(136.877857106994,-116.630771250151,-2.79999999999999));
#12799=CARTESIAN_POINT('',(136.877857106994,-116.630771250151,0.200000000000015));
#12800=CARTESIAN_POINT('Ctrl Pts',(136.877857106994,-116.630771250151,-2.79999999999999));
#12801=CARTESIAN_POINT('Ctrl Pts',(136.853424604403,-116.670562884299,-2.79999999999999));
#12802=CARTESIAN_POINT('Ctrl Pts',(136.804657753679,-116.749986294788,-2.79999999999999));
#12803=CARTESIAN_POINT('Ctrl Pts',(136.731989933961,-116.808338592952,-2.79999999999999));
#12804=CARTESIAN_POINT('Ctrl Pts',(136.695729154419,-116.837456018351,-2.79999999999999));
#12805=CARTESIAN_POINT('Ctrl Pts',(136.943341153931,-116.362694740914,0.200000000000015));
#12806=CARTESIAN_POINT('Ctrl Pts',(136.943341153931,-116.362694740914,-2.79999999999999));
#12807=CARTESIAN_POINT('Ctrl Pts',(136.940737974114,-116.409951385866,0.200000000000015));
#12808=CARTESIAN_POINT('Ctrl Pts',(136.940737974114,-116.409951385866,-2.79999999999999));
#12809=CARTESIAN_POINT('Ctrl Pts',(136.93558973466,-116.503409595117,0.200000000000015));
#12810=CARTESIAN_POINT('Ctrl Pts',(136.93558973466,-116.503409595117,-2.79999999999999));
#12811=CARTESIAN_POINT('Ctrl Pts',(136.896955932958,-116.588638089366,0.200000000000015));
#12812=CARTESIAN_POINT('Ctrl Pts',(136.896955932958,-116.588638089366,-2.79999999999999));
#12813=CARTESIAN_POINT('Ctrl Pts',(136.877857106994,-116.630771250151,0.200000000000015));
#12814=CARTESIAN_POINT('Ctrl Pts',(136.877857106994,-116.630771250151,-2.79999999999999));
#12815=CARTESIAN_POINT('',(136.943341153931,-116.362694740914,1.46435191578944E-14));
#12816=CARTESIAN_POINT('Ctrl Pts',(136.943341153931,-116.362694740914,1.46435191578944E-14));
#12817=CARTESIAN_POINT('Ctrl Pts',(136.940737974114,-116.409951385866,1.46681281037183E-14));
#12818=CARTESIAN_POINT('Ctrl Pts',(136.93558973466,-116.503409595117,1.47167965613237E-14));
#12819=CARTESIAN_POINT('Ctrl Pts',(136.896955932958,-116.588638089366,1.47843001406798E-14));
#12820=CARTESIAN_POINT('Ctrl Pts',(136.877857106994,-116.630771250151,1.48176708896087E-14));
#12821=CARTESIAN_POINT('',(136.943341153931,-116.362694740914,-2.79999999999999));
#12822=CARTESIAN_POINT('',(136.943341153931,-116.362694740914,0.200000000000015));
#12823=CARTESIAN_POINT('Ctrl Pts',(136.943341153931,-116.362694740914,-2.79999999999999));
#12824=CARTESIAN_POINT('Ctrl Pts',(136.940737974114,-116.409951385866,-2.79999999999999));
#12825=CARTESIAN_POINT('Ctrl Pts',(136.93558973466,-116.503409595117,-2.79999999999999));
#12826=CARTESIAN_POINT('Ctrl Pts',(136.896955932958,-116.588638089366,-2.79999999999999));
#12827=CARTESIAN_POINT('Ctrl Pts',(136.877857106994,-116.630771250151,-2.79999999999999));
#12828=CARTESIAN_POINT('Ctrl Pts',(136.863532918762,-116.070061714075,0.200000000000015));
#12829=CARTESIAN_POINT('Ctrl Pts',(136.863532918762,-116.070061714075,-2.79999999999999));
#12830=CARTESIAN_POINT('Ctrl Pts',(136.88680994461,-116.115706442243,0.200000000000015));
#12831=CARTESIAN_POINT('Ctrl Pts',(136.88680994461,-116.115706442243,-2.79999999999999));
#12832=CARTESIAN_POINT('Ctrl Pts',(136.933718063497,-116.207690201228,0.200000000000015));
#12833=CARTESIAN_POINT('Ctrl Pts',(136.933718063497,-116.207690201228,-2.79999999999999));
#12834=CARTESIAN_POINT('Ctrl Pts',(136.940117356285,-116.310767215799,0.200000000000015));
#12835=CARTESIAN_POINT('Ctrl Pts',(136.940117356285,-116.310767215799,-2.79999999999999));
#12836=CARTESIAN_POINT('Ctrl Pts',(136.943341153931,-116.362694740914,0.200000000000015));
#12837=CARTESIAN_POINT('Ctrl Pts',(136.943341153931,-116.362694740914,-2.79999999999999));
#12838=CARTESIAN_POINT('',(136.863532918762,-116.070061714075,1.45564809225513E-14));
#12839=CARTESIAN_POINT('Ctrl Pts',(136.863532918762,-116.070061714075,1.45564809225513E-14));
#12840=CARTESIAN_POINT('Ctrl Pts',(136.88680994461,-116.115706442243,1.45626801614776E-14));
#12841=CARTESIAN_POINT('Ctrl Pts',(136.933718063497,-116.207690201228,1.45751729461919E-14));
#12842=CARTESIAN_POINT('Ctrl Pts',(136.940117356285,-116.310767215799,1.46206227365004E-14));
#12843=CARTESIAN_POINT('Ctrl Pts',(136.943341153931,-116.362694740914,1.46435191578944E-14));
#12844=CARTESIAN_POINT('',(136.863532918762,-116.070061714075,-2.79999999999999));
#12845=CARTESIAN_POINT('',(136.863532918762,-116.070061714075,0.200000000000015));
#12846=CARTESIAN_POINT('Ctrl Pts',(136.863532918762,-116.070061714075,-2.79999999999999));
#12847=CARTESIAN_POINT('Ctrl Pts',(136.88680994461,-116.115706442243,-2.79999999999999));
#12848=CARTESIAN_POINT('Ctrl Pts',(136.933718063497,-116.207690201228,-2.79999999999999));
#12849=CARTESIAN_POINT('Ctrl Pts',(136.940117356285,-116.310767215799,-2.79999999999999));
#12850=CARTESIAN_POINT('Ctrl Pts',(136.943341153931,-116.362694740914,-2.79999999999999));
#12851=CARTESIAN_POINT('Ctrl Pts',(136.62615146048,-115.863376945875,0.200000000000015));
#12852=CARTESIAN_POINT('Ctrl Pts',(136.62615146048,-115.863376945875,-2.79999999999999));
#12853=CARTESIAN_POINT('Ctrl Pts',(136.674482947908,-115.890226620937,0.200000000000015));
#12854=CARTESIAN_POINT('Ctrl Pts',(136.674482947908,-115.890226620937,-2.79999999999999));
#12855=CARTESIAN_POINT('Ctrl Pts',(136.768329855585,-115.942361556374,0.200000000000015));
#12856=CARTESIAN_POINT('Ctrl Pts',(136.768329855585,-115.942361556374,-2.79999999999999));
#12857=CARTESIAN_POINT('Ctrl Pts',(136.832439814234,-116.028355132174,0.200000000000015));
#12858=CARTESIAN_POINT('Ctrl Pts',(136.832439814234,-116.028355132174,-2.79999999999999));
#12859=CARTESIAN_POINT('Ctrl Pts',(136.863532918762,-116.070061714075,0.200000000000015));
#12860=CARTESIAN_POINT('Ctrl Pts',(136.863532918762,-116.070061714075,-2.79999999999999));
#12861=CARTESIAN_POINT('',(136.62615146048,-115.863376945875,1.46183210857664E-14));
#12862=CARTESIAN_POINT('Ctrl Pts',(136.62615146048,-115.863376945875,1.46183210857664E-14));
#12863=CARTESIAN_POINT('Ctrl Pts',(136.674482947908,-115.890226620937,1.45983698533511E-14));
#12864=CARTESIAN_POINT('Ctrl Pts',(136.768329855585,-115.942361556374,1.45596298667944E-14));
#12865=CARTESIAN_POINT('Ctrl Pts',(136.832439814234,-116.028355132174,1.45575093603428E-14));
#12866=CARTESIAN_POINT('Ctrl Pts',(136.863532918762,-116.070061714075,1.45564809225513E-14));
#12867=CARTESIAN_POINT('',(136.62615146048,-115.863376945875,-2.79999999999999));
#12868=CARTESIAN_POINT('',(136.62615146048,-115.863376945875,0.200000000000015));
#12869=CARTESIAN_POINT('Ctrl Pts',(136.62615146048,-115.863376945875,-2.79999999999999));
#12870=CARTESIAN_POINT('Ctrl Pts',(136.674482947908,-115.890226620937,-2.79999999999999));
#12871=CARTESIAN_POINT('Ctrl Pts',(136.768329855585,-115.942361556374,-2.79999999999999));
#12872=CARTESIAN_POINT('Ctrl Pts',(136.832439814234,-116.028355132174,-2.79999999999999));
#12873=CARTESIAN_POINT('Ctrl Pts',(136.863532918762,-116.070061714075,-2.79999999999999));
#12874=CARTESIAN_POINT('Ctrl Pts',(136.063395398926,-115.687387824677,0.200000000000015));
#12875=CARTESIAN_POINT('Ctrl Pts',(136.063395398926,-115.687387824677,-2.79999999999999));
#12876=CARTESIAN_POINT('Ctrl Pts',(136.17872891551,-115.71629403187,0.200000000000015));
#12877=CARTESIAN_POINT('Ctrl Pts',(136.17872891551,-115.71629403187,-2.79999999999999));
#12878=CARTESIAN_POINT('Ctrl Pts',(136.36978634151,-115.764179032739,0.200000000000015));
#12879=CARTESIAN_POINT('Ctrl Pts',(136.36978634151,-115.764179032739,-2.79999999999999));
#12880=CARTESIAN_POINT('Ctrl Pts',(136.553384117082,-115.835220351724,0.200000000000015));
#12881=CARTESIAN_POINT('Ctrl Pts',(136.553384117082,-115.835220351724,-2.79999999999999));
#12882=CARTESIAN_POINT('Ctrl Pts',(136.62615146048,-115.863376945875,0.200000000000015));
#12883=CARTESIAN_POINT('Ctrl Pts',(136.62615146048,-115.863376945875,-2.79999999999999));
#12884=CARTESIAN_POINT('',(136.063395398926,-115.687387824677,1.49166542830134E-14));
#12885=CARTESIAN_POINT('Ctrl Pts',(136.063395398926,-115.687387824677,1.49166542830134E-14));
#12886=CARTESIAN_POINT('Ctrl Pts',(136.17872891551,-115.71629403187,1.48520519528018E-14));
#12887=CARTESIAN_POINT('Ctrl Pts',(136.36978634151,-115.764179032739,1.47450340093508E-14));
#12888=CARTESIAN_POINT('Ctrl Pts',(136.553384117082,-115.835220351724,1.46542876101756E-14));
#12889=CARTESIAN_POINT('Ctrl Pts',(136.62615146048,-115.863376945875,1.46183210857664E-14));
#12890=CARTESIAN_POINT('',(136.063395398926,-115.687387824677,-2.79999999999999));
#12891=CARTESIAN_POINT('',(136.063395398926,-115.687387824677,0.200000000000015));
#12892=CARTESIAN_POINT('Ctrl Pts',(136.063395398926,-115.687387824677,-2.79999999999999));
#12893=CARTESIAN_POINT('Ctrl Pts',(136.17872891551,-115.71629403187,-2.79999999999999));
#12894=CARTESIAN_POINT('Ctrl Pts',(136.36978634151,-115.764179032739,-2.79999999999999));
#12895=CARTESIAN_POINT('Ctrl Pts',(136.553384117082,-115.835220351724,-2.79999999999999));
#12896=CARTESIAN_POINT('Ctrl Pts',(136.62615146048,-115.863376945875,-2.79999999999999));
#12897=CARTESIAN_POINT('Ctrl Pts',(135.686860936951,-115.562558338664,0.200000000000015));
#12898=CARTESIAN_POINT('Ctrl Pts',(135.686860936951,-115.562558338664,-2.79999999999999));
#12899=CARTESIAN_POINT('Ctrl Pts',(135.730503620476,-115.582157039272,0.200000000000015));
#12900=CARTESIAN_POINT('Ctrl Pts',(135.730503620476,-115.582157039272,-2.79999999999999));
#12901=CARTESIAN_POINT('Ctrl Pts',(135.851542491885,-115.636512189116,0.200000000000015));
#12902=CARTESIAN_POINT('Ctrl Pts',(135.851542491885,-115.636512189116,-2.79999999999999));
#12903=CARTESIAN_POINT('Ctrl Pts',(135.980765809903,-115.667544656526,0.200000000000015));
#12904=CARTESIAN_POINT('Ctrl Pts',(135.980765809903,-115.667544656526,-2.79999999999999));
#12905=CARTESIAN_POINT('Ctrl Pts',(136.063395398926,-115.687387824677,0.200000000000015));
#12906=CARTESIAN_POINT('Ctrl Pts',(136.063395398926,-115.687387824677,-2.79999999999999));
#12907=CARTESIAN_POINT('',(135.686860936951,-115.562558338664,1.51128463124595E-14));
#12908=CARTESIAN_POINT('Ctrl Pts',(135.686860936951,-115.562558338664,1.51128463124595E-14));
#12909=CARTESIAN_POINT('Ctrl Pts',(135.730503620476,-115.582157039272,1.50925854663409E-14));
#12910=CARTESIAN_POINT('Ctrl Pts',(135.851542491885,-115.636512189116,1.50363939168696E-14));
#12911=CARTESIAN_POINT('Ctrl Pts',(135.980765809903,-115.667544656526,1.49633566729234E-14));
#12912=CARTESIAN_POINT('Ctrl Pts',(136.063395398926,-115.687387824677,1.49166542830134E-14));
#12913=CARTESIAN_POINT('',(135.686860936951,-115.562558338664,-2.79999999999999));
#12914=CARTESIAN_POINT('',(135.686860936951,-115.562558338664,0.200000000000015));
#12915=CARTESIAN_POINT('Ctrl Pts',(135.686860936951,-115.562558338664,-2.79999999999999));
#12916=CARTESIAN_POINT('Ctrl Pts',(135.730503620476,-115.582157039272,-2.79999999999999));
#12917=CARTESIAN_POINT('Ctrl Pts',(135.851542491885,-115.636512189116,-2.79999999999999));
#12918=CARTESIAN_POINT('Ctrl Pts',(135.980765809903,-115.667544656526,-2.79999999999999));
#12919=CARTESIAN_POINT('Ctrl Pts',(136.063395398926,-115.687387824677,-2.79999999999999));
#12920=CARTESIAN_POINT('Ctrl Pts',(135.578404325317,-115.366105378292,0.200000000000015));
#12921=CARTESIAN_POINT('Ctrl Pts',(135.578404325317,-115.366105378292,-2.79999999999999));
#12922=CARTESIAN_POINT('Ctrl Pts',(135.583138737378,-115.405639006173,0.200000000000015));
#12923=CARTESIAN_POINT('Ctrl Pts',(135.583138737378,-115.405639006173,-2.79999999999999));
#12924=CARTESIAN_POINT('Ctrl Pts',(135.592723864919,-115.4856774271,0.200000000000015));
#12925=CARTESIAN_POINT('Ctrl Pts',(135.592723864919,-115.4856774271,-2.79999999999999));
#12926=CARTESIAN_POINT('Ctrl Pts',(135.655229105552,-115.536724902592,0.200000000000015));
#12927=CARTESIAN_POINT('Ctrl Pts',(135.655229105552,-115.536724902592,-2.79999999999999));
#12928=CARTESIAN_POINT('Ctrl Pts',(135.686860936951,-115.562558338664,0.200000000000015));
#12929=CARTESIAN_POINT('Ctrl Pts',(135.686860936951,-115.562558338664,-2.79999999999999));
#12930=CARTESIAN_POINT('',(135.578404325317,-115.366105378292,1.50918011833149E-14));
#12931=CARTESIAN_POINT('Ctrl Pts',(135.578404325317,-115.366105378292,1.50918011833149E-14));
#12932=CARTESIAN_POINT('Ctrl Pts',(135.583138737378,-115.405639006173,1.51076794776557E-14));
#12933=CARTESIAN_POINT('Ctrl Pts',(135.592723864919,-115.4856774271,1.5139826127491E-14));
#12934=CARTESIAN_POINT('Ctrl Pts',(135.655229105552,-115.536724902592,1.51219120341292E-14));
#12935=CARTESIAN_POINT('Ctrl Pts',(135.686860936951,-115.562558338664,1.51128463124595E-14));
#12936=CARTESIAN_POINT('',(135.578404325317,-115.366105378292,-2.79999999999999));
#12937=CARTESIAN_POINT('',(135.578404325317,-115.366105378292,0.200000000000015));
#12938=CARTESIAN_POINT('Ctrl Pts',(135.578404325317,-115.366105378292,-2.79999999999999));
#12939=CARTESIAN_POINT('Ctrl Pts',(135.583138737378,-115.405639006173,-2.79999999999999));
#12940=CARTESIAN_POINT('Ctrl Pts',(135.592723864919,-115.4856774271,-2.79999999999999));
#12941=CARTESIAN_POINT('Ctrl Pts',(135.655229105552,-115.536724902592,-2.79999999999999));
#12942=CARTESIAN_POINT('Ctrl Pts',(135.686860936951,-115.562558338664,-2.79999999999999));
#12943=CARTESIAN_POINT('Ctrl Pts',(135.701185125183,-115.122585684679,0.200000000000015));
#12944=CARTESIAN_POINT('Ctrl Pts',(135.701185125183,-115.122585684679,-2.79999999999999));
#12945=CARTESIAN_POINT('Ctrl Pts',(135.665393047983,-115.157765175555,0.200000000000015));
#12946=CARTESIAN_POINT('Ctrl Pts',(135.665393047983,-115.157765175555,-2.79999999999999));
#12947=CARTESIAN_POINT('Ctrl Pts',(135.596704960865,-115.225277656613,0.200000000000015));
#12948=CARTESIAN_POINT('Ctrl Pts',(135.596704960865,-115.225277656613,-2.79999999999999));
#12949=CARTESIAN_POINT('Ctrl Pts',(135.584330625851,-115.320501093131,0.200000000000015));
#12950=CARTESIAN_POINT('Ctrl Pts',(135.584330625851,-115.320501093131,-2.79999999999999));
#12951=CARTESIAN_POINT('Ctrl Pts',(135.578404325317,-115.366105378292,0.200000000000015));
#12952=CARTESIAN_POINT('Ctrl Pts',(135.578404325317,-115.366105378292,-2.79999999999999));
#12953=CARTESIAN_POINT('',(135.701185125183,-115.122585684679,1.48904827020225E-14));
#12954=CARTESIAN_POINT('Ctrl Pts',(135.701185125183,-115.122585684679,1.48904827020225E-14));
#12955=CARTESIAN_POINT('Ctrl Pts',(135.665393047983,-115.157765175555,1.49318654851414E-14));
#12956=CARTESIAN_POINT('Ctrl Pts',(135.596704960865,-115.225277656613,1.50112826242597E-14));
#12957=CARTESIAN_POINT('Ctrl Pts',(135.584330625851,-115.320501093131,1.50657268291332E-14));
#12958=CARTESIAN_POINT('Ctrl Pts',(135.578404325317,-115.366105378292,1.50918011833149E-14));
#12959=CARTESIAN_POINT('',(135.701185125183,-115.122585684679,-2.79999999999999));
#12960=CARTESIAN_POINT('',(135.701185125183,-115.122585684679,0.200000000000015));
#12961=CARTESIAN_POINT('Ctrl Pts',(135.701185125183,-115.122585684679,-2.79999999999999));
#12962=CARTESIAN_POINT('Ctrl Pts',(135.665393047983,-115.157765175555,-2.79999999999999));
#12963=CARTESIAN_POINT('Ctrl Pts',(135.596704960865,-115.225277656613,-2.79999999999999));
#12964=CARTESIAN_POINT('Ctrl Pts',(135.584330625851,-115.320501093131,-2.79999999999999));
#12965=CARTESIAN_POINT('Ctrl Pts',(135.578404325317,-115.366105378292,-2.79999999999999));
#12966=CARTESIAN_POINT('Ctrl Pts',(136.077721971344,-115.020266414307,0.200000000000015));
#12967=CARTESIAN_POINT('Ctrl Pts',(136.077721971344,-115.020266414307,-2.79999999999999));
#12968=CARTESIAN_POINT('Ctrl Pts',(136.002038590663,-115.021968219923,0.200000000000015));
#12969=CARTESIAN_POINT('Ctrl Pts',(136.002038590663,-115.021968219923,-2.79999999999999));
#12970=CARTESIAN_POINT('Ctrl Pts',(135.867360454297,-115.024996573134,0.200000000000015));
#12971=CARTESIAN_POINT('Ctrl Pts',(135.867360454297,-115.024996573134,-2.79999999999999));
#12972=CARTESIAN_POINT('Ctrl Pts',(135.751803840266,-115.092859037175,0.200000000000015));
#12973=CARTESIAN_POINT('Ctrl Pts',(135.751803840266,-115.092859037175,-2.79999999999999));
#12974=CARTESIAN_POINT('Ctrl Pts',(135.701185125183,-115.122585684679,0.200000000000015));
#12975=CARTESIAN_POINT('Ctrl Pts',(135.701185125183,-115.122585684679,-2.79999999999999));
#12976=CARTESIAN_POINT('',(136.077721971344,-115.020266414307,1.45845253355747E-14));
#12977=CARTESIAN_POINT('Ctrl Pts',(136.077721971344,-115.020266414307,1.45845253355747E-14));
#12978=CARTESIAN_POINT('Ctrl Pts',(136.002038590663,-115.021968219923,1.46369066926213E-14));
#12979=CARTESIAN_POINT('Ctrl Pts',(135.867360454297,-115.024996573134,1.47301190206001E-14));
#12980=CARTESIAN_POINT('Ctrl Pts',(135.751803840266,-115.092859037175,1.48416342747312E-14));
#12981=CARTESIAN_POINT('Ctrl Pts',(135.701185125183,-115.122585684679,1.48904827020225E-14));
#12982=CARTESIAN_POINT('',(136.077721971344,-115.020266414307,-2.79999999999999));
#12983=CARTESIAN_POINT('',(136.077721971344,-115.020266414307,0.200000000000015));
#12984=CARTESIAN_POINT('Ctrl Pts',(136.077721971344,-115.020266414307,-2.79999999999999));
#12985=CARTESIAN_POINT('Ctrl Pts',(136.002038590663,-115.021968219923,-2.79999999999999));
#12986=CARTESIAN_POINT('Ctrl Pts',(135.867360454297,-115.024996573134,-2.79999999999999));
#12987=CARTESIAN_POINT('Ctrl Pts',(135.751803840266,-115.092859037175,-2.79999999999999));
#12988=CARTESIAN_POINT('Ctrl Pts',(135.701185125183,-115.122585684679,-2.79999999999999));
#12989=CARTESIAN_POINT('Ctrl Pts',(136.47062625296,-115.136910319947,0.200000000000014));
#12990=CARTESIAN_POINT('Ctrl Pts',(136.47062625296,-115.136910319947,-2.79999999999999));
#12991=CARTESIAN_POINT('Ctrl Pts',(136.415853349131,-115.102955503571,0.200000000000014));
#12992=CARTESIAN_POINT('Ctrl Pts',(136.415853349131,-115.102955503571,-2.79999999999999));
#12993=CARTESIAN_POINT('Ctrl Pts',(136.295989146769,-115.028649291982,0.200000000000014));
#12994=CARTESIAN_POINT('Ctrl Pts',(136.295989146769,-115.028649291982,-2.79999999999999));
#12995=CARTESIAN_POINT('Ctrl Pts',(136.154536631123,-115.023216596327,0.200000000000015));
#12996=CARTESIAN_POINT('Ctrl Pts',(136.154536631123,-115.023216596327,-2.79999999999999));
#12997=CARTESIAN_POINT('Ctrl Pts',(136.077721971344,-115.020266414307,0.200000000000015));
#12998=CARTESIAN_POINT('Ctrl Pts',(136.077721971344,-115.020266414307,-2.79999999999999));
#12999=CARTESIAN_POINT('',(136.47062625296,-115.136910319947,1.43732259647983E-14));
#13000=CARTESIAN_POINT('Ctrl Pts',(136.47062625296,-115.136910319947,1.43732259647983E-14));
#13001=CARTESIAN_POINT('Ctrl Pts',(136.415853349131,-115.102955503571,1.43941320076587E-14));
#13002=CARTESIAN_POINT('Ctrl Pts',(136.295989146769,-115.028649291982,1.44398824863917E-14));
#13003=CARTESIAN_POINT('Ctrl Pts',(136.154536631123,-115.023216596327,1.4533621248656E-14));
#13004=CARTESIAN_POINT('Ctrl Pts',(136.077721971344,-115.020266414307,1.45845253355747E-14));
#13005=CARTESIAN_POINT('',(136.47062625296,-115.136910319947,-2.79999999999999));
#13006=CARTESIAN_POINT('',(136.47062625296,-115.136910319947,0.200000000000014));
#13007=CARTESIAN_POINT('Ctrl Pts',(136.47062625296,-115.136910319947,-2.79999999999999));
#13008=CARTESIAN_POINT('Ctrl Pts',(136.415853349131,-115.102955503571,-2.79999999999999));
#13009=CARTESIAN_POINT('Ctrl Pts',(136.295989146769,-115.028649291982,-2.79999999999999));
#13010=CARTESIAN_POINT('Ctrl Pts',(136.154536631123,-115.023216596327,-2.79999999999999));
#13011=CARTESIAN_POINT('Ctrl Pts',(136.077721971344,-115.020266414307,-2.79999999999999));
#13012=CARTESIAN_POINT('Ctrl Pts',(136.640478032898,-115.472517401598,0.200000000000014));
#13013=CARTESIAN_POINT('Ctrl Pts',(136.640478032898,-115.472517401598,-2.79999999999999));
#13014=CARTESIAN_POINT('Ctrl Pts',(136.627101884925,-115.404996051222,0.200000000000014));
#13015=CARTESIAN_POINT('Ctrl Pts',(136.627101884925,-115.404996051222,-2.79999999999999));
#13016=CARTESIAN_POINT('Ctrl Pts',(136.601727091968,-115.276906836789,0.200000000000014));
#13017=CARTESIAN_POINT('Ctrl Pts',(136.601727091968,-115.276906836789,-2.79999999999999));
#13018=CARTESIAN_POINT('Ctrl Pts',(136.512715836125,-115.181855837329,0.200000000000014));
#13019=CARTESIAN_POINT('Ctrl Pts',(136.512715836125,-115.181855837329,-2.79999999999999));
#13020=CARTESIAN_POINT('Ctrl Pts',(136.47062625296,-115.136910319947,0.200000000000014));
#13021=CARTESIAN_POINT('Ctrl Pts',(136.47062625296,-115.136910319947,-2.79999999999999));
#13022=CARTESIAN_POINT('',(136.640478032898,-115.472517401598,1.44196884806025E-14));
#13023=CARTESIAN_POINT('Ctrl Pts',(136.640478032898,-115.472517401598,1.44196884806025E-14));
#13024=CARTESIAN_POINT('Ctrl Pts',(136.627101884925,-115.404996051222,1.43961729931021E-14));
#13025=CARTESIAN_POINT('Ctrl Pts',(136.601727091968,-115.276906836789,1.43515636968782E-14));
#13026=CARTESIAN_POINT('Ctrl Pts',(136.512715836125,-115.181855837329,1.43662713528083E-14));
#13027=CARTESIAN_POINT('Ctrl Pts',(136.47062625296,-115.136910319947,1.43732259647983E-14));
#13028=CARTESIAN_POINT('',(136.640478032898,-115.472517401598,-2.79999999999999));
#13029=CARTESIAN_POINT('',(136.640478032898,-115.472517401598,0.200000000000014));
#13030=CARTESIAN_POINT('Ctrl Pts',(136.640478032898,-115.472517401598,-2.79999999999999));
#13031=CARTESIAN_POINT('Ctrl Pts',(136.627101884925,-115.404996051222,-2.79999999999999));
#13032=CARTESIAN_POINT('Ctrl Pts',(136.601727091968,-115.276906836789,-2.79999999999999));
#13033=CARTESIAN_POINT('Ctrl Pts',(136.512715836125,-115.181855837329,-2.79999999999999));
#13034=CARTESIAN_POINT('Ctrl Pts',(136.47062625296,-115.136910319947,-2.79999999999999));
#13035=CARTESIAN_POINT('Origin',(137.004733938049,-115.415218637012,0.200000000000014));
#13036=CARTESIAN_POINT('',(136.887359234802,-115.433682100183,0.));
#13037=CARTESIAN_POINT('',(137.004733938049,-115.415218637012,-2.79999999999999));
#13038=CARTESIAN_POINT('Origin',(142.440954479646,-113.509011358641,-2.79999999999999));
#13039=CARTESIAN_POINT('Ctrl Pts',(148.191295820545,-111.453417629622,0.200000000000005));
#13040=CARTESIAN_POINT('Ctrl Pts',(148.191295820545,-111.453417629622,-2.8));
#13041=CARTESIAN_POINT('Ctrl Pts',(148.191294406903,-111.51708966201,0.200000000000005));
#13042=CARTESIAN_POINT('Ctrl Pts',(148.191294406903,-111.51708966201,-2.8));
#13043=CARTESIAN_POINT('Ctrl Pts',(148.191292023566,-111.624437857525,0.200000000000005));
#13044=CARTESIAN_POINT('Ctrl Pts',(148.191292023566,-111.624437857525,-2.8));
#13045=CARTESIAN_POINT('Ctrl Pts',(148.217477113214,-111.728335192412,0.200000000000005));
#13046=CARTESIAN_POINT('Ctrl Pts',(148.217477113214,-111.728335192412,-2.8));
#13047=CARTESIAN_POINT('Ctrl Pts',(148.22813089497,-111.770607323073,0.200000000000005));
#13048=CARTESIAN_POINT('Ctrl Pts',(148.22813089497,-111.770607323073,-2.8));
#13049=CARTESIAN_POINT('',(148.191295820545,-111.453417629622,4.6086141015468E-15));
#13050=CARTESIAN_POINT('',(148.22813089497,-111.770607323073,4.73679400099621E-15));
#13051=CARTESIAN_POINT('Ctrl Pts',(148.191295820545,-111.453417629622,4.6086141015468E-15));
#13052=CARTESIAN_POINT('Ctrl Pts',(148.191294406903,-111.51708966201,4.63938291249986E-15));
#13053=CARTESIAN_POINT('Ctrl Pts',(148.191292023566,-111.624437857525,4.69125774963419E-15));
#13054=CARTESIAN_POINT('Ctrl Pts',(148.217477113214,-111.728335192412,4.72362494236441E-15));
#13055=CARTESIAN_POINT('Ctrl Pts',(148.22813089497,-111.770607323073,4.73679400099621E-15));
#13056=CARTESIAN_POINT('',(148.191295820545,-111.453417629622,-2.8));
#13057=CARTESIAN_POINT('',(148.191295820545,-111.453417629622,0.200000000000005));
#13058=CARTESIAN_POINT('',(148.22813089497,-111.770607323073,-2.8));
#13059=CARTESIAN_POINT('Ctrl Pts',(148.191295820545,-111.453417629622,-2.8));
#13060=CARTESIAN_POINT('Ctrl Pts',(148.191294406903,-111.51708966201,-2.8));
#13061=CARTESIAN_POINT('Ctrl Pts',(148.191292023566,-111.624437857525,-2.8));
#13062=CARTESIAN_POINT('Ctrl Pts',(148.217477113214,-111.728335192412,-2.8));
#13063=CARTESIAN_POINT('Ctrl Pts',(148.22813089497,-111.770607323073,-2.8));
#13064=CARTESIAN_POINT('',(148.22813089497,-111.770607323073,0.200000000000005));
#13065=CARTESIAN_POINT('Ctrl Pts',(148.22813089497,-111.770607323073,0.200000000000005));
#13066=CARTESIAN_POINT('Ctrl Pts',(148.22813089497,-111.770607323073,-2.8));
#13067=CARTESIAN_POINT('Ctrl Pts',(148.242471536198,-111.801898742312,0.200000000000005));
#13068=CARTESIAN_POINT('Ctrl Pts',(148.242471536198,-111.801898742312,-2.8));
#13069=CARTESIAN_POINT('Ctrl Pts',(148.271674179848,-111.86561919601,0.200000000000005));
#13070=CARTESIAN_POINT('Ctrl Pts',(148.271674179848,-111.86561919601,-2.8));
#13071=CARTESIAN_POINT('Ctrl Pts',(148.328256706143,-111.907079038831,0.200000000000005));
#13072=CARTESIAN_POINT('Ctrl Pts',(148.328256706143,-111.907079038831,-2.8));
#13073=CARTESIAN_POINT('Ctrl Pts',(148.35705305941,-111.928179056071,0.200000000000005));
#13074=CARTESIAN_POINT('Ctrl Pts',(148.35705305941,-111.928179056071,-2.8));
#13075=CARTESIAN_POINT('',(148.35705305941,-111.928179056071,4.72510871413179E-15));
#13076=CARTESIAN_POINT('Ctrl Pts',(148.22813089497,-111.770607323073,4.73679400099621E-15));
#13077=CARTESIAN_POINT('Ctrl Pts',(148.242471536198,-111.801898742312,4.74214525985348E-15));
#13078=CARTESIAN_POINT('Ctrl Pts',(148.271674179848,-111.86561919601,4.75304231804039E-15));
#13079=CARTESIAN_POINT('Ctrl Pts',(148.328256706143,-111.907079038831,4.73453008210591E-15));
#13080=CARTESIAN_POINT('Ctrl Pts',(148.35705305941,-111.928179056071,4.72510871413179E-15));
#13081=CARTESIAN_POINT('',(148.35705305941,-111.928179056071,-2.8));
#13082=CARTESIAN_POINT('Ctrl Pts',(148.22813089497,-111.770607323073,-2.8));
#13083=CARTESIAN_POINT('Ctrl Pts',(148.242471536198,-111.801898742312,-2.8));
#13084=CARTESIAN_POINT('Ctrl Pts',(148.271674179848,-111.86561919601,-2.8));
#13085=CARTESIAN_POINT('Ctrl Pts',(148.328256706143,-111.907079038831,-2.8));
#13086=CARTESIAN_POINT('Ctrl Pts',(148.35705305941,-111.928179056071,-2.8));
#13087=CARTESIAN_POINT('',(148.35705305941,-111.928179056071,0.200000000000005));
#13088=CARTESIAN_POINT('Ctrl Pts',(148.35705305941,-111.928179056071,0.200000000000005));
#13089=CARTESIAN_POINT('Ctrl Pts',(148.35705305941,-111.928179056071,-2.8));
#13090=CARTESIAN_POINT('Ctrl Pts',(148.390483801708,-111.945482154001,0.200000000000005));
#13091=CARTESIAN_POINT('Ctrl Pts',(148.390483801708,-111.945482154001,-2.8));
#13092=CARTESIAN_POINT('Ctrl Pts',(148.459752194152,-111.981334118256,0.200000000000005));
#13093=CARTESIAN_POINT('Ctrl Pts',(148.459752194152,-111.981334118256,-2.8));
#13094=CARTESIAN_POINT('Ctrl Pts',(148.537722710823,-111.985413537867,0.200000000000005));
#13095=CARTESIAN_POINT('Ctrl Pts',(148.537722710823,-111.985413537867,-2.8));
#13096=CARTESIAN_POINT('Ctrl Pts',(148.578062611889,-111.987524122618,0.200000000000005));
#13097=CARTESIAN_POINT('Ctrl Pts',(148.578062611889,-111.987524122618,-2.8));
#13098=CARTESIAN_POINT('',(148.578062611889,-111.987524122618,4.6032237790851E-15));
#13099=CARTESIAN_POINT('Ctrl Pts',(148.35705305941,-111.928179056071,4.72510871413179E-15));
#13100=CARTESIAN_POINT('Ctrl Pts',(148.390483801708,-111.945482154001,4.7106954228303E-15));
#13101=CARTESIAN_POINT('Ctrl Pts',(148.459752194152,-111.981334118256,4.68083112974116E-15));
#13102=CARTESIAN_POINT('Ctrl Pts',(148.537722710823,-111.985413537867,4.62968529515247E-15));
#13103=CARTESIAN_POINT('Ctrl Pts',(148.578062611889,-111.987524122618,4.6032237790851E-15));
#13104=CARTESIAN_POINT('',(148.578062611889,-111.987524122618,-2.8));
#13105=CARTESIAN_POINT('Ctrl Pts',(148.35705305941,-111.928179056071,-2.8));
#13106=CARTESIAN_POINT('Ctrl Pts',(148.390483801708,-111.945482154001,-2.8));
#13107=CARTESIAN_POINT('Ctrl Pts',(148.459752194152,-111.981334118256,-2.8));
#13108=CARTESIAN_POINT('Ctrl Pts',(148.537722710823,-111.985413537867,-2.8));
#13109=CARTESIAN_POINT('Ctrl Pts',(148.578062611889,-111.987524122618,-2.8));
#13110=CARTESIAN_POINT('',(148.578062611889,-111.987524122618,0.200000000000005));
#13111=CARTESIAN_POINT('Ctrl Pts',(148.578062611889,-111.987524122618,0.200000000000005));
#13112=CARTESIAN_POINT('Ctrl Pts',(148.578062611889,-111.987524122618,-2.8));
#13113=CARTESIAN_POINT('Ctrl Pts',(148.650769919104,-111.981580426463,0.200000000000005));
#13114=CARTESIAN_POINT('Ctrl Pts',(148.650769919104,-111.981580426463,-2.8));
#13115=CARTESIAN_POINT('Ctrl Pts',(148.793727316569,-111.969893907374,0.200000000000004));
#13116=CARTESIAN_POINT('Ctrl Pts',(148.793727316569,-111.969893907374,-2.8));
#13117=CARTESIAN_POINT('Ctrl Pts',(148.904336254364,-111.878806378174,0.200000000000004));
#13118=CARTESIAN_POINT('Ctrl Pts',(148.904336254364,-111.878806378174,-2.8));
#13119=CARTESIAN_POINT('Ctrl Pts',(148.958690124821,-111.834045440577,0.200000000000004));
#13120=CARTESIAN_POINT('Ctrl Pts',(148.958690124821,-111.834045440577,-2.8));
#13121=CARTESIAN_POINT('',(148.958690124821,-111.834045440577,4.26975821117415E-15));
#13122=CARTESIAN_POINT('Ctrl Pts',(148.578062611889,-111.987524122618,4.6032237790851E-15));
#13123=CARTESIAN_POINT('Ctrl Pts',(148.650769919104,-111.981580426463,4.55082007575432E-15));
#13124=CARTESIAN_POINT('Ctrl Pts',(148.793727316569,-111.969893907374,4.44778370414327E-15));
#13125=CARTESIAN_POINT('Ctrl Pts',(148.904336254364,-111.878806378174,4.32841612785476E-15));
#13126=CARTESIAN_POINT('Ctrl Pts',(148.958690124821,-111.834045440577,4.26975821117415E-15));
#13127=CARTESIAN_POINT('',(148.958690124821,-111.834045440577,-2.8));
#13128=CARTESIAN_POINT('Ctrl Pts',(148.578062611889,-111.987524122618,-2.8));
#13129=CARTESIAN_POINT('Ctrl Pts',(148.650769919104,-111.981580426463,-2.8));
#13130=CARTESIAN_POINT('Ctrl Pts',(148.793727316569,-111.969893907374,-2.8));
#13131=CARTESIAN_POINT('Ctrl Pts',(148.904336254364,-111.878806378174,-2.8));
#13132=CARTESIAN_POINT('Ctrl Pts',(148.958690124821,-111.834045440577,-2.8));
#13133=CARTESIAN_POINT('',(148.958690124821,-111.834045440577,0.200000000000004));
#13134=CARTESIAN_POINT('Ctrl Pts',(148.958690124821,-111.834045440577,0.200000000000004));
#13135=CARTESIAN_POINT('Ctrl Pts',(148.958690124821,-111.834045440577,-2.8));
#13136=CARTESIAN_POINT('Ctrl Pts',(149.002686499694,-111.770294950081,0.200000000000004));
#13137=CARTESIAN_POINT('Ctrl Pts',(149.002686499694,-111.770294950081,-2.8));
#13138=CARTESIAN_POINT('Ctrl Pts',(149.103082266669,-111.624822069492,0.200000000000004));
#13139=CARTESIAN_POINT('Ctrl Pts',(149.103082266669,-111.624822069492,-2.8));
#13140=CARTESIAN_POINT('Ctrl Pts',(149.10759017113,-111.446936590738,0.200000000000004));
#13141=CARTESIAN_POINT('Ctrl Pts',(149.10759017113,-111.446936590738,-2.8));
#13142=CARTESIAN_POINT('Ctrl Pts',(149.110122579407,-111.347005755328,0.200000000000004));
#13143=CARTESIAN_POINT('Ctrl Pts',(149.110122579407,-111.347005755328,-2.8));
#13144=CARTESIAN_POINT('',(149.110122579407,-111.347005755328,3.93124622114117E-15));
#13145=CARTESIAN_POINT('Ctrl Pts',(148.958690124821,-111.834045440577,4.26975821117415E-15));
#13146=CARTESIAN_POINT('Ctrl Pts',(149.002686499694,-111.770294950081,4.20898009409876E-15));
#13147=CARTESIAN_POINT('Ctrl Pts',(149.103082266669,-111.624822069492,4.07028989302964E-15));
#13148=CARTESIAN_POINT('Ctrl Pts',(149.10759017113,-111.446936590738,3.98126038166201E-15));
#13149=CARTESIAN_POINT('Ctrl Pts',(149.110122579407,-111.347005755328,3.93124622114117E-15));
#13150=CARTESIAN_POINT('',(149.110122579407,-111.347005755328,-2.8));
#13151=CARTESIAN_POINT('Ctrl Pts',(148.958690124821,-111.834045440577,-2.8));
#13152=CARTESIAN_POINT('Ctrl Pts',(149.002686499694,-111.770294950081,-2.8));
#13153=CARTESIAN_POINT('Ctrl Pts',(149.103082266669,-111.624822069492,-2.8));
#13154=CARTESIAN_POINT('Ctrl Pts',(149.10759017113,-111.446936590738,-2.8));
#13155=CARTESIAN_POINT('Ctrl Pts',(149.110122579407,-111.347005755328,-2.8));
#13156=CARTESIAN_POINT('',(149.110122579407,-111.347005755328,0.200000000000004));
#13157=CARTESIAN_POINT('Origin',(149.110122579407,-111.347005755328,0.200000000000004));
#13158=CARTESIAN_POINT('',(149.110122579407,-110.084386259936,3.3211182686791E-15));
#13159=CARTESIAN_POINT('',(149.110122579407,-93.1421931299679,0.));
#13160=CARTESIAN_POINT('',(149.110122579407,-110.084386259936,-2.8));
#13161=CARTESIAN_POINT('',(149.110122579407,-111.347005755328,-2.8));
#13162=CARTESIAN_POINT('',(149.110122579407,-110.084386259936,0.200000000000003));
#13163=CARTESIAN_POINT('Origin',(149.110122579407,-110.084386259936,0.200000000000003));
#13164=CARTESIAN_POINT('',(149.47847198255,-110.084386259936,3.07018168507904E-15));
#13165=CARTESIAN_POINT('',(140.223610991275,-110.084386259936,0.));
#13166=CARTESIAN_POINT('',(149.47847198255,-110.084386259936,-2.8));
#13167=CARTESIAN_POINT('',(149.110122579407,-110.084386259936,-2.8));
#13168=CARTESIAN_POINT('',(149.47847198255,-110.084386259936,0.200000000000003));
#13169=CARTESIAN_POINT('Origin',(149.47847198255,-110.084386259936,0.200000000000003));
#13170=CARTESIAN_POINT('',(149.47847198255,-111.496391684435,3.75249649018672E-15));
#13171=CARTESIAN_POINT('',(149.47847198255,-93.8481958422176,0.));
#13172=CARTESIAN_POINT('',(149.47847198255,-111.496391684435,-2.8));
#13173=CARTESIAN_POINT('',(149.47847198255,-110.084386259936,-2.8));
#13174=CARTESIAN_POINT('',(149.47847198255,-111.496391684435,0.200000000000004));
#13175=CARTESIAN_POINT('Ctrl Pts',(149.47847198255,-111.496391684435,0.200000000000004));
#13176=CARTESIAN_POINT('Ctrl Pts',(149.47847198255,-111.496391684435,-2.8));
#13177=CARTESIAN_POINT('Ctrl Pts',(149.479922871624,-111.569621705372,0.200000000000004));
#13178=CARTESIAN_POINT('Ctrl Pts',(149.479922871624,-111.569621705372,-2.8));
#13179=CARTESIAN_POINT('Ctrl Pts',(149.482499828528,-111.699687202016,0.200000000000004));
#13180=CARTESIAN_POINT('Ctrl Pts',(149.482499828528,-111.699687202016,-2.8));
#13181=CARTESIAN_POINT('Ctrl Pts',(149.542356797589,-111.814549077518,0.200000000000004));
#13182=CARTESIAN_POINT('Ctrl Pts',(149.542356797589,-111.814549077518,-2.8));
#13183=CARTESIAN_POINT('Ctrl Pts',(149.56851284511,-111.864740938567,0.200000000000004));
#13184=CARTESIAN_POINT('Ctrl Pts',(149.56851284511,-111.864740938567,-2.8));
#13185=CARTESIAN_POINT('',(149.56851284511,-111.864740938567,3.86915168334403E-15));
#13186=CARTESIAN_POINT('Ctrl Pts',(149.47847198255,-111.496391684435,3.75249649018672E-15));
#13187=CARTESIAN_POINT('Ctrl Pts',(149.479922871624,-111.569621705372,3.78689457675688E-15));
#13188=CARTESIAN_POINT('Ctrl Pts',(149.482499828528,-111.699687202016,3.84798979765599E-15));
#13189=CARTESIAN_POINT('Ctrl Pts',(149.542356797589,-111.814549077518,3.86271647460435E-15));
#13190=CARTESIAN_POINT('Ctrl Pts',(149.56851284511,-111.864740938567,3.86915168334403E-15));
#13191=CARTESIAN_POINT('',(149.56851284511,-111.864740938567,-2.8));
#13192=CARTESIAN_POINT('Ctrl Pts',(149.47847198255,-111.496391684435,-2.8));
#13193=CARTESIAN_POINT('Ctrl Pts',(149.479922871624,-111.569621705372,-2.8));
#13194=CARTESIAN_POINT('Ctrl Pts',(149.482499828528,-111.699687202016,-2.8));
#13195=CARTESIAN_POINT('Ctrl Pts',(149.542356797589,-111.814549077518,-2.8));
#13196=CARTESIAN_POINT('Ctrl Pts',(149.56851284511,-111.864740938567,-2.8));
#13197=CARTESIAN_POINT('',(149.56851284511,-111.864740938567,0.200000000000004));
#13198=CARTESIAN_POINT('Ctrl Pts',(149.56851284511,-111.864740938567,0.200000000000004));
#13199=CARTESIAN_POINT('Ctrl Pts',(149.56851284511,-111.864740938567,-2.8));
#13200=CARTESIAN_POINT('Ctrl Pts',(149.605845624147,-111.900482361798,0.200000000000004));
#13201=CARTESIAN_POINT('Ctrl Pts',(149.605845624147,-111.900482361798,-2.8));
#13202=CARTESIAN_POINT('Ctrl Pts',(149.687574222165,-111.978727177407,0.200000000000004));
#13203=CARTESIAN_POINT('Ctrl Pts',(149.687574222165,-111.978727177407,-2.8));
#13204=CARTESIAN_POINT('Ctrl Pts',(149.801374717762,-111.984427596216,0.200000000000004));
#13205=CARTESIAN_POINT('Ctrl Pts',(149.801374717762,-111.984427596216,-2.8));
#13206=CARTESIAN_POINT('Ctrl Pts',(149.863192322921,-111.987524122618,0.200000000000004));
#13207=CARTESIAN_POINT('Ctrl Pts',(149.863192322921,-111.987524122618,-2.8));
#13208=CARTESIAN_POINT('',(149.863192322921,-111.987524122618,3.72773421816449E-15));
#13209=CARTESIAN_POINT('Ctrl Pts',(149.56851284511,-111.864740938567,3.86915168334403E-15));
#13210=CARTESIAN_POINT('Ctrl Pts',(149.605845624147,-111.900482361798,3.86098998322983E-15));
#13211=CARTESIAN_POINT('Ctrl Pts',(149.687574222165,-111.978727177407,3.84312246427248E-15));
#13212=CARTESIAN_POINT('Ctrl Pts',(149.801374717762,-111.984427596216,3.76835090382321E-15));
#13213=CARTESIAN_POINT('Ctrl Pts',(149.863192322921,-111.987524122618,3.72773421816449E-15));
#13214=CARTESIAN_POINT('',(149.863192322921,-111.987524122618,-2.8));
#13215=CARTESIAN_POINT('Ctrl Pts',(149.56851284511,-111.864740938567,-2.8));
#13216=CARTESIAN_POINT('Ctrl Pts',(149.605845624147,-111.900482361798,-2.8));
#13217=CARTESIAN_POINT('Ctrl Pts',(149.687574222165,-111.978727177407,-2.8));
#13218=CARTESIAN_POINT('Ctrl Pts',(149.801374717762,-111.984427596216,-2.8));
#13219=CARTESIAN_POINT('Ctrl Pts',(149.863192322921,-111.987524122618,-2.8));
#13220=CARTESIAN_POINT('',(149.863192322921,-111.987524122618,0.200000000000004));
#13221=CARTESIAN_POINT('Ctrl Pts',(149.863192322921,-111.987524122618,0.200000000000004));
#13222=CARTESIAN_POINT('Ctrl Pts',(149.863192322921,-111.987524122618,-2.8));
#13223=CARTESIAN_POINT('Ctrl Pts',(149.914120886972,-111.984098294063,0.200000000000004));
#13224=CARTESIAN_POINT('Ctrl Pts',(149.914120886972,-111.984098294063,-2.8));
#13225=CARTESIAN_POINT('Ctrl Pts',(150.01609201194,-111.977238968688,0.200000000000004));
#13226=CARTESIAN_POINT('Ctrl Pts',(150.01609201194,-111.977238968688,-2.8));
#13227=CARTESIAN_POINT('Ctrl Pts',(150.106485334306,-111.929543273706,0.200000000000004));
#13228=CARTESIAN_POINT('Ctrl Pts',(150.106485334306,-111.929543273706,-2.8));
#13229=CARTESIAN_POINT('Ctrl Pts',(150.15173252232,-111.905668765925,0.200000000000004));
#13230=CARTESIAN_POINT('Ctrl Pts',(150.15173252232,-111.905668765925,-2.8));
#13231=CARTESIAN_POINT('',(150.15173252232,-111.905668765925,3.49161287360507E-15));
#13232=CARTESIAN_POINT('Ctrl Pts',(149.863192322921,-111.987524122618,3.72773421816449E-15));
#13233=CARTESIAN_POINT('Ctrl Pts',(149.914120886972,-111.984098294063,3.69138389022293E-15));
#13234=CARTESIAN_POINT('Ctrl Pts',(150.01609201194,-111.977238968688,3.61860187285478E-15));
#13235=CARTESIAN_POINT('Ctrl Pts',(150.106485334306,-111.929543273706,3.53397407490386E-15));
#13236=CARTESIAN_POINT('Ctrl Pts',(150.15173252232,-111.905668765925,3.49161287360507E-15));
#13237=CARTESIAN_POINT('',(150.15173252232,-111.905668765925,-2.8));
#13238=CARTESIAN_POINT('Ctrl Pts',(149.863192322921,-111.987524122618,-2.8));
#13239=CARTESIAN_POINT('Ctrl Pts',(149.914120886972,-111.984098294063,-2.8));
#13240=CARTESIAN_POINT('Ctrl Pts',(150.01609201194,-111.977238968688,-2.8));
#13241=CARTESIAN_POINT('Ctrl Pts',(150.106485334306,-111.929543273706,-2.8));
#13242=CARTESIAN_POINT('Ctrl Pts',(150.15173252232,-111.905668765925,-2.8));
#13243=CARTESIAN_POINT('',(150.15173252232,-111.905668765925,0.200000000000004));
#13244=CARTESIAN_POINT('Ctrl Pts',(150.15173252232,-111.905668765925,0.200000000000004));
#13245=CARTESIAN_POINT('Ctrl Pts',(150.15173252232,-111.905668765925,-2.8));
#13246=CARTESIAN_POINT('Ctrl Pts',(150.192621906765,-111.874639566384,0.200000000000003));
#13247=CARTESIAN_POINT('Ctrl Pts',(150.192621906765,-111.874639566384,-2.8));
#13248=CARTESIAN_POINT('Ctrl Pts',(150.276357862656,-111.811095942058,0.200000000000003));
#13249=CARTESIAN_POINT('Ctrl Pts',(150.276357862656,-111.811095942058,-2.8));
#13250=CARTESIAN_POINT('Ctrl Pts',(150.319811587521,-111.715272998174,0.200000000000003));
#13251=CARTESIAN_POINT('Ctrl Pts',(150.319811587521,-111.715272998174,-2.8));
#13252=CARTESIAN_POINT('Ctrl Pts',(150.342046278786,-111.666241676234,0.200000000000003));
#13253=CARTESIAN_POINT('Ctrl Pts',(150.342046278786,-111.666241676234,-2.8));
#13254=CARTESIAN_POINT('',(150.342046278786,-111.666241676234,3.24626547495777E-15));
#13255=CARTESIAN_POINT('Ctrl Pts',(150.15173252232,-111.905668765925,3.49161287360507E-15));
#13256=CARTESIAN_POINT('Ctrl Pts',(150.192621906765,-111.874639566384,3.44876308980567E-15));
#13257=CARTESIAN_POINT('Ctrl Pts',(150.276357862656,-111.811095942058,3.36101249892672E-15));
#13258=CARTESIAN_POINT('Ctrl Pts',(150.319811587521,-111.715272998174,3.28510588124091E-15));
#13259=CARTESIAN_POINT('Ctrl Pts',(150.342046278786,-111.666241676234,3.24626547495777E-15));
#13260=CARTESIAN_POINT('',(150.342046278786,-111.666241676234,-2.8));
#13261=CARTESIAN_POINT('Ctrl Pts',(150.15173252232,-111.905668765925,-2.8));
#13262=CARTESIAN_POINT('Ctrl Pts',(150.192621906765,-111.874639566384,-2.8));
#13263=CARTESIAN_POINT('Ctrl Pts',(150.276357862656,-111.811095942058,-2.8));
#13264=CARTESIAN_POINT('Ctrl Pts',(150.319811587521,-111.715272998174,-2.8));
#13265=CARTESIAN_POINT('Ctrl Pts',(150.342046278786,-111.666241676234,-2.8));
#13266=CARTESIAN_POINT('',(150.342046278786,-111.666241676234,0.200000000000003));
#13267=CARTESIAN_POINT('Ctrl Pts',(150.342046278786,-111.666241676234,0.200000000000003));
#13268=CARTESIAN_POINT('Ctrl Pts',(150.342046278786,-111.666241676234,-2.8));
#13269=CARTESIAN_POINT('Ctrl Pts',(150.359268905547,-111.602462691368,0.200000000000003));
#13270=CARTESIAN_POINT('Ctrl Pts',(150.359268905547,-111.602462691368,-2.8));
#13271=CARTESIAN_POINT('Ctrl Pts',(150.399376583429,-111.4539355813,0.200000000000003));
#13272=CARTESIAN_POINT('Ctrl Pts',(150.399376583429,-111.4539355813,-2.8));
#13273=CARTESIAN_POINT('Ctrl Pts',(150.400659483841,-111.299858754229,0.200000000000003));
#13274=CARTESIAN_POINT('Ctrl Pts',(150.400659483841,-111.299858754229,-2.8));
#13275=CARTESIAN_POINT('Ctrl Pts',(150.401391494345,-111.211944014452,0.200000000000003));
#13276=CARTESIAN_POINT('Ctrl Pts',(150.401391494345,-111.211944014452,-2.8));
#13277=CARTESIAN_POINT('',(150.401391494345,-111.211944014452,2.98630928087121E-15));
#13278=CARTESIAN_POINT('Ctrl Pts',(150.342046278786,-111.666241676234,3.24626547495777E-15));
#13279=CARTESIAN_POINT('Ctrl Pts',(150.359268905547,-111.602462691368,3.20371309981171E-15));
#13280=CARTESIAN_POINT('Ctrl Pts',(150.399376583429,-111.4539355813,3.10461804943204E-15));
#13281=CARTESIAN_POINT('Ctrl Pts',(150.400659483841,-111.299858754229,3.02929046644682E-15));
#13282=CARTESIAN_POINT('Ctrl Pts',(150.401391494345,-111.211944014452,2.98630928087121E-15));
#13283=CARTESIAN_POINT('',(150.401391494345,-111.211944014452,-2.8));
#13284=CARTESIAN_POINT('Ctrl Pts',(150.342046278786,-111.666241676234,-2.8));
#13285=CARTESIAN_POINT('Ctrl Pts',(150.359268905547,-111.602462691368,-2.8));
#13286=CARTESIAN_POINT('Ctrl Pts',(150.399376583429,-111.4539355813,-2.8));
#13287=CARTESIAN_POINT('Ctrl Pts',(150.400659483841,-111.299858754229,-2.8));
#13288=CARTESIAN_POINT('Ctrl Pts',(150.401391494345,-111.211944014452,-2.8));
#13289=CARTESIAN_POINT('',(150.401391494345,-111.211944014452,0.200000000000003));
#13290=CARTESIAN_POINT('Origin',(150.401391494345,-111.211944014452,0.200000000000003));
#13291=CARTESIAN_POINT('',(150.401391494345,-110.084386259936,2.44144639572746E-15));
#13292=CARTESIAN_POINT('',(150.401391494345,-93.1421931299679,0.));
#13293=CARTESIAN_POINT('',(150.401391494345,-110.084386259936,-2.8));
#13294=CARTESIAN_POINT('',(150.401391494345,-111.211944014452,-2.8));
#13295=CARTESIAN_POINT('',(150.401391494345,-110.084386259936,0.200000000000002));
#13296=CARTESIAN_POINT('Origin',(148.191295820545,-110.084386259936,0.200000000000004));
#13297=CARTESIAN_POINT('',(148.191295820545,-110.084386259936,3.94706538861175E-15));
#13298=CARTESIAN_POINT('',(148.191295820545,-93.8267088148109,0.));
#13299=CARTESIAN_POINT('',(148.191295820545,-110.084386259936,-2.8));
#13300=CARTESIAN_POINT('',(148.191295820545,-110.084386259936,0.200000000000004));
#13301=CARTESIAN_POINT('',(148.191295820545,-110.084386259936,-2.8));
#13302=CARTESIAN_POINT('Origin',(147.824992793869,-110.084386259936,0.200000000000004));
#13303=CARTESIAN_POINT('',(147.824992793869,-110.084386259936,4.19660788336645E-15));
#13304=CARTESIAN_POINT('',(139.580022910272,-110.084386259936,0.));
#13305=CARTESIAN_POINT('',(147.824992793869,-110.084386259936,-2.8));
#13306=CARTESIAN_POINT('',(147.824992793869,-110.084386259936,0.200000000000004));
#13307=CARTESIAN_POINT('',(147.824992793869,-110.084386259936,-2.8));
#13308=CARTESIAN_POINT('Origin',(147.824992793869,-111.576200813673,0.200000000000005));
#13309=CARTESIAN_POINT('',(147.824992793869,-111.576200813673,4.91748837153222E-15));
#13310=CARTESIAN_POINT('',(147.824992793869,-93.1421931299679,0.));
#13311=CARTESIAN_POINT('',(147.824992793869,-111.576200813673,-2.8));
#13312=CARTESIAN_POINT('',(147.824992793869,-111.576200813673,0.200000000000005));
#13313=CARTESIAN_POINT('',(147.824992793869,-111.576200813673,-2.8));
#13314=CARTESIAN_POINT('Ctrl Pts',(147.998935538601,-112.126678318404,0.200000000000005));
#13315=CARTESIAN_POINT('Ctrl Pts',(147.998935538601,-112.126678318404,-2.8));
#13316=CARTESIAN_POINT('Ctrl Pts',(147.948362752096,-112.053543435891,0.200000000000005));
#13317=CARTESIAN_POINT('Ctrl Pts',(147.948362752096,-112.053543435891,-2.8));
#13318=CARTESIAN_POINT('Ctrl Pts',(147.83459928413,-111.889026539772,0.200000000000005));
#13319=CARTESIAN_POINT('Ctrl Pts',(147.83459928413,-111.889026539772,-2.8));
#13320=CARTESIAN_POINT('Ctrl Pts',(147.828423290797,-111.687911507515,0.200000000000005));
#13321=CARTESIAN_POINT('Ctrl Pts',(147.828423290797,-111.687911507515,-2.8));
#13322=CARTESIAN_POINT('Ctrl Pts',(147.824992793869,-111.576200813673,0.200000000000005));
#13323=CARTESIAN_POINT('Ctrl Pts',(147.824992793869,-111.576200813673,-2.8));
#13324=CARTESIAN_POINT('',(147.998935538601,-112.126678318404,5.06499446091068E-15));
#13325=CARTESIAN_POINT('Ctrl Pts',(147.998935538601,-112.126678318404,5.06499446091068E-15));
#13326=CARTESIAN_POINT('Ctrl Pts',(147.948362752096,-112.053543435891,5.06410644529998E-15));
#13327=CARTESIAN_POINT('Ctrl Pts',(147.83459928413,-111.889026539772,5.0621088620233E-15));
#13328=CARTESIAN_POINT('Ctrl Pts',(147.828423290797,-111.687911507515,4.96913263620671E-15));
#13329=CARTESIAN_POINT('Ctrl Pts',(147.824992793869,-111.576200813673,4.91748837153222E-15));
#13330=CARTESIAN_POINT('',(147.998935538601,-112.126678318404,-2.8));
#13331=CARTESIAN_POINT('',(147.998935538601,-112.126678318404,0.200000000000005));
#13332=CARTESIAN_POINT('Ctrl Pts',(147.998935538601,-112.126678318404,-2.8));
#13333=CARTESIAN_POINT('Ctrl Pts',(147.948362752096,-112.053543435891,-2.8));
#13334=CARTESIAN_POINT('Ctrl Pts',(147.83459928413,-111.889026539772,-2.8));
#13335=CARTESIAN_POINT('Ctrl Pts',(147.828423290797,-111.687911507515,-2.8));
#13336=CARTESIAN_POINT('Ctrl Pts',(147.824992793869,-111.576200813673,-2.8));
#13337=CARTESIAN_POINT('Ctrl Pts',(148.496207255195,-112.306760043524,0.200000000000005));
#13338=CARTESIAN_POINT('Ctrl Pts',(148.496207255195,-112.306760043524,-2.8));
#13339=CARTESIAN_POINT('Ctrl Pts',(148.397123911148,-112.301657766159,0.200000000000005));
#13340=CARTESIAN_POINT('Ctrl Pts',(148.397123911148,-112.301657766159,-2.8));
#13341=CARTESIAN_POINT('Ctrl Pts',(148.212214753517,-112.292135905361,0.200000000000005));
#13342=CARTESIAN_POINT('Ctrl Pts',(148.212214753517,-112.292135905361,-2.8));
#13343=CARTESIAN_POINT('Ctrl Pts',(148.066547277337,-112.179130101601,0.200000000000005));
#13344=CARTESIAN_POINT('Ctrl Pts',(148.066547277337,-112.179130101601,-2.8));
#13345=CARTESIAN_POINT('Ctrl Pts',(147.998935538601,-112.126678318404,0.200000000000005));
#13346=CARTESIAN_POINT('Ctrl Pts',(147.998935538601,-112.126678318404,-2.8));
#13347=CARTESIAN_POINT('',(148.496207255195,-112.306760043524,4.81324985420105E-15));
#13348=CARTESIAN_POINT('Ctrl Pts',(148.496207255195,-112.306760043524,4.81324985420105E-15));
#13349=CARTESIAN_POINT('Ctrl Pts',(148.397123911148,-112.301657766159,4.8782844524571E-15));
#13350=CARTESIAN_POINT('Ctrl Pts',(148.212214753517,-112.292135905361,4.99965189504077E-15));
#13351=CARTESIAN_POINT('Ctrl Pts',(148.066547277337,-112.179130101601,5.04428018333161E-15));
#13352=CARTESIAN_POINT('Ctrl Pts',(147.998935538601,-112.126678318404,5.06499446091068E-15));
#13353=CARTESIAN_POINT('',(148.496207255195,-112.306760043524,-2.8));
#13354=CARTESIAN_POINT('',(148.496207255195,-112.306760043524,0.200000000000005));
#13355=CARTESIAN_POINT('Ctrl Pts',(148.496207255195,-112.306760043524,-2.8));
#13356=CARTESIAN_POINT('Ctrl Pts',(148.397123911148,-112.301657766159,-2.8));
#13357=CARTESIAN_POINT('Ctrl Pts',(148.212214753517,-112.292135905361,-2.8));
#13358=CARTESIAN_POINT('Ctrl Pts',(148.066547277337,-112.179130101601,-2.8));
#13359=CARTESIAN_POINT('Ctrl Pts',(147.998935538601,-112.126678318404,-2.8));
#13360=CARTESIAN_POINT('Ctrl Pts',(149.167421418499,-111.926132530592,0.200000000000004));
#13361=CARTESIAN_POINT('Ctrl Pts',(149.167421418499,-111.926132530592,-2.8));
#13362=CARTESIAN_POINT('Ctrl Pts',(149.077312568909,-112.037115882595,0.200000000000004));
#13363=CARTESIAN_POINT('Ctrl Pts',(149.077312568909,-112.037115882595,-2.8));
#13364=CARTESIAN_POINT('Ctrl Pts',(148.902645414852,-112.252246209196,0.200000000000005));
#13365=CARTESIAN_POINT('Ctrl Pts',(148.902645414852,-112.252246209196,-2.8));
#13366=CARTESIAN_POINT('Ctrl Pts',(148.628785752103,-112.288977849495,0.200000000000005));
#13367=CARTESIAN_POINT('Ctrl Pts',(148.628785752103,-112.288977849495,-2.8));
#13368=CARTESIAN_POINT('Ctrl Pts',(148.496207255195,-112.306760043524,0.200000000000005));
#13369=CARTESIAN_POINT('Ctrl Pts',(148.496207255195,-112.306760043524,-2.8));
#13370=CARTESIAN_POINT('',(149.167421418499,-111.926132530592,4.17205952438653E-15));
#13371=CARTESIAN_POINT('Ctrl Pts',(149.167421418499,-111.926132530592,4.17205952438653E-15));
#13372=CARTESIAN_POINT('Ctrl Pts',(149.077312568909,-112.037115882595,4.28707563434464E-15));
#13373=CARTESIAN_POINT('Ctrl Pts',(148.902645414852,-112.252246209196,4.51002306472206E-15));
#13374=CARTESIAN_POINT('Ctrl Pts',(148.628785752103,-112.288977849495,4.71433849582001E-15));
#13375=CARTESIAN_POINT('Ctrl Pts',(148.496207255195,-112.306760043524,4.81324985420105E-15));
#13376=CARTESIAN_POINT('',(149.167421418499,-111.926132530592,-2.8));
#13377=CARTESIAN_POINT('',(149.167421418499,-111.926132530592,0.200000000000004));
#13378=CARTESIAN_POINT('Ctrl Pts',(149.167421418499,-111.926132530592,-2.8));
#13379=CARTESIAN_POINT('Ctrl Pts',(149.077312568909,-112.037115882595,-2.8));
#13380=CARTESIAN_POINT('Ctrl Pts',(148.902645414852,-112.252246209196,-2.8));
#13381=CARTESIAN_POINT('Ctrl Pts',(148.628785752103,-112.288977849495,-2.8));
#13382=CARTESIAN_POINT('Ctrl Pts',(148.496207255195,-112.306760043524,-2.8));
#13383=CARTESIAN_POINT('Ctrl Pts',(149.386384594511,-112.206487447642,0.200000000000004));
#13384=CARTESIAN_POINT('Ctrl Pts',(149.386384594511,-112.206487447642,-2.8));
#13385=CARTESIAN_POINT('Ctrl Pts',(149.338292141685,-112.169486787722,0.200000000000004));
#13386=CARTESIAN_POINT('Ctrl Pts',(149.338292141685,-112.169486787722,-2.8));
#13387=CARTESIAN_POINT('Ctrl Pts',(149.241283823779,-112.094851963144,0.200000000000004));
#13388=CARTESIAN_POINT('Ctrl Pts',(149.241283823779,-112.094851963144,-2.8));
#13389=CARTESIAN_POINT('Ctrl Pts',(149.192181149047,-111.982689688085,0.200000000000004));
#13390=CARTESIAN_POINT('Ctrl Pts',(149.192181149047,-111.982689688085,-2.8));
#13391=CARTESIAN_POINT('Ctrl Pts',(149.167421418499,-111.926132530592,0.200000000000004));
#13392=CARTESIAN_POINT('Ctrl Pts',(149.167421418499,-111.926132530592,-2.8));
#13393=CARTESIAN_POINT('',(149.386384594511,-112.206487447642,4.15836592571289E-15));
#13394=CARTESIAN_POINT('Ctrl Pts',(149.386384594511,-112.206487447642,4.15836592571289E-15));
#13395=CARTESIAN_POINT('Ctrl Pts',(149.338292141685,-112.169486787722,4.17324911350495E-15));
#13396=CARTESIAN_POINT('Ctrl Pts',(149.241283823779,-112.094851963144,4.20327031862039E-15));
#13397=CARTESIAN_POINT('Ctrl Pts',(149.192181149047,-111.982689688085,4.18252182885119E-15));
#13398=CARTESIAN_POINT('Ctrl Pts',(149.167421418499,-111.926132530592,4.17205952438653E-15));
#13399=CARTESIAN_POINT('',(149.386384594511,-112.206487447642,-2.8));
#13400=CARTESIAN_POINT('',(149.386384594511,-112.206487447642,0.200000000000004));
#13401=CARTESIAN_POINT('Ctrl Pts',(149.386384594511,-112.206487447642,-2.8));
#13402=CARTESIAN_POINT('Ctrl Pts',(149.338292141685,-112.169486787722,-2.8));
#13403=CARTESIAN_POINT('Ctrl Pts',(149.241283823779,-112.094851963144,-2.8));
#13404=CARTESIAN_POINT('Ctrl Pts',(149.192181149047,-111.982689688085,-2.8));
#13405=CARTESIAN_POINT('Ctrl Pts',(149.167421418499,-111.926132530592,-2.8));
#13406=CARTESIAN_POINT('Ctrl Pts',(149.781336891722,-112.306760043524,0.200000000000004));
#13407=CARTESIAN_POINT('Ctrl Pts',(149.781336891722,-112.306760043524,-2.8));
#13408=CARTESIAN_POINT('Ctrl Pts',(149.70670943261,-112.303942301707,0.200000000000004));
#13409=CARTESIAN_POINT('Ctrl Pts',(149.70670943261,-112.303942301707,-2.8));
#13410=CARTESIAN_POINT('Ctrl Pts',(149.567585372752,-112.298689333349,0.200000000000004));
#13411=CARTESIAN_POINT('Ctrl Pts',(149.567585372752,-112.298689333349,-2.8));
#13412=CARTESIAN_POINT('Ctrl Pts',(149.443779724329,-112.23569228468,0.200000000000004));
#13413=CARTESIAN_POINT('Ctrl Pts',(149.443779724329,-112.23569228468,-2.8));
#13414=CARTESIAN_POINT('Ctrl Pts',(149.386384594511,-112.206487447642,0.200000000000004));
#13415=CARTESIAN_POINT('Ctrl Pts',(149.386384594511,-112.206487447642,-2.8));
#13416=CARTESIAN_POINT('',(149.781336891722,-112.306760043524,3.93776034291128E-15));
#13417=CARTESIAN_POINT('Ctrl Pts',(149.781336891722,-112.306760043524,3.93776034291128E-15));
#13418=CARTESIAN_POINT('Ctrl Pts',(149.70670943261,-112.303942301707,3.98723840354122E-15));
#13419=CARTESIAN_POINT('Ctrl Pts',(149.567585372752,-112.298689333349,4.07947776446045E-15));
#13420=CARTESIAN_POINT('Ctrl Pts',(149.443779724329,-112.23569228468,4.13337819320699E-15));
#13421=CARTESIAN_POINT('Ctrl Pts',(149.386384594511,-112.206487447642,4.15836592571289E-15));
#13422=CARTESIAN_POINT('',(149.781336891722,-112.306760043524,-2.8));
#13423=CARTESIAN_POINT('',(149.781336891722,-112.306760043524,0.200000000000004));
#13424=CARTESIAN_POINT('Ctrl Pts',(149.781336891722,-112.306760043524,-2.8));
#13425=CARTESIAN_POINT('Ctrl Pts',(149.70670943261,-112.303942301707,-2.8));
#13426=CARTESIAN_POINT('Ctrl Pts',(149.567585372752,-112.298689333349,-2.8));
#13427=CARTESIAN_POINT('Ctrl Pts',(149.443779724329,-112.23569228468,-2.8));
#13428=CARTESIAN_POINT('Ctrl Pts',(149.386384594511,-112.206487447642,-2.8));
#13429=CARTESIAN_POINT('Ctrl Pts',(150.168103534054,-112.208533675097,0.200000000000004));
#13430=CARTESIAN_POINT('Ctrl Pts',(150.168103534054,-112.208533675097,-2.8));
#13431=CARTESIAN_POINT('Ctrl Pts',(150.108618098783,-112.237177514521,0.200000000000004));
#13432=CARTESIAN_POINT('Ctrl Pts',(150.108618098783,-112.237177514521,-2.8));
#13433=CARTESIAN_POINT('Ctrl Pts',(149.98642231859,-112.296018074234,0.200000000000004));
#13434=CARTESIAN_POINT('Ctrl Pts',(149.98642231859,-112.296018074234,-2.8));
#13435=CARTESIAN_POINT('Ctrl Pts',(149.85089098491,-112.303116937603,0.200000000000004));
#13436=CARTESIAN_POINT('Ctrl Pts',(149.85089098491,-112.303116937603,-2.8));
#13437=CARTESIAN_POINT('Ctrl Pts',(149.781336891722,-112.306760043524,0.200000000000004));
#13438=CARTESIAN_POINT('Ctrl Pts',(149.781336891722,-112.306760043524,-2.8));
#13439=CARTESIAN_POINT('',(150.168103534054,-112.208533675097,3.62681175623966E-15));
#13440=CARTESIAN_POINT('Ctrl Pts',(150.168103534054,-112.208533675097,3.62681175623966E-15));
#13441=CARTESIAN_POINT('Ctrl Pts',(150.108618098783,-112.237177514521,3.68117736241138E-15));
#13442=CARTESIAN_POINT('Ctrl Pts',(149.98642231859,-112.296018074234,3.79285592267494E-15));
#13443=CARTESIAN_POINT('Ctrl Pts',(149.85089098491,-112.303116937603,3.888616454977E-15));
#13444=CARTESIAN_POINT('Ctrl Pts',(149.781336891722,-112.306760043524,3.93776034291128E-15));
#13445=CARTESIAN_POINT('',(150.168103534054,-112.208533675097,-2.8));
#13446=CARTESIAN_POINT('',(150.168103534054,-112.208533675097,0.200000000000004));
#13447=CARTESIAN_POINT('Ctrl Pts',(150.168103534054,-112.208533675097,-2.8));
#13448=CARTESIAN_POINT('Ctrl Pts',(150.108618098783,-112.237177514521,-2.8));
#13449=CARTESIAN_POINT('Ctrl Pts',(149.98642231859,-112.296018074234,-2.8));
#13450=CARTESIAN_POINT('Ctrl Pts',(149.85089098491,-112.303116937603,-2.8));
#13451=CARTESIAN_POINT('Ctrl Pts',(149.781336891722,-112.306760043524,-2.8));
#13452=CARTESIAN_POINT('Ctrl Pts',(150.440272796224,-111.952735573672,0.200000000000003));
#13453=CARTESIAN_POINT('Ctrl Pts',(150.440272796224,-111.952735573672,-2.8));
#13454=CARTESIAN_POINT('Ctrl Pts',(150.403140422949,-112.003418040601,0.200000000000003));
#13455=CARTESIAN_POINT('Ctrl Pts',(150.403140422949,-112.003418040601,-2.8));
#13456=CARTESIAN_POINT('Ctrl Pts',(150.328307131349,-112.105558989109,0.200000000000004));
#13457=CARTESIAN_POINT('Ctrl Pts',(150.328307131349,-112.105558989109,-2.8));
#13458=CARTESIAN_POINT('Ctrl Pts',(150.221774526554,-112.174035363619,0.200000000000004));
#13459=CARTESIAN_POINT('Ctrl Pts',(150.221774526554,-112.174035363619,-2.8));
#13460=CARTESIAN_POINT('Ctrl Pts',(150.168103534054,-112.208533675097,0.200000000000004));
#13461=CARTESIAN_POINT('Ctrl Pts',(150.168103534054,-112.208533675097,-2.8));
#13462=CARTESIAN_POINT('',(150.440272796224,-111.952735573672,3.31778975593273E-15));
#13463=CARTESIAN_POINT('Ctrl Pts',(150.440272796224,-111.952735573672,3.31778975593273E-15));
#13464=CARTESIAN_POINT('Ctrl Pts',(150.403140422949,-112.003418040601,3.36757701667565E-15));
#13465=CARTESIAN_POINT('Ctrl Pts',(150.328307131349,-112.105558989109,3.46791385127041E-15));
#13466=CARTESIAN_POINT('Ctrl Pts',(150.221774526554,-112.174035363619,3.57357819636705E-15));
#13467=CARTESIAN_POINT('Ctrl Pts',(150.168103534054,-112.208533675097,3.62681175623966E-15));
#13468=CARTESIAN_POINT('',(150.440272796224,-111.952735573672,-2.8));
#13469=CARTESIAN_POINT('',(150.440272796224,-111.952735573672,0.200000000000003));
#13470=CARTESIAN_POINT('Ctrl Pts',(150.440272796224,-111.952735573672,-2.8));
#13471=CARTESIAN_POINT('Ctrl Pts',(150.403140422949,-112.003418040601,-2.8));
#13472=CARTESIAN_POINT('Ctrl Pts',(150.328307131349,-112.105558989109,-2.8));
#13473=CARTESIAN_POINT('Ctrl Pts',(150.221774526554,-112.174035363619,-2.8));
#13474=CARTESIAN_POINT('Ctrl Pts',(150.168103534054,-112.208533675097,-2.8));
#13475=CARTESIAN_POINT('Origin',(150.440272796224,-112.257646710299,0.200000000000004));
#13476=CARTESIAN_POINT('',(150.440272796224,-112.257646710299,3.46513011140366E-15));
#13477=CARTESIAN_POINT('',(150.440272796225,-94.0763677868358,0.));
#13478=CARTESIAN_POINT('',(150.440272796224,-112.257646710299,-2.8));
#13479=CARTESIAN_POINT('',(150.440272796224,-112.257646710299,0.200000000000004));
#13480=CARTESIAN_POINT('',(150.440272796224,-112.257646710299,-2.8));
#13481=CARTESIAN_POINT('Origin',(150.769740748476,-112.257646710299,0.200000000000003));
#13482=CARTESIAN_POINT('',(150.769740748476,-112.257646710299,3.24068136475807E-15));
#13483=CARTESIAN_POINT('',(140.704511398112,-112.257646710299,0.));
#13484=CARTESIAN_POINT('',(150.769740748476,-112.257646710299,-2.8));
#13485=CARTESIAN_POINT('',(150.769740748476,-112.257646710299,0.200000000000003));
#13486=CARTESIAN_POINT('',(150.769740748476,-112.257646710299,-2.8));
#13487=CARTESIAN_POINT('Origin',(150.769740748476,-110.084386259936,0.200000000000002));
#13488=CARTESIAN_POINT('',(150.769740748476,-110.084386259936,2.19050991552497E-15));
#13489=CARTESIAN_POINT('',(150.769740748476,-94.2288233551494,0.));
#13490=CARTESIAN_POINT('',(150.769740748476,-110.084386259936,-2.8));
#13491=CARTESIAN_POINT('',(150.769740748476,-110.084386259936,0.200000000000002));
#13492=CARTESIAN_POINT('',(150.769740748476,-110.084386259936,-2.8));
#13493=CARTESIAN_POINT('Origin',(150.401391494345,-110.084386259936,0.200000000000002));
#13494=CARTESIAN_POINT('',(140.869245374238,-110.084386259936,0.));
#13495=CARTESIAN_POINT('',(150.401391494345,-110.084386259936,-2.8));
#13496=CARTESIAN_POINT('Origin',(142.440954479646,-113.509011358641,-2.79999999999999));
#13497=CARTESIAN_POINT('Origin',(147.276562410663,-113.084386379145,0.200000000000006));
#13498=CARTESIAN_POINT('',(147.276562410663,-113.084386379145,6.01989575946016E-15));
#13499=CARTESIAN_POINT('',(146.908213156532,-113.084386379145,6.27083224379854E-15));
#13500=CARTESIAN_POINT('',(138.938481578266,-113.084386379145,0.));
#13501=CARTESIAN_POINT('',(147.276562410663,-113.084386379145,-2.79999999999999));
#13502=CARTESIAN_POINT('',(147.276562410663,-113.084386379145,0.200000000000006));
#13503=CARTESIAN_POINT('',(146.908213156532,-113.084386379145,-2.79999999999999));
#13504=CARTESIAN_POINT('',(147.276562410663,-113.084386379145,-2.79999999999999));
#13505=CARTESIAN_POINT('',(146.908213156532,-113.084386379145,0.200000000000006));
#13506=CARTESIAN_POINT('Origin',(146.908213156532,-113.084386379145,0.200000000000006));
#13507=CARTESIAN_POINT('',(146.908213156532,-112.6607848114,6.06613782749525E-15));
#13508=CARTESIAN_POINT('',(146.908213156532,-94.4303924056999,0.));
#13509=CARTESIAN_POINT('',(146.908213156532,-112.6607848114,-2.79999999999999));
#13510=CARTESIAN_POINT('',(146.908213156532,-113.084386379145,-2.79999999999999));
#13511=CARTESIAN_POINT('',(146.908213156532,-112.6607848114,0.200000000000006));
#13512=CARTESIAN_POINT('Origin',(147.276562410663,-112.6607848114,0.200000000000006));
#13513=CARTESIAN_POINT('',(147.276562410663,-112.6607848114,5.81520134729276E-15));
#13514=CARTESIAN_POINT('',(147.276562410664,-94.6421931895725,0.));
#13515=CARTESIAN_POINT('',(147.276562410663,-112.6607848114,-2.79999999999999));
#13516=CARTESIAN_POINT('',(147.276562410663,-112.6607848114,0.200000000000006));
#13517=CARTESIAN_POINT('',(147.276562410663,-112.6607848114,-2.79999999999999));
#13518=CARTESIAN_POINT('Origin',(146.908213156532,-112.6607848114,0.200000000000006));
#13519=CARTESIAN_POINT('',(139.122656205332,-112.6607848114,0.));
#13520=CARTESIAN_POINT('',(146.908213156532,-112.6607848114,-2.79999999999999));
#13521=CARTESIAN_POINT('Origin',(142.440954479646,-113.509011358641,-2.79999999999999));
#13522=CARTESIAN_POINT('Ctrl Pts',(143.453914779495,-112.306760043524,0.200000000000008));
#13523=CARTESIAN_POINT('Ctrl Pts',(143.453914779495,-112.306760043524,-2.79999999999999));
#13524=CARTESIAN_POINT('Ctrl Pts',(143.390104561818,-112.300877115652,0.200000000000008));
#13525=CARTESIAN_POINT('Ctrl Pts',(143.390104561818,-112.300877115652,-2.79999999999999));
#13526=CARTESIAN_POINT('Ctrl Pts',(143.255608817966,-112.288477396781,0.200000000000008));
#13527=CARTESIAN_POINT('Ctrl Pts',(143.255608817966,-112.288477396781,-2.79999999999999));
#13528=CARTESIAN_POINT('Ctrl Pts',(143.137438851529,-112.222660377292,0.200000000000008));
#13529=CARTESIAN_POINT('Ctrl Pts',(143.137438851529,-112.222660377292,-2.79999999999999));
#13530=CARTESIAN_POINT('Ctrl Pts',(143.075333494018,-112.188069612406,0.200000000000009));
#13531=CARTESIAN_POINT('Ctrl Pts',(143.075333494018,-112.188069612406,-2.79999999999999));
#13532=CARTESIAN_POINT('',(143.453914779495,-112.306760043524,8.24829177953917E-15));
#13533=CARTESIAN_POINT('',(143.075333494018,-112.188069612406,8.44884473826189E-15));
#13534=CARTESIAN_POINT('Ctrl Pts',(143.453914779495,-112.306760043524,8.24829177953917E-15));
#13535=CARTESIAN_POINT('Ctrl Pts',(143.390104561818,-112.300877115652,8.28891946670004E-15));
#13536=CARTESIAN_POINT('Ctrl Pts',(143.255608817966,-112.288477396781,8.37455232631834E-15));
#13537=CARTESIAN_POINT('Ctrl Pts',(143.137438851529,-112.222660377292,8.42325078990047E-15));
#13538=CARTESIAN_POINT('Ctrl Pts',(143.075333494018,-112.188069612406,8.44884473826189E-15));
#13539=CARTESIAN_POINT('',(143.453914779495,-112.306760043524,-2.79999999999999));
#13540=CARTESIAN_POINT('',(143.453914779495,-112.306760043524,0.200000000000008));
#13541=CARTESIAN_POINT('',(143.075333494018,-112.188069612406,-2.79999999999999));
#13542=CARTESIAN_POINT('Ctrl Pts',(143.453914779495,-112.306760043524,-2.79999999999999));
#13543=CARTESIAN_POINT('Ctrl Pts',(143.390104561818,-112.300877115652,-2.79999999999999));
#13544=CARTESIAN_POINT('Ctrl Pts',(143.255608817966,-112.288477396781,-2.79999999999999));
#13545=CARTESIAN_POINT('Ctrl Pts',(143.137438851529,-112.222660377292,-2.79999999999999));
#13546=CARTESIAN_POINT('Ctrl Pts',(143.075333494018,-112.188069612406,-2.79999999999999));
#13547=CARTESIAN_POINT('',(143.075333494018,-112.188069612406,0.200000000000008));
#13548=CARTESIAN_POINT('Origin',(143.075333494018,-112.188069612406,0.200000000000009));
#13549=CARTESIAN_POINT('',(143.202209729027,-111.846323401354,8.19727085749479E-15));
#13550=CARTESIAN_POINT('',(148.276694153078,-98.177996745469,0.));
#13551=CARTESIAN_POINT('',(143.202209729027,-111.846323401354,-2.79999999999999));
#13552=CARTESIAN_POINT('',(143.075333494018,-112.188069612406,-2.79999999999999));
#13553=CARTESIAN_POINT('',(143.202209729027,-111.846323401354,0.200000000000008));
#13554=CARTESIAN_POINT('Ctrl Pts',(143.202209729027,-111.846323401354,0.200000000000008));
#13555=CARTESIAN_POINT('Ctrl Pts',(143.202209729027,-111.846323401354,-2.79999999999999));
#13556=CARTESIAN_POINT('Ctrl Pts',(143.246270090455,-111.869590271401,0.200000000000008));
#13557=CARTESIAN_POINT('Ctrl Pts',(143.246270090455,-111.869590271401,-2.79999999999999));
#13558=CARTESIAN_POINT('Ctrl Pts',(143.331049509178,-111.914359575469,0.200000000000008));
#13559=CARTESIAN_POINT('Ctrl Pts',(143.331049509178,-111.914359575469,-2.79999999999999));
#13560=CARTESIAN_POINT('Ctrl Pts',(143.426492098954,-111.922312694293,0.200000000000008));
#13561=CARTESIAN_POINT('Ctrl Pts',(143.426492098954,-111.922312694293,-2.79999999999999));
#13562=CARTESIAN_POINT('Ctrl Pts',(143.472332614731,-111.926132530592,0.200000000000008));
#13563=CARTESIAN_POINT('Ctrl Pts',(143.472332614731,-111.926132530592,-2.79999999999999));
#13564=CARTESIAN_POINT('',(143.472332614731,-111.926132530592,8.05181638283061E-15));
#13565=CARTESIAN_POINT('Ctrl Pts',(143.202209729027,-111.846323401354,8.19727085749479E-15));
#13566=CARTESIAN_POINT('Ctrl Pts',(143.246270090455,-111.869590271401,8.17849801830831E-15));
#13567=CARTESIAN_POINT('Ctrl Pts',(143.331049509178,-111.914359575469,8.14237596740041E-15));
#13568=CARTESIAN_POINT('Ctrl Pts',(143.426492098954,-111.922312694293,8.08119921958012E-15));
#13569=CARTESIAN_POINT('Ctrl Pts',(143.472332614731,-111.926132530592,8.05181638283061E-15));
#13570=CARTESIAN_POINT('',(143.472332614731,-111.926132530592,-2.79999999999999));
#13571=CARTESIAN_POINT('Ctrl Pts',(143.202209729027,-111.846323401354,-2.79999999999999));
#13572=CARTESIAN_POINT('Ctrl Pts',(143.246270090455,-111.869590271401,-2.79999999999999));
#13573=CARTESIAN_POINT('Ctrl Pts',(143.331049509178,-111.914359575469,-2.79999999999999));
#13574=CARTESIAN_POINT('Ctrl Pts',(143.426492098954,-111.922312694293,-2.79999999999999));
#13575=CARTESIAN_POINT('Ctrl Pts',(143.472332614731,-111.926132530592,-2.79999999999999));
#13576=CARTESIAN_POINT('',(143.472332614731,-111.926132530592,0.200000000000008));
#13577=CARTESIAN_POINT('Ctrl Pts',(143.472332614731,-111.926132530592,0.200000000000008));
#13578=CARTESIAN_POINT('Ctrl Pts',(143.472332614731,-111.926132530592,-2.79999999999999));
#13579=CARTESIAN_POINT('Ctrl Pts',(143.511569704614,-111.92305145951,0.200000000000008));
#13580=CARTESIAN_POINT('Ctrl Pts',(143.511569704614,-111.92305145951,-2.79999999999999));
#13581=CARTESIAN_POINT('Ctrl Pts',(143.590117278905,-111.916883554079,0.200000000000008));
#13582=CARTESIAN_POINT('Ctrl Pts',(143.590117278905,-111.916883554079,-2.79999999999999));
#13583=CARTESIAN_POINT('Ctrl Pts',(143.656184791416,-111.873949676949,0.200000000000008));
#13584=CARTESIAN_POINT('Ctrl Pts',(143.656184791416,-111.873949676949,-2.79999999999999));
#13585=CARTESIAN_POINT('Ctrl Pts',(143.689249414276,-111.852462679766,0.200000000000008));
#13586=CARTESIAN_POINT('Ctrl Pts',(143.689249414276,-111.852462679766,-2.79999999999999));
#13587=CARTESIAN_POINT('',(143.689249414276,-111.852462679766,7.86844363042248E-15));
#13588=CARTESIAN_POINT('Ctrl Pts',(143.472332614731,-111.926132530592,8.05181638283061E-15));
#13589=CARTESIAN_POINT('Ctrl Pts',(143.511569704614,-111.92305145951,8.0235974222902E-15));
#13590=CARTESIAN_POINT('Ctrl Pts',(143.590117278905,-111.916883554079,7.96710671881447E-15));
#13591=CARTESIAN_POINT('Ctrl Pts',(143.656184791416,-111.873949676949,7.9013518034092E-15));
#13592=CARTESIAN_POINT('Ctrl Pts',(143.689249414276,-111.852462679766,7.86844363042248E-15));
#13593=CARTESIAN_POINT('',(143.689249414276,-111.852462679766,-2.79999999999999));
#13594=CARTESIAN_POINT('Ctrl Pts',(143.472332614731,-111.926132530592,-2.79999999999999));
#13595=CARTESIAN_POINT('Ctrl Pts',(143.511569704614,-111.92305145951,-2.79999999999999));
#13596=CARTESIAN_POINT('Ctrl Pts',(143.590117278905,-111.916883554079,-2.79999999999999));
#13597=CARTESIAN_POINT('Ctrl Pts',(143.656184791416,-111.873949676949,-2.79999999999999));
#13598=CARTESIAN_POINT('Ctrl Pts',(143.689249414276,-111.852462679766,-2.79999999999999));
#13599=CARTESIAN_POINT('',(143.689249414276,-111.852462679766,0.200000000000008));
#13600=CARTESIAN_POINT('Ctrl Pts',(143.689249414276,-111.852462679766,0.200000000000008));
#13601=CARTESIAN_POINT('Ctrl Pts',(143.689249414276,-111.852462679766,-2.79999999999999));
#13602=CARTESIAN_POINT('Ctrl Pts',(143.71920929643,-111.825544578687,0.200000000000008));
#13603=CARTESIAN_POINT('Ctrl Pts',(143.71920929643,-111.825544578687,-2.79999999999999));
#13604=CARTESIAN_POINT('Ctrl Pts',(143.781131639861,-111.769909116203,0.200000000000008));
#13605=CARTESIAN_POINT('Ctrl Pts',(143.781131639861,-111.769909116203,-2.79999999999999));
#13606=CARTESIAN_POINT('Ctrl Pts',(143.81096018426,-111.692086564889,0.200000000000008));
#13607=CARTESIAN_POINT('Ctrl Pts',(143.81096018426,-111.692086564889,-2.79999999999999));
#13608=CARTESIAN_POINT('Ctrl Pts',(143.82635678656,-111.651916891955,0.200000000000008));
#13609=CARTESIAN_POINT('Ctrl Pts',(143.82635678656,-111.651916891955,-2.79999999999999));
#13610=CARTESIAN_POINT('',(143.82635678656,-111.651916891955,7.67813125040123E-15));
#13611=CARTESIAN_POINT('Ctrl Pts',(143.689249414276,-111.852462679766,7.86844363042248E-15));
#13612=CARTESIAN_POINT('Ctrl Pts',(143.71920929643,-111.825544578687,7.83502610856586E-15));
#13613=CARTESIAN_POINT('Ctrl Pts',(143.781131639861,-111.769909116203,7.76595737114191E-15));
#13614=CARTESIAN_POINT('Ctrl Pts',(143.81096018426,-111.692086564889,7.70803107503358E-15));
#13615=CARTESIAN_POINT('Ctrl Pts',(143.82635678656,-111.651916891955,7.67813125040123E-15));
#13616=CARTESIAN_POINT('',(143.82635678656,-111.651916891955,-2.79999999999999));
#13617=CARTESIAN_POINT('Ctrl Pts',(143.689249414276,-111.852462679766,-2.79999999999999));
#13618=CARTESIAN_POINT('Ctrl Pts',(143.71920929643,-111.825544578687,-2.79999999999999));
#13619=CARTESIAN_POINT('Ctrl Pts',(143.781131639861,-111.769909116203,-2.79999999999999));
#13620=CARTESIAN_POINT('Ctrl Pts',(143.81096018426,-111.692086564889,-2.79999999999999));
#13621=CARTESIAN_POINT('Ctrl Pts',(143.82635678656,-111.651916891955,-2.79999999999999));
#13622=CARTESIAN_POINT('',(143.82635678656,-111.651916891955,0.200000000000008));
#13623=CARTESIAN_POINT('Ctrl Pts',(143.82635678656,-111.651916891955,0.200000000000008));
#13624=CARTESIAN_POINT('Ctrl Pts',(143.82635678656,-111.651916891955,-2.79999999999999));
#13625=CARTESIAN_POINT('Ctrl Pts',(143.844257648721,-111.583734024402,0.200000000000008));
#13626=CARTESIAN_POINT('Ctrl Pts',(143.844257648721,-111.583734024402,-2.79999999999999));
#13627=CARTESIAN_POINT('Ctrl Pts',(143.881235854291,-111.44288717188,0.200000000000008));
#13628=CARTESIAN_POINT('Ctrl Pts',(143.881235854291,-111.44288717188,-2.79999999999999));
#13629=CARTESIAN_POINT('Ctrl Pts',(143.885531976023,-111.29729069624,0.200000000000008));
#13630=CARTESIAN_POINT('Ctrl Pts',(143.885531976023,-111.29729069624,-2.79999999999999));
#13631=CARTESIAN_POINT('Ctrl Pts',(143.887748378586,-111.222176343821,0.200000000000007));
#13632=CARTESIAN_POINT('Ctrl Pts',(143.887748378586,-111.222176343821,-2.79999999999999));
#13633=CARTESIAN_POINT('',(143.887748378586,-111.222176343821,7.42864755578037E-15));
#13634=CARTESIAN_POINT('Ctrl Pts',(143.82635678656,-111.651916891955,7.67813125040123E-15));
#13635=CARTESIAN_POINT('Ctrl Pts',(143.844257648721,-111.583734024402,7.63298876596211E-15));
#13636=CARTESIAN_POINT('Ctrl Pts',(143.881235854291,-111.44288717188,7.53973693597312E-15));
#13637=CARTESIAN_POINT('Ctrl Pts',(143.885531976023,-111.29729069624,7.46645452396521E-15));
#13638=CARTESIAN_POINT('Ctrl Pts',(143.887748378586,-111.222176343821,7.42864755578037E-15));
#13639=CARTESIAN_POINT('',(143.887748378586,-111.222176343821,-2.79999999999999));
#13640=CARTESIAN_POINT('Ctrl Pts',(143.82635678656,-111.651916891955,-2.79999999999999));
#13641=CARTESIAN_POINT('Ctrl Pts',(143.844257648721,-111.583734024402,-2.79999999999999));
#13642=CARTESIAN_POINT('Ctrl Pts',(143.881235854291,-111.44288717188,-2.79999999999999));
#13643=CARTESIAN_POINT('Ctrl Pts',(143.885531976023,-111.29729069624,-2.79999999999999));
#13644=CARTESIAN_POINT('Ctrl Pts',(143.887748378586,-111.222176343821,-2.79999999999999));
#13645=CARTESIAN_POINT('',(143.887748378586,-111.222176343821,0.200000000000007));
#13646=CARTESIAN_POINT('Origin',(143.887748378586,-111.222176343821,0.200000000000007));
#13647=CARTESIAN_POINT('',(143.887748378586,-110.084386259936,6.87884016543786E-15));
#13648=CARTESIAN_POINT('',(143.887748378586,-93.1421931299679,0.));
#13649=CARTESIAN_POINT('',(143.887748378586,-110.084386259936,-2.79999999999999));
#13650=CARTESIAN_POINT('',(143.887748378586,-111.222176343821,-2.79999999999999));
#13651=CARTESIAN_POINT('',(143.887748378586,-110.084386259936,0.200000000000007));
#13652=CARTESIAN_POINT('Ctrl Pts',(143.691295641731,-112.233090192698,0.200000000000008));
#13653=CARTESIAN_POINT('Ctrl Pts',(143.691295641731,-112.233090192698,-2.79999999999999));
#13654=CARTESIAN_POINT('Ctrl Pts',(143.654387622429,-112.254577219375,0.200000000000008));
#13655=CARTESIAN_POINT('Ctrl Pts',(143.654387622429,-112.254577219375,-2.79999999999999));
#13656=CARTESIAN_POINT('Ctrl Pts',(143.580902745694,-112.297358477665,0.200000000000008));
#13657=CARTESIAN_POINT('Ctrl Pts',(143.580902745694,-112.297358477665,-2.79999999999999));
#13658=CARTESIAN_POINT('Ctrl Pts',(143.496116737973,-112.303635617613,0.200000000000008));
#13659=CARTESIAN_POINT('Ctrl Pts',(143.496116737973,-112.303635617613,-2.79999999999999));
#13660=CARTESIAN_POINT('Ctrl Pts',(143.453914779495,-112.306760043524,0.200000000000008));
#13661=CARTESIAN_POINT('Ctrl Pts',(143.453914779495,-112.306760043524,-2.79999999999999));
#13662=CARTESIAN_POINT('',(143.691295641731,-112.233090192698,8.05097796910534E-15));
#13663=CARTESIAN_POINT('Ctrl Pts',(143.691295641731,-112.233090192698,8.05097796910534E-15));
#13664=CARTESIAN_POINT('Ctrl Pts',(143.654387622429,-112.254577219375,8.08650445410811E-15));
#13665=CARTESIAN_POINT('Ctrl Pts',(143.580902745694,-112.297358477665,8.1572386659287E-15));
#13666=CARTESIAN_POINT('Ctrl Pts',(143.496116737973,-112.303635617613,8.21803206516591E-15));
#13667=CARTESIAN_POINT('Ctrl Pts',(143.453914779495,-112.306760043524,8.24829177953917E-15));
#13668=CARTESIAN_POINT('',(143.691295641731,-112.233090192698,-2.79999999999999));
#13669=CARTESIAN_POINT('',(143.691295641731,-112.233090192698,0.200000000000008));
#13670=CARTESIAN_POINT('Ctrl Pts',(143.691295641731,-112.233090192698,-2.79999999999999));
#13671=CARTESIAN_POINT('Ctrl Pts',(143.654387622429,-112.254577219375,-2.79999999999999));
#13672=CARTESIAN_POINT('Ctrl Pts',(143.580902745694,-112.297358477665,-2.79999999999999));
#13673=CARTESIAN_POINT('Ctrl Pts',(143.496116737973,-112.303635617613,-2.79999999999999));
#13674=CARTESIAN_POINT('Ctrl Pts',(143.453914779495,-112.306760043524,-2.79999999999999));
#13675=CARTESIAN_POINT('Ctrl Pts',(143.92458345301,-111.928179056071,0.200000000000008));
#13676=CARTESIAN_POINT('Ctrl Pts',(143.92458345301,-111.928179056071,-2.79999999999999));
#13677=CARTESIAN_POINT('Ctrl Pts',(143.887706150361,-111.995079532988,0.200000000000008));
#13678=CARTESIAN_POINT('Ctrl Pts',(143.887706150361,-111.995079532988,-2.79999999999999));
#13679=CARTESIAN_POINT('Ctrl Pts',(143.825054343786,-112.108738489539,0.200000000000008));
#13680=CARTESIAN_POINT('Ctrl Pts',(143.825054343786,-112.108738489539,-2.79999999999999));
#13681=CARTESIAN_POINT('Ctrl Pts',(143.730283632655,-112.196844154125,0.200000000000008));
#13682=CARTESIAN_POINT('Ctrl Pts',(143.730283632655,-112.196844154125,-2.79999999999999));
#13683=CARTESIAN_POINT('Ctrl Pts',(143.691295641731,-112.233090192698,0.200000000000008));
#13684=CARTESIAN_POINT('Ctrl Pts',(143.691295641731,-112.233090192698,-2.79999999999999));
#13685=CARTESIAN_POINT('',(143.92458345301,-111.928179056071,7.74471120815716E-15));
#13686=CARTESIAN_POINT('Ctrl Pts',(143.92458345301,-111.928179056071,7.74471120815716E-15));
#13687=CARTESIAN_POINT('Ctrl Pts',(143.887706150361,-111.995079532988,7.80216163553089E-15));
#13688=CARTESIAN_POINT('Ctrl Pts',(143.825054343786,-112.108738489539,7.89976565976921E-15));
#13689=CARTESIAN_POINT('Ctrl Pts',(143.730283632655,-112.196844154125,8.00690260142316E-15));
#13690=CARTESIAN_POINT('Ctrl Pts',(143.691295641731,-112.233090192698,8.05097796910534E-15));
#13691=CARTESIAN_POINT('',(143.92458345301,-111.928179056071,-2.79999999999999));
#13692=CARTESIAN_POINT('',(143.92458345301,-111.928179056071,0.200000000000008));
#13693=CARTESIAN_POINT('Ctrl Pts',(143.92458345301,-111.928179056071,-2.79999999999999));
#13694=CARTESIAN_POINT('Ctrl Pts',(143.887706150361,-111.995079532988,-2.79999999999999));
#13695=CARTESIAN_POINT('Ctrl Pts',(143.825054343786,-112.108738489539,-2.79999999999999));
#13696=CARTESIAN_POINT('Ctrl Pts',(143.730283632655,-112.196844154125,-2.79999999999999));
#13697=CARTESIAN_POINT('Ctrl Pts',(143.691295641731,-112.233090192698,-2.79999999999999));
#13698=CARTESIAN_POINT('Origin',(143.92458345301,-112.257646710299,0.200000000000008));
#13699=CARTESIAN_POINT('',(143.92458345301,-112.257646710299,7.90391785829005E-15));
#13700=CARTESIAN_POINT('',(143.924583453011,-94.0640895280353,0.));
#13701=CARTESIAN_POINT('',(143.92458345301,-112.257646710299,-2.79999999999999));
#13702=CARTESIAN_POINT('',(143.92458345301,-112.257646710299,0.200000000000008));
#13703=CARTESIAN_POINT('',(143.92458345301,-112.257646710299,-2.79999999999999));
#13704=CARTESIAN_POINT('Origin',(144.25609793074,-112.257646710299,0.200000000000008));
#13705=CARTESIAN_POINT('',(144.25609793074,-112.257646710299,7.67807492353741E-15));
#13706=CARTESIAN_POINT('',(137.446666726505,-112.257646710299,0.));
#13707=CARTESIAN_POINT('',(144.25609793074,-112.257646710299,-2.79999999999999));
#13708=CARTESIAN_POINT('',(144.25609793074,-112.257646710299,0.200000000000008));
#13709=CARTESIAN_POINT('',(144.25609793074,-112.257646710299,-2.79999999999999));
#13710=CARTESIAN_POINT('Origin',(144.25609793074,-110.084386259936,0.200000000000007));
#13711=CARTESIAN_POINT('',(144.25609793074,-110.084386259936,6.62790347844022E-15));
#13712=CARTESIAN_POINT('',(144.25609793074,-94.2288233551494,0.));
#13713=CARTESIAN_POINT('',(144.25609793074,-110.084386259936,-2.79999999999999));
#13714=CARTESIAN_POINT('',(144.25609793074,-110.084386259936,0.200000000000007));
#13715=CARTESIAN_POINT('',(144.25609793074,-110.084386259936,-2.79999999999999));
#13716=CARTESIAN_POINT('Origin',(143.887748378586,-110.084386259936,0.200000000000007));
#13717=CARTESIAN_POINT('',(137.61242396537,-110.084386259936,0.));
#13718=CARTESIAN_POINT('',(143.887748378586,-110.084386259936,-2.79999999999999));
#13719=CARTESIAN_POINT('Origin',(142.440954479646,-113.509011358641,-2.79999999999999));
#13720=CARTESIAN_POINT('Ctrl Pts',(139.015305894684,-111.189434320353,0.200000000000011));
#13721=CARTESIAN_POINT('Ctrl Pts',(139.015305894684,-111.189434320353,-2.79999999999999));
#13722=CARTESIAN_POINT('Ctrl Pts',(139.018453532614,-111.313846311407,0.200000000000011));
#13723=CARTESIAN_POINT('Ctrl Pts',(139.018453532614,-111.313846311407,-2.79999999999999));
#13724=CARTESIAN_POINT('Ctrl Pts',(139.024089862719,-111.536625127237,0.200000000000011));
#13725=CARTESIAN_POINT('Ctrl Pts',(139.024089862719,-111.536625127237,-2.79999999999999));
#13726=CARTESIAN_POINT('Ctrl Pts',(139.137240874532,-111.727330283039,0.200000000000011));
#13727=CARTESIAN_POINT('Ctrl Pts',(139.137240874532,-111.727330283039,-2.79999999999999));
#13728=CARTESIAN_POINT('Ctrl Pts',(139.187202113937,-111.811535150431,0.200000000000011));
#13729=CARTESIAN_POINT('Ctrl Pts',(139.187202113937,-111.811535150431,-2.79999999999999));
#13730=CARTESIAN_POINT('',(139.015305894684,-111.189434320353,1.07321581146607E-14));
#13731=CARTESIAN_POINT('',(139.187202113937,-111.811535150431,1.09156684975151E-14));
#13732=CARTESIAN_POINT('Ctrl Pts',(139.015305894684,-111.189434320353,1.07321581146607E-14));
#13733=CARTESIAN_POINT('Ctrl Pts',(139.018453532614,-111.313846311407,1.07901326478065E-14));
#13734=CARTESIAN_POINT('Ctrl Pts',(139.024089862719,-111.536625127237,1.08939449768706E-14));
#13735=CARTESIAN_POINT('Ctrl Pts',(139.137240874532,-111.727330283039,1.09090145822214E-14));
#13736=CARTESIAN_POINT('Ctrl Pts',(139.187202113937,-111.811535150431,1.09156684975151E-14));
#13737=CARTESIAN_POINT('',(139.015305894684,-111.189434320353,-2.79999999999999));
#13738=CARTESIAN_POINT('',(139.015305894684,-111.189434320353,0.200000000000011));
#13739=CARTESIAN_POINT('',(139.187202113937,-111.811535150431,-2.79999999999999));
#13740=CARTESIAN_POINT('Ctrl Pts',(139.015305894684,-111.189434320353,-2.79999999999999));
#13741=CARTESIAN_POINT('Ctrl Pts',(139.018453532614,-111.313846311407,-2.79999999999999));
#13742=CARTESIAN_POINT('Ctrl Pts',(139.024089862719,-111.536625127237,-2.79999999999999));
#13743=CARTESIAN_POINT('Ctrl Pts',(139.137240874532,-111.727330283039,-2.79999999999999));
#13744=CARTESIAN_POINT('Ctrl Pts',(139.187202113937,-111.811535150431,-2.79999999999999));
#13745=CARTESIAN_POINT('',(139.187202113937,-111.811535150431,0.200000000000011));
#13746=CARTESIAN_POINT('Ctrl Pts',(139.187202113937,-111.811535150431,0.200000000000011));
#13747=CARTESIAN_POINT('Ctrl Pts',(139.187202113937,-111.811535150431,-2.79999999999999));
#13748=CARTESIAN_POINT('Ctrl Pts',(139.24517401949,-111.871797001239,0.200000000000011));
#13749=CARTESIAN_POINT('Ctrl Pts',(139.24517401949,-111.871797001239,-2.79999999999999));
#13750=CARTESIAN_POINT('Ctrl Pts',(139.357243574785,-111.988293410268,0.200000000000011));
#13751=CARTESIAN_POINT('Ctrl Pts',(139.357243574785,-111.988293410268,-2.79999999999999));
#13752=CARTESIAN_POINT('Ctrl Pts',(139.517213225891,-112.008476998738,0.200000000000011));
#13753=CARTESIAN_POINT('Ctrl Pts',(139.517213225891,-112.008476998738,-2.79999999999999));
#13754=CARTESIAN_POINT('Ctrl Pts',(139.594432967972,-112.018219918631,0.200000000000011));
#13755=CARTESIAN_POINT('Ctrl Pts',(139.594432967972,-112.018219918631,-2.79999999999999));
#13756=CARTESIAN_POINT('',(139.594432967972,-112.018219918631,1.07381191007552E-14));
#13757=CARTESIAN_POINT('Ctrl Pts',(139.187202113937,-111.811535150431,1.09156684975151E-14));
#13758=CARTESIAN_POINT('Ctrl Pts',(139.24517401949,-111.871797001239,1.09052953300332E-14));
#13759=CARTESIAN_POINT('Ctrl Pts',(139.357243574785,-111.988293410268,1.08852422344614E-14));
#13760=CARTESIAN_POINT('Ctrl Pts',(139.517213225891,-112.008476998738,1.07860167335632E-14));
#13761=CARTESIAN_POINT('Ctrl Pts',(139.594432967972,-112.018219918631,1.07381191007552E-14));
#13762=CARTESIAN_POINT('',(139.594432967972,-112.018219918631,-2.79999999999999));
#13763=CARTESIAN_POINT('Ctrl Pts',(139.187202113937,-111.811535150431,-2.79999999999999));
#13764=CARTESIAN_POINT('Ctrl Pts',(139.24517401949,-111.871797001239,-2.79999999999999));
#13765=CARTESIAN_POINT('Ctrl Pts',(139.357243574785,-111.988293410268,-2.79999999999999));
#13766=CARTESIAN_POINT('Ctrl Pts',(139.517213225891,-112.008476998738,-2.79999999999999));
#13767=CARTESIAN_POINT('Ctrl Pts',(139.594432967972,-112.018219918631,-2.79999999999999));
#13768=CARTESIAN_POINT('',(139.594432967972,-112.018219918631,0.200000000000011));
#13769=CARTESIAN_POINT('Ctrl Pts',(139.594432967972,-112.018219918631,0.200000000000011));
#13770=CARTESIAN_POINT('Ctrl Pts',(139.594432967972,-112.018219918631,-2.79999999999999));
#13771=CARTESIAN_POINT('Ctrl Pts',(139.672181527533,-112.007093850711,0.200000000000011));
#13772=CARTESIAN_POINT('Ctrl Pts',(139.672181527533,-112.007093850711,-2.79999999999999));
#13773=CARTESIAN_POINT('Ctrl Pts',(139.837007221796,-111.983506765887,0.200000000000011));
#13774=CARTESIAN_POINT('Ctrl Pts',(139.837007221796,-111.983506765887,-2.79999999999999));
#13775=CARTESIAN_POINT('Ctrl Pts',(139.951440597203,-111.861608835835,0.20000000000001));
#13776=CARTESIAN_POINT('Ctrl Pts',(139.951440597203,-111.861608835835,-2.79999999999999));
#13777=CARTESIAN_POINT('Ctrl Pts',(140.011895555328,-111.797210366152,0.20000000000001));
#13778=CARTESIAN_POINT('Ctrl Pts',(140.011895555328,-111.797210366152,-2.79999999999999));
#13779=CARTESIAN_POINT('',(140.011895555328,-111.797210366152,1.03469272490081E-14));
#13780=CARTESIAN_POINT('Ctrl Pts',(139.594432967972,-112.018219918631,1.07381191007552E-14));
#13781=CARTESIAN_POINT('Ctrl Pts',(139.672181527533,-112.007093850711,1.06797768155168E-14));
#13782=CARTESIAN_POINT('Ctrl Pts',(139.837007221796,-111.983506765887,1.0556092117437E-14));
#13783=CARTESIAN_POINT('Ctrl Pts',(139.951440597203,-111.861608835835,1.04192308375176E-14));
#13784=CARTESIAN_POINT('Ctrl Pts',(140.011895555328,-111.797210366152,1.03469272490081E-14));
#13785=CARTESIAN_POINT('',(140.011895555328,-111.797210366152,-2.79999999999999));
#13786=CARTESIAN_POINT('Ctrl Pts',(139.594432967972,-112.018219918631,-2.79999999999999));
#13787=CARTESIAN_POINT('Ctrl Pts',(139.672181527533,-112.007093850711,-2.79999999999999));
#13788=CARTESIAN_POINT('Ctrl Pts',(139.837007221796,-111.983506765887,-2.79999999999999));
#13789=CARTESIAN_POINT('Ctrl Pts',(139.951440597203,-111.861608835835,-2.79999999999999));
#13790=CARTESIAN_POINT('Ctrl Pts',(140.011895555328,-111.797210366152,-2.79999999999999));
#13791=CARTESIAN_POINT('',(140.011895555328,-111.797210366152,0.20000000000001));
#13792=CARTESIAN_POINT('Ctrl Pts',(140.011895555328,-111.797210366152,0.20000000000001));
#13793=CARTESIAN_POINT('Ctrl Pts',(140.011895555328,-111.797210366152,-2.79999999999999));
#13794=CARTESIAN_POINT('Ctrl Pts',(140.06426850636,-111.709730447428,0.20000000000001));
#13795=CARTESIAN_POINT('Ctrl Pts',(140.06426850636,-111.709730447428,-2.79999999999999));
#13796=CARTESIAN_POINT('Ctrl Pts',(140.181366974948,-111.514137792953,0.20000000000001));
#13797=CARTESIAN_POINT('Ctrl Pts',(140.181366974948,-111.514137792953,-2.79999999999999));
#13798=CARTESIAN_POINT('Ctrl Pts',(140.188200618561,-111.285252810447,0.20000000000001));
#13799=CARTESIAN_POINT('Ctrl Pts',(140.188200618561,-111.285252810447,-2.79999999999999));
#13800=CARTESIAN_POINT('Ctrl Pts',(140.191977876495,-111.158737928293,0.20000000000001));
#13801=CARTESIAN_POINT('Ctrl Pts',(140.191977876495,-111.158737928293,-2.79999999999999));
#13802=CARTESIAN_POINT('',(140.191977876495,-111.158737928293,9.91572172213282E-15));
#13803=CARTESIAN_POINT('Ctrl Pts',(140.011895555328,-111.797210366152,1.03469272490081E-14));
#13804=CARTESIAN_POINT('Ctrl Pts',(140.06426850636,-111.709730447428,1.02689759938764E-14));
#13805=CARTESIAN_POINT('Ctrl Pts',(140.181366974948,-111.514137792953,1.00946880710102E-14));
#13806=CARTESIAN_POINT('Ctrl Pts',(140.188200618561,-111.285252810447,9.97942998177157E-15));
#13807=CARTESIAN_POINT('Ctrl Pts',(140.191977876495,-111.158737928293,9.91572172213282E-15));
#13808=CARTESIAN_POINT('',(140.191977876495,-111.158737928293,-2.79999999999999));
#13809=CARTESIAN_POINT('Ctrl Pts',(140.011895555328,-111.797210366152,-2.79999999999999));
#13810=CARTESIAN_POINT('Ctrl Pts',(140.06426850636,-111.709730447428,-2.79999999999999));
#13811=CARTESIAN_POINT('Ctrl Pts',(140.181366974948,-111.514137792953,-2.79999999999999));
#13812=CARTESIAN_POINT('Ctrl Pts',(140.188200618561,-111.285252810447,-2.79999999999999));
#13813=CARTESIAN_POINT('Ctrl Pts',(140.191977876495,-111.158737928293,-2.79999999999999));
#13814=CARTESIAN_POINT('',(140.191977876495,-111.158737928293,0.20000000000001));
#13815=CARTESIAN_POINT('Ctrl Pts',(139.068512576889,-112.163513094805,0.200000000000011));
#13816=CARTESIAN_POINT('Ctrl Pts',(139.068512576889,-112.163513094805,-2.79999999999999));
#13817=CARTESIAN_POINT('Ctrl Pts',(139.001469560711,-112.109710003859,0.200000000000011));
#13818=CARTESIAN_POINT('Ctrl Pts',(139.001469560711,-112.109710003859,-2.79999999999999));
#13819=CARTESIAN_POINT('Ctrl Pts',(138.8637157652,-111.999160383472,0.200000000000011));
#13820=CARTESIAN_POINT('Ctrl Pts',(138.8637157652,-111.999160383472,-2.79999999999999));
#13821=CARTESIAN_POINT('Ctrl Pts',(138.786742028727,-111.840018580494,0.200000000000011));
#13822=CARTESIAN_POINT('Ctrl Pts',(138.786742028727,-111.840018580494,-2.79999999999999));
#13823=CARTESIAN_POINT('Ctrl Pts',(138.747230428528,-111.758329064272,0.200000000000011));
#13824=CARTESIAN_POINT('Ctrl Pts',(138.747230428528,-111.758329064272,-2.79999999999999));
#13825=CARTESIAN_POINT('',(139.068512576889,-112.163513094805,1.1166609440357E-14));
#13826=CARTESIAN_POINT('',(138.747230428528,-111.758329064272,1.1189687018441E-14));
#13827=CARTESIAN_POINT('Ctrl Pts',(139.068512576889,-112.163513094805,1.1166609440357E-14));
#13828=CARTESIAN_POINT('Ctrl Pts',(139.001469560711,-112.109710003859,1.11862832901616E-14));
#13829=CARTESIAN_POINT('Ctrl Pts',(138.8637157652,-111.999160383472,1.12267073006402E-14));
#13830=CARTESIAN_POINT('Ctrl Pts',(138.786742028727,-111.840018580494,1.12022442281173E-14));
#13831=CARTESIAN_POINT('Ctrl Pts',(138.747230428528,-111.758329064272,1.1189687018441E-14));
#13832=CARTESIAN_POINT('',(139.068512576889,-112.163513094805,-2.79999999999999));
#13833=CARTESIAN_POINT('',(139.068512576889,-112.163513094805,0.200000000000011));
#13834=CARTESIAN_POINT('',(138.747230428528,-111.758329064272,-2.79999999999999));
#13835=CARTESIAN_POINT('Ctrl Pts',(139.068512576889,-112.163513094805,-2.79999999999999));
#13836=CARTESIAN_POINT('Ctrl Pts',(139.001469560711,-112.109710003859,-2.79999999999999));
#13837=CARTESIAN_POINT('Ctrl Pts',(138.8637157652,-111.999160383472,-2.79999999999999));
#13838=CARTESIAN_POINT('Ctrl Pts',(138.786742028727,-111.840018580494,-2.79999999999999));
#13839=CARTESIAN_POINT('Ctrl Pts',(138.747230428528,-111.758329064272,-2.79999999999999));
#13840=CARTESIAN_POINT('',(138.747230428528,-111.758329064272,0.200000000000011));
#13841=CARTESIAN_POINT('Ctrl Pts',(138.747230428528,-111.758329064272,0.200000000000011));
#13842=CARTESIAN_POINT('Ctrl Pts',(138.747230428528,-111.758329064272,-2.79999999999999));
#13843=CARTESIAN_POINT('Ctrl Pts',(138.715602611119,-111.668304779685,0.200000000000011));
#13844=CARTESIAN_POINT('Ctrl Pts',(138.715602611119,-111.668304779685,-2.79999999999999));
#13845=CARTESIAN_POINT('Ctrl Pts',(138.65068690568,-111.483531045058,0.200000000000011));
#13846=CARTESIAN_POINT('Ctrl Pts',(138.65068690568,-111.483531045058,-2.79999999999999));
#13847=CARTESIAN_POINT('Ctrl Pts',(138.64281039825,-111.287770720371,0.200000000000011));
#13848=CARTESIAN_POINT('Ctrl Pts',(138.64281039825,-111.287770720371,-2.79999999999999));
#13849=CARTESIAN_POINT('Ctrl Pts',(138.638771432709,-111.187387496851,0.200000000000011));
#13850=CARTESIAN_POINT('Ctrl Pts',(138.638771432709,-111.187387496851,-2.79999999999999));
#13851=CARTESIAN_POINT('',(138.638771432709,-111.187387496851,1.09876816587757E-14));
#13852=CARTESIAN_POINT('Ctrl Pts',(138.747230428528,-111.758329064272,1.1189687018441E-14));
#13853=CARTESIAN_POINT('Ctrl Pts',(138.715602611119,-111.668304779685,1.11677314612271E-14));
#13854=CARTESIAN_POINT('Ctrl Pts',(138.65068690568,-111.483531045058,1.11226679394492E-14));
#13855=CARTESIAN_POINT('Ctrl Pts',(138.64281039825,-111.287770720371,1.10334377044341E-14));
#13856=CARTESIAN_POINT('Ctrl Pts',(138.638771432709,-111.187387496851,1.09876816587757E-14));
#13857=CARTESIAN_POINT('',(138.638771432709,-111.187387496851,-2.79999999999999));
#13858=CARTESIAN_POINT('Ctrl Pts',(138.747230428528,-111.758329064272,-2.79999999999999));
#13859=CARTESIAN_POINT('Ctrl Pts',(138.715602611119,-111.668304779685,-2.79999999999999));
#13860=CARTESIAN_POINT('Ctrl Pts',(138.65068690568,-111.483531045058,-2.79999999999999));
#13861=CARTESIAN_POINT('Ctrl Pts',(138.64281039825,-111.287770720371,-2.79999999999999));
#13862=CARTESIAN_POINT('Ctrl Pts',(138.638771432709,-111.187387496851,-2.79999999999999));
#13863=CARTESIAN_POINT('',(138.638771432709,-111.187387496851,0.200000000000011));
#13864=CARTESIAN_POINT('Ctrl Pts',(138.638771432709,-111.187387496851,0.200000000000011));
#13865=CARTESIAN_POINT('Ctrl Pts',(138.638771432709,-111.187387496851,-2.79999999999999));
#13866=CARTESIAN_POINT('Ctrl Pts',(138.643113119403,-111.080489021739,0.200000000000011));
#13867=CARTESIAN_POINT('Ctrl Pts',(138.643113119403,-111.080489021739,-2.79999999999999));
#13868=CARTESIAN_POINT('Ctrl Pts',(138.651522468407,-110.873438939941,0.200000000000011));
#13869=CARTESIAN_POINT('Ctrl Pts',(138.651522468407,-110.873438939941,-2.79999999999999));
#13870=CARTESIAN_POINT('Ctrl Pts',(138.724303221839,-110.679540697371,0.200000000000011));
#13871=CARTESIAN_POINT('Ctrl Pts',(138.724303221839,-110.679540697371,-2.79999999999999));
#13872=CARTESIAN_POINT('Ctrl Pts',(138.759507793259,-110.585750729464,0.200000000000011));
#13873=CARTESIAN_POINT('Ctrl Pts',(138.759507793259,-110.585750729464,-2.79999999999999));
#13874=CARTESIAN_POINT('',(138.759507793259,-110.585750729464,1.06147052092002E-14));
#13875=CARTESIAN_POINT('Ctrl Pts',(138.638771432709,-111.187387496851,1.09876816587757E-14));
#13876=CARTESIAN_POINT('Ctrl Pts',(138.643113119403,-111.080489021739,1.09330680018178E-14));
#13877=CARTESIAN_POINT('Ctrl Pts',(138.651522468407,-110.873438939941,1.08272876156889E-14));
#13878=CARTESIAN_POINT('Ctrl Pts',(138.724303221839,-110.679540697371,1.06840097427295E-14));
#13879=CARTESIAN_POINT('Ctrl Pts',(138.759507793259,-110.585750729464,1.06147052092002E-14));
#13880=CARTESIAN_POINT('',(138.759507793259,-110.585750729464,-2.79999999999999));
#13881=CARTESIAN_POINT('Ctrl Pts',(138.638771432709,-111.187387496851,-2.79999999999999));
#13882=CARTESIAN_POINT('Ctrl Pts',(138.643113119403,-111.080489021739,-2.79999999999999));
#13883=CARTESIAN_POINT('Ctrl Pts',(138.651522468407,-110.873438939941,-2.79999999999999));
#13884=CARTESIAN_POINT('Ctrl Pts',(138.724303221839,-110.679540697371,-2.79999999999999));
#13885=CARTESIAN_POINT('Ctrl Pts',(138.759507793259,-110.585750729464,-2.79999999999999));
#13886=CARTESIAN_POINT('',(138.759507793259,-110.585750729464,0.200000000000011));
#13887=CARTESIAN_POINT('Ctrl Pts',(138.759507793259,-110.585750729464,0.200000000000011));
#13888=CARTESIAN_POINT('Ctrl Pts',(138.759507793259,-110.585750729464,-2.79999999999999));
#13889=CARTESIAN_POINT('Ctrl Pts',(138.802884118329,-110.502691226852,0.200000000000011));
#13890=CARTESIAN_POINT('Ctrl Pts',(138.802884118329,-110.502691226852,-2.79999999999999));
#13891=CARTESIAN_POINT('Ctrl Pts',(138.887935940052,-110.339829066511,0.20000000000001));
#13892=CARTESIAN_POINT('Ctrl Pts',(138.887935940052,-110.339829066511,-2.79999999999999));
#13893=CARTESIAN_POINT('Ctrl Pts',(139.035223026362,-110.230194647406,0.20000000000001));
#13894=CARTESIAN_POINT('Ctrl Pts',(139.035223026362,-110.230194647406,-2.79999999999999));
#13895=CARTESIAN_POINT('Ctrl Pts',(139.107393878769,-110.176473647974,0.20000000000001));
#13896=CARTESIAN_POINT('Ctrl Pts',(139.107393878769,-110.176473647974,-2.79999999999999));
#13897=CARTESIAN_POINT('',(139.107393878769,-110.176473647974,1.0179936701098E-14));
#13898=CARTESIAN_POINT('Ctrl Pts',(138.759507793259,-110.585750729464,1.06147052092002E-14));
#13899=CARTESIAN_POINT('Ctrl Pts',(138.802884118329,-110.502691226852,1.05450189194104E-14));
#13900=CARTESIAN_POINT('Ctrl Pts',(138.887935940052,-110.339829066511,1.04083788069073E-14));
#13901=CARTESIAN_POINT('Ctrl Pts',(139.035223026362,-110.230194647406,1.02550620839184E-14));
#13902=CARTESIAN_POINT('Ctrl Pts',(139.107393878769,-110.176473647974,1.0179936701098E-14));
#13903=CARTESIAN_POINT('',(139.107393878769,-110.176473647974,-2.79999999999999));
#13904=CARTESIAN_POINT('Ctrl Pts',(138.759507793259,-110.585750729464,-2.79999999999999));
#13905=CARTESIAN_POINT('Ctrl Pts',(138.802884118329,-110.502691226852,-2.79999999999999));
#13906=CARTESIAN_POINT('Ctrl Pts',(138.887935940052,-110.339829066511,-2.79999999999999));
#13907=CARTESIAN_POINT('Ctrl Pts',(139.035223026362,-110.230194647406,-2.79999999999999));
#13908=CARTESIAN_POINT('Ctrl Pts',(139.107393878769,-110.176473647974,-2.79999999999999));
#13909=CARTESIAN_POINT('',(139.107393878769,-110.176473647974,0.20000000000001));
#13910=CARTESIAN_POINT('Ctrl Pts',(139.107393878769,-110.176473647974,0.20000000000001));
#13911=CARTESIAN_POINT('Ctrl Pts',(139.107393878769,-110.176473647974,-2.79999999999999));
#13912=CARTESIAN_POINT('Ctrl Pts',(139.183437218464,-110.135293358439,0.20000000000001));
#13913=CARTESIAN_POINT('Ctrl Pts',(139.183437218464,-110.135293358439,-2.79999999999999));
#13914=CARTESIAN_POINT('Ctrl Pts',(139.333117148845,-110.054236123245,0.20000000000001));
#13915=CARTESIAN_POINT('Ctrl Pts',(139.333117148845,-110.054236123245,-2.79999999999999));
#13916=CARTESIAN_POINT('Ctrl Pts',(139.502780444248,-110.041526067959,0.20000000000001));
#13917=CARTESIAN_POINT('Ctrl Pts',(139.502780444248,-110.041526067959,-2.79999999999999));
#13918=CARTESIAN_POINT('Ctrl Pts',(139.586248058151,-110.035273224734,0.20000000000001));
#13919=CARTESIAN_POINT('Ctrl Pts',(139.586248058151,-110.035273224734,-2.79999999999999));
#13920=CARTESIAN_POINT('',(139.586248058151,-110.035273224734,9.7854877512427E-15));
#13921=CARTESIAN_POINT('Ctrl Pts',(139.107393878769,-110.176473647974,1.0179936701098E-14));
#13922=CARTESIAN_POINT('Ctrl Pts',(139.183437218464,-110.135293358439,1.01082331742202E-14));
#13923=CARTESIAN_POINT('Ctrl Pts',(139.333117148845,-110.054236123245,9.96709551529061E-15));
#13924=CARTESIAN_POINT('Ctrl Pts',(139.502780444248,-110.041526067959,9.84537126007791E-15));
#13925=CARTESIAN_POINT('Ctrl Pts',(139.586248058151,-110.035273224734,9.7854877512427E-15));
#13926=CARTESIAN_POINT('',(139.586248058151,-110.035273224734,-2.79999999999999));
#13927=CARTESIAN_POINT('Ctrl Pts',(139.107393878769,-110.176473647974,-2.79999999999999));
#13928=CARTESIAN_POINT('Ctrl Pts',(139.183437218464,-110.135293358439,-2.79999999999999));
#13929=CARTESIAN_POINT('Ctrl Pts',(139.333117148845,-110.054236123245,-2.79999999999999));
#13930=CARTESIAN_POINT('Ctrl Pts',(139.502780444248,-110.041526067959,-2.79999999999999));
#13931=CARTESIAN_POINT('Ctrl Pts',(139.586248058151,-110.035273224734,-2.79999999999999));
#13932=CARTESIAN_POINT('',(139.586248058151,-110.035273224734,0.20000000000001));
#13933=CARTESIAN_POINT('Ctrl Pts',(139.586248058151,-110.035273224734,0.20000000000001));
#13934=CARTESIAN_POINT('Ctrl Pts',(139.586248058151,-110.035273224734,-2.79999999999999));
#13935=CARTESIAN_POINT('Ctrl Pts',(139.645425125363,-110.038160301115,0.20000000000001));
#13936=CARTESIAN_POINT('Ctrl Pts',(139.645425125363,-110.038160301115,-2.79999999999999));
#13937=CARTESIAN_POINT('Ctrl Pts',(139.76075943522,-110.043787125452,0.20000000000001));
#13938=CARTESIAN_POINT('Ctrl Pts',(139.76075943522,-110.043787125452,-2.79999999999999));
#13939=CARTESIAN_POINT('Ctrl Pts',(139.866349333097,-110.090359398297,0.20000000000001));
#13940=CARTESIAN_POINT('Ctrl Pts',(139.866349333097,-110.090359398297,-2.79999999999999));
#13941=CARTESIAN_POINT('Ctrl Pts',(139.917761939834,-110.113035828493,0.20000000000001));
#13942=CARTESIAN_POINT('Ctrl Pts',(139.917761939834,-110.113035828493,-2.79999999999999));
#13943=CARTESIAN_POINT('',(139.917761939834,-110.113035828493,9.59722197322123E-15));
#13944=CARTESIAN_POINT('Ctrl Pts',(139.586248058151,-110.035273224734,9.7854877512427E-15));
#13945=CARTESIAN_POINT('Ctrl Pts',(139.645425125363,-110.038160301115,9.74656871317054E-15));
#13946=CARTESIAN_POINT('Ctrl Pts',(139.76075943522,-110.043787125452,9.67071668113335E-15));
#13947=CARTESIAN_POINT('Ctrl Pts',(139.866349333097,-110.090359398297,9.62128881795888E-15));
#13948=CARTESIAN_POINT('Ctrl Pts',(139.917761939834,-110.113035828493,9.59722197322123E-15));
#13949=CARTESIAN_POINT('',(139.917761939834,-110.113035828493,-2.79999999999999));
#13950=CARTESIAN_POINT('Ctrl Pts',(139.586248058151,-110.035273224734,-2.79999999999999));
#13951=CARTESIAN_POINT('Ctrl Pts',(139.645425125363,-110.038160301115,-2.79999999999999));
#13952=CARTESIAN_POINT('Ctrl Pts',(139.76075943522,-110.043787125452,-2.79999999999999));
#13953=CARTESIAN_POINT('Ctrl Pts',(139.866349333097,-110.090359398297,-2.79999999999999));
#13954=CARTESIAN_POINT('Ctrl Pts',(139.917761939834,-110.113035828493,-2.79999999999999));
#13955=CARTESIAN_POINT('',(139.917761939834,-110.113035828493,0.20000000000001));
#13956=CARTESIAN_POINT('Ctrl Pts',(139.917761939834,-110.113035828493,0.20000000000001));
#13957=CARTESIAN_POINT('Ctrl Pts',(139.917761939834,-110.113035828493,-2.79999999999999));
#13958=CARTESIAN_POINT('Ctrl Pts',(139.963703730378,-110.140215144656,0.20000000000001));
#13959=CARTESIAN_POINT('Ctrl Pts',(139.963703730378,-110.140215144656,-2.79999999999999));
#13960=CARTESIAN_POINT('Ctrl Pts',(140.053635269168,-110.193418942264,0.20000000000001));
#13961=CARTESIAN_POINT('Ctrl Pts',(140.053635269168,-110.193418942264,-2.79999999999999));
#13962=CARTESIAN_POINT('Ctrl Pts',(140.123174244058,-110.271362636218,0.20000000000001));
#13963=CARTESIAN_POINT('Ctrl Pts',(140.123174244058,-110.271362636218,-2.79999999999999));
#13964=CARTESIAN_POINT('Ctrl Pts',(140.157189029526,-110.309488565348,0.20000000000001));
#13965=CARTESIAN_POINT('Ctrl Pts',(140.157189029526,-110.309488565348,-2.79999999999999));
#13966=CARTESIAN_POINT('',(140.157189029526,-110.309488565348,9.52904387770642E-15));
#13967=CARTESIAN_POINT('Ctrl Pts',(139.917761939834,-110.113035828493,9.59722197322123E-15));
#13968=CARTESIAN_POINT('Ctrl Pts',(139.963703730378,-110.140215144656,9.57905800514004E-15));
#13969=CARTESIAN_POINT('Ctrl Pts',(140.053635269168,-110.193418942264,9.5435018491687E-15));
#13970=CARTESIAN_POINT('Ctrl Pts',(140.123174244058,-110.271362636218,9.53379294907776E-15));
#13971=CARTESIAN_POINT('Ctrl Pts',(140.157189029526,-110.309488565348,9.52904387770642E-15));
#13972=CARTESIAN_POINT('',(140.157189029526,-110.309488565348,-2.79999999999999));
#13973=CARTESIAN_POINT('Ctrl Pts',(139.917761939834,-110.113035828493,-2.79999999999999));
#13974=CARTESIAN_POINT('Ctrl Pts',(139.963703730378,-110.140215144656,-2.79999999999999));
#13975=CARTESIAN_POINT('Ctrl Pts',(140.053635269168,-110.193418942264,-2.79999999999999));
#13976=CARTESIAN_POINT('Ctrl Pts',(140.123174244058,-110.271362636218,-2.79999999999999));
#13977=CARTESIAN_POINT('Ctrl Pts',(140.157189029526,-110.309488565348,-2.79999999999999));
#13978=CARTESIAN_POINT('',(140.157189029526,-110.309488565348,0.20000000000001));
#13979=CARTESIAN_POINT('Ctrl Pts',(139.19129576094,-110.544822604082,0.20000000000001));
#13980=CARTESIAN_POINT('Ctrl Pts',(139.19129576094,-110.544822604082,-2.79999999999999));
#13981=CARTESIAN_POINT('Ctrl Pts',(139.140170815014,-110.631213900047,0.20000000000001));
#13982=CARTESIAN_POINT('Ctrl Pts',(139.140170815014,-110.631213900047,-2.79999999999999));
#13983=CARTESIAN_POINT('Ctrl Pts',(139.023244374054,-110.828797028677,0.200000000000011));
#13984=CARTESIAN_POINT('Ctrl Pts',(139.023244374054,-110.828797028677,-2.79999999999999));
#13985=CARTESIAN_POINT('Ctrl Pts',(139.01816459173,-111.059566531784,0.200000000000011));
#13986=CARTESIAN_POINT('Ctrl Pts',(139.01816459173,-111.059566531784,-2.79999999999999));
#13987=CARTESIAN_POINT('Ctrl Pts',(139.015305894684,-111.189434320353,0.200000000000011));
#13988=CARTESIAN_POINT('Ctrl Pts',(139.015305894684,-111.189434320353,-2.79999999999999));
#13989=CARTESIAN_POINT('',(139.19129576094,-110.544822604082,1.03007739043655E-14));
#13990=CARTESIAN_POINT('Ctrl Pts',(139.19129576094,-110.544822604082,1.03007739043655E-14));
#13991=CARTESIAN_POINT('Ctrl Pts',(139.140170815014,-110.631213900047,1.03773489129375E-14));
#13992=CARTESIAN_POINT('Ctrl Pts',(139.023244374054,-110.828797028677,1.05524814864709E-14));
#13993=CARTESIAN_POINT('Ctrl Pts',(139.01816459173,-111.059566531784,1.06674554143537E-14));
#13994=CARTESIAN_POINT('Ctrl Pts',(139.015305894684,-111.189434320353,1.07321581146607E-14));
#13995=CARTESIAN_POINT('',(139.19129576094,-110.544822604082,-2.79999999999999));
#13996=CARTESIAN_POINT('',(139.19129576094,-110.544822604082,0.20000000000001));
#13997=CARTESIAN_POINT('Ctrl Pts',(139.19129576094,-110.544822604082,-2.79999999999999));
#13998=CARTESIAN_POINT('Ctrl Pts',(139.140170815014,-110.631213900047,-2.79999999999999));
#13999=CARTESIAN_POINT('Ctrl Pts',(139.023244374054,-110.828797028677,-2.79999999999999));
#14000=CARTESIAN_POINT('Ctrl Pts',(139.01816459173,-111.059566531784,-2.79999999999999));
#14001=CARTESIAN_POINT('Ctrl Pts',(139.015305894684,-111.189434320353,-2.79999999999999));
#14002=CARTESIAN_POINT('Ctrl Pts',(139.610803979706,-110.338138133906,0.20000000000001));
#14003=CARTESIAN_POINT('Ctrl Pts',(139.610803979706,-110.338138133906,-2.79999999999999));
#14004=CARTESIAN_POINT('Ctrl Pts',(139.531183157037,-110.347658964011,0.20000000000001));
#14005=CARTESIAN_POINT('Ctrl Pts',(139.531183157037,-110.347658964011,-2.79999999999999));
#14006=CARTESIAN_POINT('Ctrl Pts',(139.3674404953,-110.367238842881,0.20000000000001));
#14007=CARTESIAN_POINT('Ctrl Pts',(139.3674404953,-110.367238842881,-2.79999999999999));
#14008=CARTESIAN_POINT('Ctrl Pts',(139.251076887114,-110.484553091779,0.20000000000001));
#14009=CARTESIAN_POINT('Ctrl Pts',(139.251076887114,-110.484553091779,-2.79999999999999));
#14010=CARTESIAN_POINT('Ctrl Pts',(139.19129576094,-110.544822604082,0.20000000000001));
#14011=CARTESIAN_POINT('Ctrl Pts',(139.19129576094,-110.544822604082,-2.79999999999999));
#14012=CARTESIAN_POINT('',(139.610803979706,-110.338138133906,9.91511069622203E-15));
#14013=CARTESIAN_POINT('Ctrl Pts',(139.610803979706,-110.338138133906,9.91511069622203E-15));
#14014=CARTESIAN_POINT('Ctrl Pts',(139.531183157037,-110.347658964011,9.97395276398652E-15));
#14015=CARTESIAN_POINT('Ctrl Pts',(139.3674404953,-110.367238842881,1.0094963274E-14));
#14016=CARTESIAN_POINT('Ctrl Pts',(139.251076887114,-110.484553091779,1.0230924577277E-14));
#14017=CARTESIAN_POINT('Ctrl Pts',(139.19129576094,-110.544822604082,1.03007739043655E-14));
#14018=CARTESIAN_POINT('',(139.610803979706,-110.338138133906,-2.79999999999999));
#14019=CARTESIAN_POINT('',(139.610803979706,-110.338138133906,0.20000000000001));
#14020=CARTESIAN_POINT('Ctrl Pts',(139.610803979706,-110.338138133906,-2.79999999999999));
#14021=CARTESIAN_POINT('Ctrl Pts',(139.531183157037,-110.347658964011,-2.79999999999999));
#14022=CARTESIAN_POINT('Ctrl Pts',(139.3674404953,-110.367238842881,-2.79999999999999));
#14023=CARTESIAN_POINT('Ctrl Pts',(139.251076887114,-110.484553091779,-2.79999999999999));
#14024=CARTESIAN_POINT('Ctrl Pts',(139.19129576094,-110.544822604082,-2.79999999999999));
#14025=CARTESIAN_POINT('Ctrl Pts',(140.02212728865,-110.538683921717,0.20000000000001));
#14026=CARTESIAN_POINT('Ctrl Pts',(140.02212728865,-110.538683921717,-2.79999999999999));
#14027=CARTESIAN_POINT('Ctrl Pts',(139.963553033246,-110.480201584349,0.20000000000001));
#14028=CARTESIAN_POINT('Ctrl Pts',(139.963553033246,-110.480201584349,-2.79999999999999));
#14029=CARTESIAN_POINT('Ctrl Pts',(139.849192946798,-110.366020958219,0.20000000000001));
#14030=CARTESIAN_POINT('Ctrl Pts',(139.849192946798,-110.366020958219,-2.79999999999999));
#14031=CARTESIAN_POINT('Ctrl Pts',(139.688964695149,-110.347280090111,0.20000000000001));
#14032=CARTESIAN_POINT('Ctrl Pts',(139.688964695149,-110.347280090111,-2.79999999999999));
#14033=CARTESIAN_POINT('Ctrl Pts',(139.610803979706,-110.338138133906,0.20000000000001));
#14034=CARTESIAN_POINT('Ctrl Pts',(139.610803979706,-110.338138133906,-2.79999999999999));
#14035=CARTESIAN_POINT('',(140.02212728865,-110.538683921717,9.73180683555121E-15));
#14036=CARTESIAN_POINT('Ctrl Pts',(140.02212728865,-110.538683921717,9.73180683555121E-15));
#14037=CARTESIAN_POINT('Ctrl Pts',(139.963553033246,-110.480201584349,9.74345025053302E-15));
#14038=CARTESIAN_POINT('Ctrl Pts',(139.849192946798,-110.366020958219,9.76618279917588E-15));
#14039=CARTESIAN_POINT('Ctrl Pts',(139.688964695149,-110.347280090111,9.86628162909299E-15));
#14040=CARTESIAN_POINT('Ctrl Pts',(139.610803979706,-110.338138133906,9.91511069622203E-15));
#14041=CARTESIAN_POINT('',(140.02212728865,-110.538683921717,-2.79999999999999));
#14042=CARTESIAN_POINT('',(140.02212728865,-110.538683921717,0.20000000000001));
#14043=CARTESIAN_POINT('Ctrl Pts',(140.02212728865,-110.538683921717,-2.79999999999999));
#14044=CARTESIAN_POINT('Ctrl Pts',(139.963553033246,-110.480201584349,-2.79999999999999));
#14045=CARTESIAN_POINT('Ctrl Pts',(139.849192946798,-110.366020958219,-2.79999999999999));
#14046=CARTESIAN_POINT('Ctrl Pts',(139.688964695149,-110.347280090111,-2.79999999999999));
#14047=CARTESIAN_POINT('Ctrl Pts',(139.610803979706,-110.338138133906,-2.79999999999999));
#14048=CARTESIAN_POINT('Ctrl Pts',(140.191977876495,-111.158737928293,0.20000000000001));
#14049=CARTESIAN_POINT('Ctrl Pts',(140.191977876495,-111.158737928293,-2.79999999999999));
#14050=CARTESIAN_POINT('Ctrl Pts',(140.189220450226,-111.033755750603,0.20000000000001));
#14051=CARTESIAN_POINT('Ctrl Pts',(140.189220450226,-111.033755750603,-2.79999999999999));
#14052=CARTESIAN_POINT('Ctrl Pts',(140.18432075077,-110.811673617417,0.20000000000001));
#14053=CARTESIAN_POINT('Ctrl Pts',(140.18432075077,-110.811673617417,-2.79999999999999));
#14054=CARTESIAN_POINT('Ctrl Pts',(140.07146896073,-110.621731461798,0.20000000000001));
#14055=CARTESIAN_POINT('Ctrl Pts',(140.07146896073,-110.621731461798,-2.79999999999999));
#14056=CARTESIAN_POINT('Ctrl Pts',(140.02212728865,-110.538683921717,0.20000000000001));
#14057=CARTESIAN_POINT('Ctrl Pts',(140.02212728865,-110.538683921717,-2.79999999999999));
#14058=CARTESIAN_POINT('Ctrl Pts',(140.191977876495,-111.158737928293,9.91572172213282E-15));
#14059=CARTESIAN_POINT('Ctrl Pts',(140.189220450226,-111.033755750603,9.85720582822748E-15));
#14060=CARTESIAN_POINT('Ctrl Pts',(140.18432075077,-110.811673617417,9.7532283318745E-15));
#14061=CARTESIAN_POINT('Ctrl Pts',(140.07146896073,-110.621731461798,9.73832357534796E-15));
#14062=CARTESIAN_POINT('Ctrl Pts',(140.02212728865,-110.538683921717,9.73180683555121E-15));
#14063=CARTESIAN_POINT('Ctrl Pts',(140.191977876495,-111.158737928293,-2.79999999999999));
#14064=CARTESIAN_POINT('Ctrl Pts',(140.189220450226,-111.033755750603,-2.79999999999999));
#14065=CARTESIAN_POINT('Ctrl Pts',(140.18432075077,-110.811673617417,-2.79999999999999));
#14066=CARTESIAN_POINT('Ctrl Pts',(140.07146896073,-110.621731461798,-2.79999999999999));
#14067=CARTESIAN_POINT('Ctrl Pts',(140.02212728865,-110.538683921717,-2.79999999999999));
#14068=CARTESIAN_POINT('Origin',(140.157189029526,-110.309488565348,0.20000000000001));
#14069=CARTESIAN_POINT('',(140.157189029526,-109.251507908724,9.0178023069068E-15));
#14070=CARTESIAN_POINT('',(140.157189029526,-92.7257539543621,0.));
#14071=CARTESIAN_POINT('',(140.157189029526,-109.251507908724,-2.79999999999999));
#14072=CARTESIAN_POINT('',(140.157189029526,-110.309488565348,-2.79999999999999));
#14073=CARTESIAN_POINT('',(140.157189029526,-109.251507908724,0.200000000000009));
#14074=CARTESIAN_POINT('Ctrl Pts',(139.559644121002,-112.306760043524,0.200000000000011));
#14075=CARTESIAN_POINT('Ctrl Pts',(139.559644121002,-112.306760043524,-2.79999999999999));
#14076=CARTESIAN_POINT('Ctrl Pts',(139.470411003873,-112.30132757939,0.200000000000011));
#14077=CARTESIAN_POINT('Ctrl Pts',(139.470411003873,-112.30132757939,-2.79999999999999));
#14078=CARTESIAN_POINT('Ctrl Pts',(139.295741662608,-112.290693803924,0.200000000000011));
#14079=CARTESIAN_POINT('Ctrl Pts',(139.295741662608,-112.290693803924,-2.79999999999999));
#14080=CARTESIAN_POINT('Ctrl Pts',(139.143149946019,-112.205287824051,0.200000000000011));
#14081=CARTESIAN_POINT('Ctrl Pts',(139.143149946019,-112.205287824051,-2.79999999999999));
#14082=CARTESIAN_POINT('Ctrl Pts',(139.068512576889,-112.163513094805,0.200000000000011));
#14083=CARTESIAN_POINT('Ctrl Pts',(139.068512576889,-112.163513094805,-2.79999999999999));
#14084=CARTESIAN_POINT('',(139.559644121002,-112.306760043524,1.09012483571581E-14));
#14085=CARTESIAN_POINT('Ctrl Pts',(139.559644121002,-112.306760043524,1.09012483571581E-14));
#14086=CARTESIAN_POINT('Ctrl Pts',(139.470411003873,-112.30132757939,1.09594129681368E-14));
#14087=CARTESIAN_POINT('Ctrl Pts',(139.295741662608,-112.290693803924,1.10732672781092E-14));
#14088=CARTESIAN_POINT('Ctrl Pts',(139.143149946019,-112.205287824051,1.11359495732265E-14));
#14089=CARTESIAN_POINT('Ctrl Pts',(139.068512576889,-112.163513094805,1.1166609440357E-14));
#14090=CARTESIAN_POINT('',(139.559644121002,-112.306760043524,-2.79999999999999));
#14091=CARTESIAN_POINT('',(139.559644121002,-112.306760043524,0.200000000000011));
#14092=CARTESIAN_POINT('Ctrl Pts',(139.559644121002,-112.306760043524,-2.79999999999999));
#14093=CARTESIAN_POINT('Ctrl Pts',(139.470411003873,-112.30132757939,-2.79999999999999));
#14094=CARTESIAN_POINT('Ctrl Pts',(139.295741662608,-112.290693803924,-2.79999999999999));
#14095=CARTESIAN_POINT('Ctrl Pts',(139.143149946019,-112.205287824051,-2.79999999999999));
#14096=CARTESIAN_POINT('Ctrl Pts',(139.068512576889,-112.163513094805,-2.79999999999999));
#14097=CARTESIAN_POINT('Ctrl Pts',(139.921854394745,-112.222858459376,0.200000000000011));
#14098=CARTESIAN_POINT('Ctrl Pts',(139.921854394745,-112.222858459376,-2.79999999999999));
#14099=CARTESIAN_POINT('Ctrl Pts',(139.867604350746,-112.24730844645,0.200000000000011));
#14100=CARTESIAN_POINT('Ctrl Pts',(139.867604350746,-112.24730844645,-2.79999999999999));
#14101=CARTESIAN_POINT('Ctrl Pts',(139.752582420583,-112.299147753822,0.200000000000011));
#14102=CARTESIAN_POINT('Ctrl Pts',(139.752582420583,-112.299147753822,-2.79999999999999));
#14103=CARTESIAN_POINT('Ctrl Pts',(139.626342851503,-112.304128476539,0.200000000000011));
#14104=CARTESIAN_POINT('Ctrl Pts',(139.626342851503,-112.304128476539,-2.79999999999999));
#14105=CARTESIAN_POINT('Ctrl Pts',(139.559644121002,-112.306760043524,0.200000000000011));
#14106=CARTESIAN_POINT('Ctrl Pts',(139.559644121002,-112.306760043524,-2.79999999999999));
#14107=CARTESIAN_POINT('',(139.921854394745,-112.222858459376,1.06139507791225E-14));
#14108=CARTESIAN_POINT('Ctrl Pts',(139.921854394745,-112.222858459376,1.06139507791225E-14));
#14109=CARTESIAN_POINT('Ctrl Pts',(139.867604350746,-112.24730844645,1.06627232298745E-14));
#14110=CARTESIAN_POINT('Ctrl Pts',(139.752582420583,-112.299147753822,1.0766131456394E-14));
#14111=CARTESIAN_POINT('Ctrl Pts',(139.626342851503,-112.304128476539,1.08545384729917E-14));
#14112=CARTESIAN_POINT('Ctrl Pts',(139.559644121002,-112.306760043524,1.09012483571581E-14));
#14113=CARTESIAN_POINT('',(139.921854394745,-112.222858459376,-2.79999999999999));
#14114=CARTESIAN_POINT('',(139.921854394745,-112.222858459376,0.200000000000011));
#14115=CARTESIAN_POINT('Ctrl Pts',(139.921854394745,-112.222858459376,-2.79999999999999));
#14116=CARTESIAN_POINT('Ctrl Pts',(139.867604350746,-112.24730844645,-2.79999999999999));
#14117=CARTESIAN_POINT('Ctrl Pts',(139.752582420583,-112.299147753822,-2.79999999999999));
#14118=CARTESIAN_POINT('Ctrl Pts',(139.626342851503,-112.304128476539,-2.79999999999999));
#14119=CARTESIAN_POINT('Ctrl Pts',(139.559644121002,-112.306760043524,-2.79999999999999));
#14120=CARTESIAN_POINT('Ctrl Pts',(140.189931052994,-111.975245863817,0.20000000000001));
#14121=CARTESIAN_POINT('Ctrl Pts',(140.189931052994,-111.975245863817,-2.79999999999999));
#14122=CARTESIAN_POINT('Ctrl Pts',(140.150353773338,-112.026290113058,0.20000000000001));
#14123=CARTESIAN_POINT('Ctrl Pts',(140.150353773338,-112.026290113058,-2.79999999999999));
#14124=CARTESIAN_POINT('Ctrl Pts',(140.074716960391,-112.123841646804,0.200000000000011));
#14125=CARTESIAN_POINT('Ctrl Pts',(140.074716960391,-112.123841646804,-2.79999999999999));
#14126=CARTESIAN_POINT('Ctrl Pts',(139.971203840457,-112.190892328257,0.200000000000011));
#14127=CARTESIAN_POINT('Ctrl Pts',(139.971203840457,-112.190892328257,-2.79999999999999));
#14128=CARTESIAN_POINT('Ctrl Pts',(139.921854394745,-112.222858459376,0.200000000000011));
#14129=CARTESIAN_POINT('Ctrl Pts',(139.921854394745,-112.222858459376,-2.79999999999999));
#14130=CARTESIAN_POINT('',(140.189931052994,-111.975245863817,1.03116722819055E-14));
#14131=CARTESIAN_POINT('Ctrl Pts',(140.189931052994,-111.975245863817,1.03116722819055E-14));
#14132=CARTESIAN_POINT('Ctrl Pts',(140.150353773338,-112.026290113058,1.03632999492009E-14));
#14133=CARTESIAN_POINT('Ctrl Pts',(140.074716960391,-112.123841646804,1.04619664662566E-14));
#14134=CARTESIAN_POINT('Ctrl Pts',(139.971203840457,-112.190892328257,1.05648848653687E-14));
#14135=CARTESIAN_POINT('Ctrl Pts',(139.921854394745,-112.222858459376,1.06139507791225E-14));
#14136=CARTESIAN_POINT('',(140.189931052994,-111.975245863817,-2.79999999999999));
#14137=CARTESIAN_POINT('',(140.189931052994,-111.975245863817,0.20000000000001));
#14138=CARTESIAN_POINT('Ctrl Pts',(140.189931052994,-111.975245863817,-2.79999999999999));
#14139=CARTESIAN_POINT('Ctrl Pts',(140.150353773338,-112.026290113058,-2.79999999999999));
#14140=CARTESIAN_POINT('Ctrl Pts',(140.074716960391,-112.123841646804,-2.79999999999999));
#14141=CARTESIAN_POINT('Ctrl Pts',(139.971203840457,-112.190892328257,-2.79999999999999));
#14142=CARTESIAN_POINT('Ctrl Pts',(139.921854394745,-112.222858459376,-2.79999999999999));
#14143=CARTESIAN_POINT('Origin',(140.189931052994,-112.257646710299,0.20000000000001));
#14144=CARTESIAN_POINT('',(140.189931052994,-112.257646710299,1.04481351254673E-14));
#14145=CARTESIAN_POINT('',(140.189931052994,-94.0876229319088,0.));
#14146=CARTESIAN_POINT('',(140.189931052994,-112.257646710299,-2.79999999999999));
#14147=CARTESIAN_POINT('',(140.189931052994,-112.257646710299,0.20000000000001));
#14148=CARTESIAN_POINT('',(140.189931052994,-112.257646710299,-2.79999999999999));
#14149=CARTESIAN_POINT('Origin',(140.52553858168,-112.257646710299,0.20000000000001));
#14150=CARTESIAN_POINT('',(140.52553858168,-112.257646710299,1.02195038145006E-14));
#14151=CARTESIAN_POINT('',(135.579340526497,-112.257646710299,0.));
#14152=CARTESIAN_POINT('',(140.52553858168,-112.257646710299,-2.79999999999999));
#14153=CARTESIAN_POINT('',(140.52553858168,-112.257646710299,0.20000000000001));
#14154=CARTESIAN_POINT('',(140.52553858168,-112.257646710299,-2.79999999999999));
#14155=CARTESIAN_POINT('Origin',(140.52553858168,-109.251507908724,0.200000000000009));
#14156=CARTESIAN_POINT('',(140.52553858168,-109.251507908724,8.76686562404507E-15));
#14157=CARTESIAN_POINT('',(140.52553858168,-94.2288233551494,0.));
#14158=CARTESIAN_POINT('',(140.52553858168,-109.251507908724,-2.79999999999999));
#14159=CARTESIAN_POINT('',(140.52553858168,-109.251507908724,0.200000000000009));
#14160=CARTESIAN_POINT('',(140.52553858168,-109.251507908724,-2.79999999999999));
#14161=CARTESIAN_POINT('Origin',(140.157189029526,-109.251507908724,0.200000000000009));
#14162=CARTESIAN_POINT('',(135.74714429084,-109.251507908724,0.));
#14163=CARTESIAN_POINT('',(140.157189029526,-109.251507908724,-2.79999999999999));
#14164=CARTESIAN_POINT('Origin',(142.440954479646,-113.509011358641,-2.79999999999999));
#14165=CARTESIAN_POINT('Ctrl Pts',(134.447775739502,-111.138274461649,0.200000000000014));
#14166=CARTESIAN_POINT('Ctrl Pts',(134.447775739502,-111.138274461649,-2.79999999999999));
#14167=CARTESIAN_POINT('Ctrl Pts',(134.450228209666,-111.270603573293,0.200000000000014));
#14168=CARTESIAN_POINT('Ctrl Pts',(134.450228209666,-111.270603573293,-2.79999999999999));
#14169=CARTESIAN_POINT('Ctrl Pts',(134.454555361941,-111.504085808765,0.200000000000014));
#14170=CARTESIAN_POINT('Ctrl Pts',(134.454555361941,-111.504085808765,-2.79999999999999));
#14171=CARTESIAN_POINT('Ctrl Pts',(134.569760737184,-111.705749262335,0.200000000000014));
#14172=CARTESIAN_POINT('Ctrl Pts',(134.569760737184,-111.705749262335,-2.79999999999999));
#14173=CARTESIAN_POINT('Ctrl Pts',(134.619671958755,-111.793117315195,0.200000000000014));
#14174=CARTESIAN_POINT('Ctrl Pts',(134.619671958755,-111.793117315195,-2.79999999999999));
#14175=CARTESIAN_POINT('',(134.447775739502,-111.138274461649,1.38190484097076E-14));
#14176=CARTESIAN_POINT('',(134.619671958755,-111.793117315195,1.40183805201565E-14));
#14177=CARTESIAN_POINT('Ctrl Pts',(134.447775739502,-111.138274461649,1.38190484097076E-14));
#14178=CARTESIAN_POINT('Ctrl Pts',(134.450228209666,-111.270603573293,1.38813222637179E-14));
#14179=CARTESIAN_POINT('Ctrl Pts',(134.454555361941,-111.504085808765,1.39911986124937E-14));
#14180=CARTESIAN_POINT('Ctrl Pts',(134.569760737184,-111.705749262335,1.40101640069191E-14));
#14181=CARTESIAN_POINT('Ctrl Pts',(134.619671958755,-111.793117315195,1.40183805201565E-14));
#14182=CARTESIAN_POINT('',(134.447775739502,-111.138274461649,-2.79999999999999));
#14183=CARTESIAN_POINT('',(134.447775739502,-111.138274461649,0.200000000000014));
#14184=CARTESIAN_POINT('',(134.619671958755,-111.793117315195,-2.79999999999999));
#14185=CARTESIAN_POINT('Ctrl Pts',(134.447775739502,-111.138274461649,-2.79999999999999));
#14186=CARTESIAN_POINT('Ctrl Pts',(134.450228209666,-111.270603573293,-2.79999999999999));
#14187=CARTESIAN_POINT('Ctrl Pts',(134.454555361941,-111.504085808765,-2.79999999999999));
#14188=CARTESIAN_POINT('Ctrl Pts',(134.569760737184,-111.705749262335,-2.79999999999999));
#14189=CARTESIAN_POINT('Ctrl Pts',(134.619671958755,-111.793117315195,-2.79999999999999));
#14190=CARTESIAN_POINT('',(134.619671958755,-111.793117315195,0.200000000000014));
#14191=CARTESIAN_POINT('Ctrl Pts',(134.619671958755,-111.793117315195,0.200000000000014));
#14192=CARTESIAN_POINT('Ctrl Pts',(134.619671958755,-111.793117315195,-2.79999999999999));
#14193=CARTESIAN_POINT('Ctrl Pts',(134.679392648033,-111.853989712468,0.200000000000014));
#14194=CARTESIAN_POINT('Ctrl Pts',(134.679392648033,-111.853989712468,-2.79999999999999));
#14195=CARTESIAN_POINT('Ctrl Pts',(134.796407396779,-111.97326107987,0.200000000000014));
#14196=CARTESIAN_POINT('Ctrl Pts',(134.796407396779,-111.97326107987,-2.79999999999999));
#14197=CARTESIAN_POINT('Ctrl Pts',(134.962130594088,-111.992452092406,0.200000000000014));
#14198=CARTESIAN_POINT('Ctrl Pts',(134.962130594088,-111.992452092406,-2.79999999999999));
#14199=CARTESIAN_POINT('Ctrl Pts',(135.043273824524,-112.001848608874,0.200000000000014));
#14200=CARTESIAN_POINT('Ctrl Pts',(135.043273824524,-112.001848608874,-2.79999999999999));
#14201=CARTESIAN_POINT('',(135.043273824524,-112.001848608874,1.38306673690946E-14));
#14202=CARTESIAN_POINT('Ctrl Pts',(134.619671958755,-111.793117315195,1.40183805201565E-14));
#14203=CARTESIAN_POINT('Ctrl Pts',(134.679392648033,-111.853989712468,1.40071110321706E-14));
#14204=CARTESIAN_POINT('Ctrl Pts',(134.796407396779,-111.97326107987,1.39850299751141E-14));
#14205=CARTESIAN_POINT('Ctrl Pts',(134.962130594088,-111.992452092406,1.38814052547488E-14));
#14206=CARTESIAN_POINT('Ctrl Pts',(135.043273824524,-112.001848608874,1.38306673690946E-14));
#14207=CARTESIAN_POINT('',(135.043273824524,-112.001848608874,-2.79999999999999));
#14208=CARTESIAN_POINT('Ctrl Pts',(134.619671958755,-111.793117315195,-2.79999999999999));
#14209=CARTESIAN_POINT('Ctrl Pts',(134.679392648033,-111.853989712468,-2.79999999999999));
#14210=CARTESIAN_POINT('Ctrl Pts',(134.796407396779,-111.97326107987,-2.79999999999999));
#14211=CARTESIAN_POINT('Ctrl Pts',(134.962130594088,-111.992452092406,-2.79999999999999));
#14212=CARTESIAN_POINT('Ctrl Pts',(135.043273824524,-112.001848608874,-2.79999999999999));
#14213=CARTESIAN_POINT('',(135.043273824524,-112.001848608874,0.200000000000014));
#14214=CARTESIAN_POINT('Ctrl Pts',(135.043273824524,-112.001848608874,0.200000000000014));
#14215=CARTESIAN_POINT('Ctrl Pts',(135.043273824524,-112.001848608874,-2.79999999999999));
#14216=CARTESIAN_POINT('Ctrl Pts',(135.122248964873,-111.99294741437,0.200000000000014));
#14217=CARTESIAN_POINT('Ctrl Pts',(135.122248964873,-111.99294741437,-2.79999999999999));
#14218=CARTESIAN_POINT('Ctrl Pts',(135.282885345179,-111.974842278259,0.200000000000014));
#14219=CARTESIAN_POINT('Ctrl Pts',(135.282885345179,-111.974842278259,-2.79999999999999));
#14220=CARTESIAN_POINT('Ctrl Pts',(135.3967253412,-111.859790590116,0.200000000000014));
#14221=CARTESIAN_POINT('Ctrl Pts',(135.3967253412,-111.859790590116,-2.79999999999999));
#14222=CARTESIAN_POINT('Ctrl Pts',(135.454597133468,-111.801302821062,0.200000000000014));
#14223=CARTESIAN_POINT('Ctrl Pts',(135.454597133468,-111.801302821062,-2.79999999999999));
#14224=CARTESIAN_POINT('',(135.454597133468,-111.801302821062,1.34535464592729E-14));
#14225=CARTESIAN_POINT('Ctrl Pts',(135.043273824524,-112.001848608874,1.38306673690946E-14));
#14226=CARTESIAN_POINT('Ctrl Pts',(135.122248964873,-111.99294741437,1.37725645940026E-14));
#14227=CARTESIAN_POINT('Ctrl Pts',(135.282885345179,-111.974842278259,1.36543828555684E-14));
#14228=CARTESIAN_POINT('Ctrl Pts',(135.3967253412,-111.859790590116,1.35212340780435E-14));
#14229=CARTESIAN_POINT('Ctrl Pts',(135.454597133468,-111.801302821062,1.34535464592729E-14));
#14230=CARTESIAN_POINT('',(135.454597133468,-111.801302821062,-2.79999999999999));
#14231=CARTESIAN_POINT('Ctrl Pts',(135.043273824524,-112.001848608874,-2.79999999999999));
#14232=CARTESIAN_POINT('Ctrl Pts',(135.122248964873,-111.99294741437,-2.79999999999999));
#14233=CARTESIAN_POINT('Ctrl Pts',(135.282885345179,-111.974842278259,-2.79999999999999));
#14234=CARTESIAN_POINT('Ctrl Pts',(135.3967253412,-111.859790590116,-2.79999999999999));
#14235=CARTESIAN_POINT('Ctrl Pts',(135.454597133468,-111.801302821062,-2.79999999999999));
#14236=CARTESIAN_POINT('',(135.454597133468,-111.801302821062,0.200000000000014));
#14237=CARTESIAN_POINT('Ctrl Pts',(135.454597133468,-111.801302821062,0.200000000000014));
#14238=CARTESIAN_POINT('Ctrl Pts',(135.454597133468,-111.801302821062,-2.79999999999999));
#14239=CARTESIAN_POINT('Ctrl Pts',(135.502123629424,-111.717055534022,0.200000000000013));
#14240=CARTESIAN_POINT('Ctrl Pts',(135.502123629424,-111.717055534022,-2.79999999999999));
#14241=CARTESIAN_POINT('Ctrl Pts',(135.612156878949,-111.522006381536,0.200000000000013));
#14242=CARTESIAN_POINT('Ctrl Pts',(135.612156878949,-111.522006381536,-2.79999999999999));
#14243=CARTESIAN_POINT('Ctrl Pts',(135.616079131119,-111.296866059218,0.200000000000013));
#14244=CARTESIAN_POINT('Ctrl Pts',(135.616079131119,-111.296866059218,-2.79999999999999));
#14245=CARTESIAN_POINT('Ctrl Pts',(135.618307250809,-111.168970257662,0.200000000000013));
#14246=CARTESIAN_POINT('Ctrl Pts',(135.618307250809,-111.168970257662,-2.79999999999999));
#14247=CARTESIAN_POINT('',(135.618307250809,-111.168970257662,1.30364613604033E-14));
#14248=CARTESIAN_POINT('Ctrl Pts',(135.454597133468,-111.801302821062,1.34535464592729E-14));
#14249=CARTESIAN_POINT('Ctrl Pts',(135.502123629424,-111.717055534022,1.33804589144737E-14));
#14250=CARTESIAN_POINT('Ctrl Pts',(135.612156878949,-111.522006381536,1.32112467786412E-14));
#14251=CARTESIAN_POINT('Ctrl Pts',(135.616079131119,-111.296866059218,1.30997815689372E-14));
#14252=CARTESIAN_POINT('Ctrl Pts',(135.618307250809,-111.168970257662,1.30364613604033E-14));
#14253=CARTESIAN_POINT('',(135.618307250809,-111.168970257662,-2.79999999999999));
#14254=CARTESIAN_POINT('Ctrl Pts',(135.454597133468,-111.801302821062,-2.79999999999999));
#14255=CARTESIAN_POINT('Ctrl Pts',(135.502123629424,-111.717055534022,-2.79999999999999));
#14256=CARTESIAN_POINT('Ctrl Pts',(135.612156878949,-111.522006381536,-2.79999999999999));
#14257=CARTESIAN_POINT('Ctrl Pts',(135.616079131119,-111.296866059218,-2.79999999999999));
#14258=CARTESIAN_POINT('Ctrl Pts',(135.618307250809,-111.168970257662,-2.79999999999999));
#14259=CARTESIAN_POINT('',(135.618307250809,-111.168970257662,0.200000000000013));
#14260=CARTESIAN_POINT('Ctrl Pts',(135.563054937195,-112.16555932226,0.200000000000014));
#14261=CARTESIAN_POINT('Ctrl Pts',(135.563054937195,-112.16555932226,-2.79999999999999));
#14262=CARTESIAN_POINT('Ctrl Pts',(135.488207438231,-112.206741687058,0.200000000000014));
#14263=CARTESIAN_POINT('Ctrl Pts',(135.488207438231,-112.206741687058,-2.79999999999999));
#14264=CARTESIAN_POINT('Ctrl Pts',(135.337100433463,-112.289883326794,0.200000000000014));
#14265=CARTESIAN_POINT('Ctrl Pts',(135.337100433463,-112.289883326794,-2.79999999999999));
#14266=CARTESIAN_POINT('Ctrl Pts',(135.164944823411,-112.301099336907,0.200000000000014));
#14267=CARTESIAN_POINT('Ctrl Pts',(135.164944823411,-112.301099336907,-2.79999999999999));
#14268=CARTESIAN_POINT('Ctrl Pts',(135.078062671493,-112.306759745501,0.200000000000014));
#14269=CARTESIAN_POINT('Ctrl Pts',(135.078062671493,-112.306759745501,-2.79999999999999));
#14270=CARTESIAN_POINT('',(135.563054937195,-112.16555932226,1.3555677461024E-14));
#14271=CARTESIAN_POINT('',(135.078062671493,-112.306759745501,1.39543079577683E-14));
#14272=CARTESIAN_POINT('Ctrl Pts',(135.563054937195,-112.16555932226,1.3555677461024E-14));
#14273=CARTESIAN_POINT('Ctrl Pts',(135.488207438231,-112.206741687058,1.36265673275564E-14));
#14274=CARTESIAN_POINT('Ctrl Pts',(135.337100433463,-112.289883326794,1.37696844090123E-14));
#14275=CARTESIAN_POINT('Ctrl Pts',(135.164944823411,-112.301099336907,1.38923845884553E-14));
#14276=CARTESIAN_POINT('Ctrl Pts',(135.078062671493,-112.306759745501,1.39543079577683E-14));
#14277=CARTESIAN_POINT('',(135.563054937195,-112.16555932226,-2.79999999999999));
#14278=CARTESIAN_POINT('',(135.563054937195,-112.16555932226,0.200000000000014));
#14279=CARTESIAN_POINT('',(135.078062671493,-112.306759745501,-2.79999999999999));
#14280=CARTESIAN_POINT('Ctrl Pts',(135.563054937195,-112.16555932226,-2.79999999999999));
#14281=CARTESIAN_POINT('Ctrl Pts',(135.488207438231,-112.206741687058,-2.79999999999999));
#14282=CARTESIAN_POINT('Ctrl Pts',(135.337100433463,-112.289883326794,-2.79999999999999));
#14283=CARTESIAN_POINT('Ctrl Pts',(135.164944823411,-112.301099336907,-2.79999999999999));
#14284=CARTESIAN_POINT('Ctrl Pts',(135.078062671493,-112.306759745501,-2.79999999999999));
#14285=CARTESIAN_POINT('',(135.078062671493,-112.306759745501,0.200000000000014));
#14286=CARTESIAN_POINT('Ctrl Pts',(135.078062671493,-112.306759745501,0.200000000000014));
#14287=CARTESIAN_POINT('Ctrl Pts',(135.078062671493,-112.306759745501,-2.79999999999999));
#14288=CARTESIAN_POINT('Ctrl Pts',(135.015198212522,-112.303708984222,0.200000000000014));
#14289=CARTESIAN_POINT('Ctrl Pts',(135.015198212522,-112.303708984222,-2.79999999999999));
#14290=CARTESIAN_POINT('Ctrl Pts',(134.893178148681,-112.297787449349,0.200000000000014));
#14291=CARTESIAN_POINT('Ctrl Pts',(134.893178148681,-112.297787449349,-2.79999999999999));
#14292=CARTESIAN_POINT('Ctrl Pts',(134.782020456784,-112.247323297236,0.200000000000014));
#14293=CARTESIAN_POINT('Ctrl Pts',(134.782020456784,-112.247323297236,-2.79999999999999));
#14294=CARTESIAN_POINT('Ctrl Pts',(134.728130954574,-112.222858161352,0.200000000000014));
#14295=CARTESIAN_POINT('Ctrl Pts',(134.728130954574,-112.222858161352,-2.79999999999999));
#14296=CARTESIAN_POINT('',(134.728130954574,-112.222858161352,1.41521543112164E-14));
#14297=CARTESIAN_POINT('Ctrl Pts',(135.078062671493,-112.306759745501,1.39543079577683E-14));
#14298=CARTESIAN_POINT('Ctrl Pts',(135.015198212522,-112.303708984222,1.39956599242735E-14));
#14299=CARTESIAN_POINT('Ctrl Pts',(134.893178148681,-112.297787449349,1.40759241873289E-14));
#14300=CARTESIAN_POINT('Ctrl Pts',(134.782020456784,-112.247323297236,1.41272644383129E-14));
#14301=CARTESIAN_POINT('Ctrl Pts',(134.728130954574,-112.222858161352,1.41521543112164E-14));
#14302=CARTESIAN_POINT('',(134.728130954574,-112.222858161352,-2.79999999999999));
#14303=CARTESIAN_POINT('Ctrl Pts',(135.078062671493,-112.306759745501,-2.79999999999999));
#14304=CARTESIAN_POINT('Ctrl Pts',(135.015198212522,-112.303708984222,-2.79999999999999));
#14305=CARTESIAN_POINT('Ctrl Pts',(134.893178148681,-112.297787449349,-2.79999999999999));
#14306=CARTESIAN_POINT('Ctrl Pts',(134.782020456784,-112.247323297236,-2.79999999999999));
#14307=CARTESIAN_POINT('Ctrl Pts',(134.728130954574,-112.222858161352,-2.79999999999999));
#14308=CARTESIAN_POINT('',(134.728130954574,-112.222858161352,0.200000000000014));
#14309=CARTESIAN_POINT('Ctrl Pts',(134.728130954574,-112.222858161352,0.200000000000014));
#14310=CARTESIAN_POINT('Ctrl Pts',(134.728130954574,-112.222858161352,-2.79999999999999));
#14311=CARTESIAN_POINT('Ctrl Pts',(134.679608789173,-112.193784497336,0.200000000000014));
#14312=CARTESIAN_POINT('Ctrl Pts',(134.679608789173,-112.193784497336,-2.79999999999999));
#14313=CARTESIAN_POINT('Ctrl Pts',(134.584004444846,-112.136499984938,0.200000000000014));
#14314=CARTESIAN_POINT('Ctrl Pts',(134.584004444846,-112.136499984938,-2.79999999999999));
#14315=CARTESIAN_POINT('Ctrl Pts',(134.513293761341,-112.050392940249,0.200000000000014));
#14316=CARTESIAN_POINT('Ctrl Pts',(134.513293761341,-112.050392940249,-2.79999999999999));
#14317=CARTESIAN_POINT('Ctrl Pts',(134.478470939468,-112.007987887285,0.200000000000014));
#14318=CARTESIAN_POINT('Ctrl Pts',(134.478470939468,-112.007987887285,-2.79999999999999));
#14319=CARTESIAN_POINT('',(134.478470939468,-112.007987887285,1.42184037606868E-14));
#14320=CARTESIAN_POINT('Ctrl Pts',(134.728130954574,-112.222858161352,1.41521543112164E-14));
#14321=CARTESIAN_POINT('Ctrl Pts',(134.679608789173,-112.193784497336,1.41711607544797E-14));
#14322=CARTESIAN_POINT('Ctrl Pts',(134.584004444846,-112.136499984938,1.42086095948183E-14));
#14323=CARTESIAN_POINT('Ctrl Pts',(134.513293761341,-112.050392940249,1.42151719825772E-14));
#14324=CARTESIAN_POINT('Ctrl Pts',(134.478470939468,-112.007987887285,1.42184037606868E-14));
#14325=CARTESIAN_POINT('',(134.478470939468,-112.007987887285,-2.79999999999999));
#14326=CARTESIAN_POINT('Ctrl Pts',(134.728130954574,-112.222858161352,-2.79999999999999));
#14327=CARTESIAN_POINT('Ctrl Pts',(134.679608789173,-112.193784497336,-2.79999999999999));
#14328=CARTESIAN_POINT('Ctrl Pts',(134.584004444846,-112.136499984938,-2.79999999999999));
#14329=CARTESIAN_POINT('Ctrl Pts',(134.513293761341,-112.050392940249,-2.79999999999999));
#14330=CARTESIAN_POINT('Ctrl Pts',(134.478470939468,-112.007987887285,-2.79999999999999));
#14331=CARTESIAN_POINT('',(134.478470939468,-112.007987887285,0.200000000000014));
#14332=CARTESIAN_POINT('Origin',(134.478470939468,-112.007987887285,0.200000000000014));
#14333=CARTESIAN_POINT('',(134.478470939468,-113.084386081122,1.47385451165894E-14));
#14334=CARTESIAN_POINT('',(134.478470939468,-94.6421930405609,0.));
#14335=CARTESIAN_POINT('',(134.478470939468,-113.084386081122,-2.79999999999999));
#14336=CARTESIAN_POINT('',(134.478470939468,-112.007987887285,-2.79999999999999));
#14337=CARTESIAN_POINT('',(134.478470939468,-113.084386081122,0.200000000000015));
#14338=CARTESIAN_POINT('Origin',(134.478470939468,-113.084386081122,0.200000000000015));
#14339=CARTESIAN_POINT('',(134.112168210815,-113.084386081122,1.49880874128207E-14));
#14340=CARTESIAN_POINT('',(132.540459105408,-113.084386081122,0.));
#14341=CARTESIAN_POINT('',(134.112168210815,-113.084386081122,-2.79999999999999));
#14342=CARTESIAN_POINT('',(134.478470939468,-113.084386081122,-2.79999999999999));
#14343=CARTESIAN_POINT('',(134.112168210815,-113.084386081122,0.200000000000015));
#14344=CARTESIAN_POINT('Origin',(134.112168210815,-113.084386081122,0.200000000000015));
#14345=CARTESIAN_POINT('',(134.112168210815,-110.084386259936,1.35384157236523E-14));
#14346=CARTESIAN_POINT('',(134.112168210815,-93.1421931299678,0.));
#14347=CARTESIAN_POINT('',(134.112168210815,-110.084386259936,-2.79999999999999));
#14348=CARTESIAN_POINT('',(134.112168210815,-113.084386081122,-2.79999999999999));
#14349=CARTESIAN_POINT('',(134.112168210815,-110.084386259936,0.200000000000014));
#14350=CARTESIAN_POINT('Origin',(134.112168210815,-110.084386259936,0.200000000000014));
#14351=CARTESIAN_POINT('',(134.453915017914,-110.084386259936,1.33056020551597E-14));
#14352=CARTESIAN_POINT('',(132.711332508957,-110.084386259936,0.));
#14353=CARTESIAN_POINT('',(134.453915017914,-110.084386259936,-2.79999999999999));
#14354=CARTESIAN_POINT('',(134.112168210815,-110.084386259936,-2.79999999999999));
#14355=CARTESIAN_POINT('',(134.453915017914,-110.084386259936,0.200000000000013));
#14356=CARTESIAN_POINT('Ctrl Pts',(134.617625135254,-110.53459087076,0.200000000000013));
#14357=CARTESIAN_POINT('Ctrl Pts',(134.617625135254,-110.53459087076,-2.79999999999999));
#14358=CARTESIAN_POINT('Ctrl Pts',(134.568262792928,-110.61588249874,0.200000000000014));
#14359=CARTESIAN_POINT('Ctrl Pts',(134.568262792928,-110.61588249874,-2.79999999999999));
#14360=CARTESIAN_POINT('Ctrl Pts',(134.456294912445,-110.800275111754,0.200000000000014));
#14361=CARTESIAN_POINT('Ctrl Pts',(134.456294912445,-110.800275111754,-2.79999999999999));
#14362=CARTESIAN_POINT('Ctrl Pts',(134.450830886218,-111.017061098459,0.200000000000014));
#14363=CARTESIAN_POINT('Ctrl Pts',(134.450830886218,-111.017061098459,-2.79999999999999));
#14364=CARTESIAN_POINT('Ctrl Pts',(134.447775739502,-111.138274461649,0.200000000000014));
#14365=CARTESIAN_POINT('Ctrl Pts',(134.447775739502,-111.138274461649,-2.79999999999999));
#14366=CARTESIAN_POINT('',(134.617625135254,-110.53459087076,1.34116248176157E-14));
#14367=CARTESIAN_POINT('Ctrl Pts',(134.617625135254,-110.53459087076,1.34116248176157E-14));
#14368=CARTESIAN_POINT('Ctrl Pts',(134.568262792928,-110.61588249874,1.3484534783281E-14));
#14369=CARTESIAN_POINT('Ctrl Pts',(134.456294912445,-110.800275111754,1.3649915381293E-14));
#14370=CARTESIAN_POINT('Ctrl Pts',(134.450830886218,-111.017061098459,1.3758393902367E-14));
#14371=CARTESIAN_POINT('Ctrl Pts',(134.447775739502,-111.138274461649,1.38190484097076E-14));
#14372=CARTESIAN_POINT('',(134.617625135254,-110.53459087076,-2.79999999999999));
#14373=CARTESIAN_POINT('',(134.617625135254,-110.53459087076,0.200000000000013));
#14374=CARTESIAN_POINT('Ctrl Pts',(134.617625135254,-110.53459087076,-2.79999999999999));
#14375=CARTESIAN_POINT('Ctrl Pts',(134.568262792928,-110.61588249874,-2.79999999999999));
#14376=CARTESIAN_POINT('Ctrl Pts',(134.456294912445,-110.800275111754,-2.79999999999999));
#14377=CARTESIAN_POINT('Ctrl Pts',(134.450830886218,-111.017061098459,-2.79999999999999));
#14378=CARTESIAN_POINT('Ctrl Pts',(134.447775739502,-111.138274461649,-2.79999999999999));
#14379=CARTESIAN_POINT('Ctrl Pts',(135.02690281279,-110.338138133906,0.200000000000013));
#14380=CARTESIAN_POINT('Ctrl Pts',(135.02690281279,-110.338138133906,-2.79999999999999));
#14381=CARTESIAN_POINT('Ctrl Pts',(134.948960288585,-110.346942232999,0.200000000000013));
#14382=CARTESIAN_POINT('Ctrl Pts',(134.948960288585,-110.346942232999,-2.79999999999999));
#14383=CARTESIAN_POINT('Ctrl Pts',(134.789982962235,-110.364899723459,0.200000000000013));
#14384=CARTESIAN_POINT('Ctrl Pts',(134.789982962235,-110.364899723459,-2.79999999999999));
#14385=CARTESIAN_POINT('Ctrl Pts',(134.675817954488,-110.477298397111,0.200000000000013));
#14386=CARTESIAN_POINT('Ctrl Pts',(134.675817954488,-110.477298397111,-2.79999999999999));
#14387=CARTESIAN_POINT('Ctrl Pts',(134.617625135254,-110.53459087076,0.200000000000013));
#14388=CARTESIAN_POINT('Ctrl Pts',(134.617625135254,-110.53459087076,-2.79999999999999));
#14389=CARTESIAN_POINT('',(135.02690281279,-110.338138133906,1.30378753470783E-14));
#14390=CARTESIAN_POINT('Ctrl Pts',(135.02690281279,-110.338138133906,1.30378753470783E-14));
#14391=CARTESIAN_POINT('Ctrl Pts',(134.948960288585,-110.346942232999,1.30952277370058E-14));
#14392=CARTESIAN_POINT('Ctrl Pts',(134.789982962235,-110.364899723459,1.32122079046104E-14));
#14393=CARTESIAN_POINT('Ctrl Pts',(134.675817954488,-110.477298397111,1.33442960959693E-14));
#14394=CARTESIAN_POINT('Ctrl Pts',(134.617625135254,-110.53459087076,1.34116248176157E-14));
#14395=CARTESIAN_POINT('',(135.02690281279,-110.338138133906,-2.79999999999999));
#14396=CARTESIAN_POINT('',(135.02690281279,-110.338138133906,0.200000000000013));
#14397=CARTESIAN_POINT('Ctrl Pts',(135.02690281279,-110.338138133906,-2.79999999999999));
#14398=CARTESIAN_POINT('Ctrl Pts',(134.948960288585,-110.346942232999,-2.79999999999999));
#14399=CARTESIAN_POINT('Ctrl Pts',(134.789982962235,-110.364899723459,-2.79999999999999));
#14400=CARTESIAN_POINT('Ctrl Pts',(134.675817954488,-110.477298397111,-2.79999999999999));
#14401=CARTESIAN_POINT('Ctrl Pts',(134.617625135254,-110.53459087076,-2.79999999999999));
#14402=CARTESIAN_POINT('Ctrl Pts',(135.442318576645,-110.544822604082,0.200000000000013));
#14403=CARTESIAN_POINT('Ctrl Pts',(135.442318576645,-110.544822604082,-2.79999999999999));
#14404=CARTESIAN_POINT('Ctrl Pts',(135.382553606367,-110.48456299327,0.200000000000013));
#14405=CARTESIAN_POINT('Ctrl Pts',(135.382553606367,-110.48456299327,-2.79999999999999));
#14406=CARTESIAN_POINT('Ctrl Pts',(135.267188057685,-110.36824262981,0.200000000000013));
#14407=CARTESIAN_POINT('Ctrl Pts',(135.267188057685,-110.36824262981,-2.79999999999999));
#14408=CARTESIAN_POINT('Ctrl Pts',(135.105046938916,-110.347928537498,0.200000000000013));
#14409=CARTESIAN_POINT('Ctrl Pts',(135.105046938916,-110.347928537498,-2.79999999999999));
#14410=CARTESIAN_POINT('Ctrl Pts',(135.02690281279,-110.338138133906,0.200000000000013));
#14411=CARTESIAN_POINT('Ctrl Pts',(135.02690281279,-110.338138133906,-2.79999999999999));
#14412=CARTESIAN_POINT('',(135.442318576645,-110.544822604082,1.28547498720425E-14));
#14413=CARTESIAN_POINT('Ctrl Pts',(135.442318576645,-110.544822604082,1.28547498720425E-14));
#14414=CARTESIAN_POINT('Ctrl Pts',(135.382553606367,-110.48456299327,1.28663456372851E-14));
#14415=CARTESIAN_POINT('Ctrl Pts',(135.267188057685,-110.36824262981,1.28887291818839E-14));
#14416=CARTESIAN_POINT('Ctrl Pts',(135.105046938916,-110.347928537498,1.29893709276602E-14));
#14417=CARTESIAN_POINT('Ctrl Pts',(135.02690281279,-110.338138133906,1.30378753470783E-14));
#14418=CARTESIAN_POINT('',(135.442318576645,-110.544822604082,-2.79999999999999));
#14419=CARTESIAN_POINT('',(135.442318576645,-110.544822604082,0.200000000000013));
#14420=CARTESIAN_POINT('Ctrl Pts',(135.442318576645,-110.544822604082,-2.79999999999999));
#14421=CARTESIAN_POINT('Ctrl Pts',(135.382553606367,-110.48456299327,-2.79999999999999));
#14422=CARTESIAN_POINT('Ctrl Pts',(135.267188057685,-110.36824262981,-2.79999999999999));
#14423=CARTESIAN_POINT('Ctrl Pts',(135.105046938916,-110.347928537498,-2.79999999999999));
#14424=CARTESIAN_POINT('Ctrl Pts',(135.02690281279,-110.338138133906,-2.79999999999999));
#14425=CARTESIAN_POINT('Ctrl Pts',(135.618307250809,-111.168970257662,0.200000000000013));
#14426=CARTESIAN_POINT('Ctrl Pts',(135.618307250809,-111.168970257662,-2.79999999999999));
#14427=CARTESIAN_POINT('Ctrl Pts',(135.615046337263,-111.043910432186,0.200000000000013));
#14428=CARTESIAN_POINT('Ctrl Pts',(135.615046337263,-111.043910432186,-2.79999999999999));
#14429=CARTESIAN_POINT('Ctrl Pts',(135.609202420229,-110.819789420004,0.200000000000013));
#14430=CARTESIAN_POINT('Ctrl Pts',(135.609202420229,-110.819789420004,-2.79999999999999));
#14431=CARTESIAN_POINT('Ctrl Pts',(135.493471491763,-110.629104904233,0.200000000000013));
#14432=CARTESIAN_POINT('Ctrl Pts',(135.493471491763,-110.629104904233,-2.79999999999999));
#14433=CARTESIAN_POINT('Ctrl Pts',(135.442318576645,-110.544822604082,0.200000000000013));
#14434=CARTESIAN_POINT('Ctrl Pts',(135.442318576645,-110.544822604082,-2.79999999999999));
#14435=CARTESIAN_POINT('Ctrl Pts',(135.618307250809,-111.168970257662,1.30364613604033E-14));
#14436=CARTESIAN_POINT('Ctrl Pts',(135.615046337263,-111.043910432186,1.29782509442982E-14));
#14437=CARTESIAN_POINT('Ctrl Pts',(135.609202420229,-110.819789420004,1.28739314542568E-14));
#14438=CARTESIAN_POINT('Ctrl Pts',(135.493471491763,-110.629104904233,1.28606293725748E-14));
#14439=CARTESIAN_POINT('Ctrl Pts',(135.442318576645,-110.544822604082,1.28547498720425E-14));
#14440=CARTESIAN_POINT('Ctrl Pts',(135.618307250809,-111.168970257662,-2.79999999999999));
#14441=CARTESIAN_POINT('Ctrl Pts',(135.615046337263,-111.043910432186,-2.79999999999999));
#14442=CARTESIAN_POINT('Ctrl Pts',(135.609202420229,-110.819789420004,-2.79999999999999));
#14443=CARTESIAN_POINT('Ctrl Pts',(135.493471491763,-110.629104904233,-2.79999999999999));
#14444=CARTESIAN_POINT('Ctrl Pts',(135.442318576645,-110.544822604082,-2.79999999999999));
#14445=CARTESIAN_POINT('Ctrl Pts',(135.888430732559,-111.758329064272,0.200000000000013));
#14446=CARTESIAN_POINT('Ctrl Pts',(135.888430732559,-111.758329064272,-2.79999999999999));
#14447=CARTESIAN_POINT('Ctrl Pts',(135.848819107809,-111.841101117672,0.200000000000013));
#14448=CARTESIAN_POINT('Ctrl Pts',(135.848819107809,-111.841101117672,-2.79999999999999));
#14449=CARTESIAN_POINT('Ctrl Pts',(135.771748023084,-112.002148082563,0.200000000000013));
#14450=CARTESIAN_POINT('Ctrl Pts',(135.771748023084,-112.002148082563,-2.79999999999999));
#14451=CARTESIAN_POINT('Ctrl Pts',(135.631312102289,-112.112112472698,0.200000000000014));
#14452=CARTESIAN_POINT('Ctrl Pts',(135.631312102289,-112.112112472698,-2.79999999999999));
#14453=CARTESIAN_POINT('Ctrl Pts',(135.563054937195,-112.16555932226,0.200000000000014));
#14454=CARTESIAN_POINT('Ctrl Pts',(135.563054937195,-112.16555932226,-2.79999999999999));
#14455=CARTESIAN_POINT('',(135.888430732559,-111.758329064272,1.31372330727974E-14));
#14456=CARTESIAN_POINT('Ctrl Pts',(135.888430732559,-111.758329064272,1.31372330727974E-14));
#14457=CARTESIAN_POINT('Ctrl Pts',(135.848819107809,-111.841101117672,1.32042157723859E-14));
#14458=CARTESIAN_POINT('Ctrl Pts',(135.771748023084,-112.002148082563,1.33345418953321E-14));
#14459=CARTESIAN_POINT('Ctrl Pts',(135.631312102289,-112.112112472698,1.34833507404086E-14));
#14460=CARTESIAN_POINT('Ctrl Pts',(135.563054937195,-112.16555932226,1.3555677461024E-14));
#14461=CARTESIAN_POINT('',(135.888430732559,-111.758329064272,-2.79999999999999));
#14462=CARTESIAN_POINT('',(135.888430732559,-111.758329064272,0.200000000000013));
#14463=CARTESIAN_POINT('Ctrl Pts',(135.888430732559,-111.758329064272,-2.79999999999999));
#14464=CARTESIAN_POINT('Ctrl Pts',(135.848819107809,-111.841101117672,-2.79999999999999));
#14465=CARTESIAN_POINT('Ctrl Pts',(135.771748023084,-112.002148082563,-2.79999999999999));
#14466=CARTESIAN_POINT('Ctrl Pts',(135.631312102289,-112.112112472698,-2.79999999999999));
#14467=CARTESIAN_POINT('Ctrl Pts',(135.563054937195,-112.16555932226,-2.79999999999999));
#14468=CARTESIAN_POINT('Ctrl Pts',(135.996888536285,-111.168970257662,0.200000000000013));
#14469=CARTESIAN_POINT('Ctrl Pts',(135.996888536285,-111.168970257662,-2.79999999999999));
#14470=CARTESIAN_POINT('Ctrl Pts',(135.993010137802,-111.273279988654,0.200000000000013));
#14471=CARTESIAN_POINT('Ctrl Pts',(135.993010137802,-111.273279988654,-2.79999999999999));
#14472=CARTESIAN_POINT('Ctrl Pts',(135.985506035954,-111.475103202123,0.200000000000013));
#14473=CARTESIAN_POINT('Ctrl Pts',(135.985506035954,-111.475103202123,-2.79999999999999));
#14474=CARTESIAN_POINT('Ctrl Pts',(135.920054489435,-111.666063930996,0.200000000000013));
#14475=CARTESIAN_POINT('Ctrl Pts',(135.920054489435,-111.666063930996,-2.79999999999999));
#14476=CARTESIAN_POINT('Ctrl Pts',(135.888430732559,-111.758329064272,0.200000000000013));
#14477=CARTESIAN_POINT('Ctrl Pts',(135.888430732559,-111.758329064272,-2.79999999999999));
#14478=CARTESIAN_POINT('',(135.996888536285,-111.168970257662,1.27785543449841E-14));
#14479=CARTESIAN_POINT('Ctrl Pts',(135.996888536285,-111.168970257662,1.27785543449841E-14));
#14480=CARTESIAN_POINT('Ctrl Pts',(135.993010137802,-111.273279988654,1.28316014459389E-14));
#14481=CARTESIAN_POINT('Ctrl Pts',(135.985506035954,-111.475103202123,1.29342393936002E-14));
#14482=CARTESIAN_POINT('Ctrl Pts',(135.920054489435,-111.666063930996,1.30711047970149E-14));
#14483=CARTESIAN_POINT('Ctrl Pts',(135.888430732559,-111.758329064272,1.31372330727974E-14));
#14484=CARTESIAN_POINT('',(135.996888536285,-111.168970257662,-2.79999999999999));
#14485=CARTESIAN_POINT('',(135.996888536285,-111.168970257662,0.200000000000013));
#14486=CARTESIAN_POINT('Ctrl Pts',(135.996888536285,-111.168970257662,-2.79999999999999));
#14487=CARTESIAN_POINT('Ctrl Pts',(135.993010137802,-111.273279988654,-2.79999999999999));
#14488=CARTESIAN_POINT('Ctrl Pts',(135.985506035954,-111.475103202123,-2.79999999999999));
#14489=CARTESIAN_POINT('Ctrl Pts',(135.920054489435,-111.666063930996,-2.79999999999999));
#14490=CARTESIAN_POINT('Ctrl Pts',(135.888430732559,-111.758329064272,-2.79999999999999));
#14491=CARTESIAN_POINT('Ctrl Pts',(135.878198999237,-110.577565223597,0.200000000000013));
#14492=CARTESIAN_POINT('Ctrl Pts',(135.878198999237,-110.577565223597,-2.79999999999999));
#14493=CARTESIAN_POINT('Ctrl Pts',(135.912800284338,-110.668810578807,0.200000000000013));
#14494=CARTESIAN_POINT('Ctrl Pts',(135.912800284338,-110.668810578807,-2.79999999999999));
#14495=CARTESIAN_POINT('Ctrl Pts',(135.985012816182,-110.859238711736,0.200000000000013));
#14496=CARTESIAN_POINT('Ctrl Pts',(135.985012816182,-110.859238711736,-2.79999999999999));
#14497=CARTESIAN_POINT('Ctrl Pts',(135.992821469528,-111.062896784797,0.200000000000013));
#14498=CARTESIAN_POINT('Ctrl Pts',(135.992821469528,-111.062896784797,-2.79999999999999));
#14499=CARTESIAN_POINT('Ctrl Pts',(135.996888536285,-111.168970257662,0.200000000000013));
#14500=CARTESIAN_POINT('Ctrl Pts',(135.996888536285,-111.168970257662,-2.79999999999999));
#14501=CARTESIAN_POINT('',(135.878198999237,-110.577565223597,1.25736300634604E-14));
#14502=CARTESIAN_POINT('Ctrl Pts',(135.878198999237,-110.577565223597,1.25736300634604E-14));
#14503=CARTESIAN_POINT('Ctrl Pts',(135.912800284338,-110.668810578807,1.25941500156341E-14));
#14504=CARTESIAN_POINT('Ctrl Pts',(135.985012816182,-110.859238711736,1.26369749385201E-14));
#14505=CARTESIAN_POINT('Ctrl Pts',(135.992821469528,-111.062896784797,1.27300677802595E-14));
#14506=CARTESIAN_POINT('Ctrl Pts',(135.996888536285,-111.168970257662,1.27785543449841E-14));
#14507=CARTESIAN_POINT('',(135.878198999237,-110.577565223597,-2.79999999999999));
#14508=CARTESIAN_POINT('',(135.878198999237,-110.577565223597,0.200000000000013));
#14509=CARTESIAN_POINT('Ctrl Pts',(135.878198999237,-110.577565223597,-2.79999999999999));
#14510=CARTESIAN_POINT('Ctrl Pts',(135.912800284338,-110.668810578807,-2.79999999999999));
#14511=CARTESIAN_POINT('Ctrl Pts',(135.985012816182,-110.859238711736,-2.79999999999999));
#14512=CARTESIAN_POINT('Ctrl Pts',(135.992821469528,-111.062896784797,-2.79999999999999));
#14513=CARTESIAN_POINT('Ctrl Pts',(135.996888536285,-111.168970257662,-2.79999999999999));
#14514=CARTESIAN_POINT('Ctrl Pts',(135.540544647049,-110.178519875429,0.200000000000013));
#14515=CARTESIAN_POINT('Ctrl Pts',(135.540544647049,-110.178519875429,-2.79999999999999));
#14516=CARTESIAN_POINT('Ctrl Pts',(135.609268559268,-110.23187340367,0.200000000000013));
#14517=CARTESIAN_POINT('Ctrl Pts',(135.609268559268,-110.23187340367,-2.79999999999999));
#14518=CARTESIAN_POINT('Ctrl Pts',(135.749854321935,-110.341016585662,0.200000000000013));
#14519=CARTESIAN_POINT('Ctrl Pts',(135.749854321935,-110.341016585662,-2.79999999999999));
#14520=CARTESIAN_POINT('Ctrl Pts',(135.834785538992,-110.497551037541,0.200000000000013));
#14521=CARTESIAN_POINT('Ctrl Pts',(135.834785538992,-110.497551037541,-2.79999999999999));
#14522=CARTESIAN_POINT('Ctrl Pts',(135.878198999237,-110.577565223597,0.200000000000013));
#14523=CARTESIAN_POINT('Ctrl Pts',(135.878198999237,-110.577565223597,-2.79999999999999));
#14524=CARTESIAN_POINT('',(135.540544647049,-110.178519875429,1.26108275029314E-14));
#14525=CARTESIAN_POINT('Ctrl Pts',(135.540544647049,-110.178519875429,1.26108275029314E-14));
#14526=CARTESIAN_POINT('Ctrl Pts',(135.609268559268,-110.23187340367,1.25897913114733E-14));
#14527=CARTESIAN_POINT('Ctrl Pts',(135.749854321935,-110.341016585662,1.25467584105658E-14));
#14528=CARTESIAN_POINT('Ctrl Pts',(135.834785538992,-110.497551037541,1.25645405438044E-14));
#14529=CARTESIAN_POINT('Ctrl Pts',(135.878198999237,-110.577565223597,1.25736300634604E-14));
#14530=CARTESIAN_POINT('',(135.540544647049,-110.178519875429,-2.79999999999999));
#14531=CARTESIAN_POINT('',(135.540544647049,-110.178519875429,0.200000000000013));
#14532=CARTESIAN_POINT('Ctrl Pts',(135.540544647049,-110.178519875429,-2.79999999999999));
#14533=CARTESIAN_POINT('Ctrl Pts',(135.609268559268,-110.23187340367,-2.79999999999999));
#14534=CARTESIAN_POINT('Ctrl Pts',(135.749854321935,-110.341016585662,-2.79999999999999));
#14535=CARTESIAN_POINT('Ctrl Pts',(135.834785538992,-110.497551037541,-2.79999999999999));
#14536=CARTESIAN_POINT('Ctrl Pts',(135.878198999237,-110.577565223597,-2.79999999999999));
#14537=CARTESIAN_POINT('Ctrl Pts',(135.061691659759,-110.035273224734,0.200000000000013));
#14538=CARTESIAN_POINT('Ctrl Pts',(135.061691659759,-110.035273224734,-2.79999999999999));
#14539=CARTESIAN_POINT('Ctrl Pts',(135.14668217892,-110.041284746979,0.200000000000013));
#14540=CARTESIAN_POINT('Ctrl Pts',(135.14668217892,-110.041284746979,-2.79999999999999));
#14541=CARTESIAN_POINT('Ctrl Pts',(135.316970120105,-110.053329499227,0.200000000000013));
#14542=CARTESIAN_POINT('Ctrl Pts',(135.316970120105,-110.053329499227,-2.79999999999999));
#14543=CARTESIAN_POINT('Ctrl Pts',(135.465930316481,-110.136739641153,0.200000000000013));
#14544=CARTESIAN_POINT('Ctrl Pts',(135.465930316481,-110.136739641153,-2.79999999999999));
#14545=CARTESIAN_POINT('Ctrl Pts',(135.540544647049,-110.178519875429,0.200000000000013));
#14546=CARTESIAN_POINT('Ctrl Pts',(135.540544647049,-110.178519875429,-2.79999999999999));
#14547=CARTESIAN_POINT('',(135.061691659759,-110.035273224734,1.2867824011699E-14));
#14548=CARTESIAN_POINT('Ctrl Pts',(135.061691659759,-110.035273224734,1.2867824011699E-14));
#14549=CARTESIAN_POINT('Ctrl Pts',(135.14668217892,-110.041284746979,1.28128294670203E-14));
#14550=CARTESIAN_POINT('Ctrl Pts',(135.316970120105,-110.053329499227,1.27026417881415E-14));
#14551=CARTESIAN_POINT('Ctrl Pts',(135.465930316481,-110.136739641153,1.264146901906E-14));
#14552=CARTESIAN_POINT('Ctrl Pts',(135.540544647049,-110.178519875429,1.26108275029314E-14));
#14553=CARTESIAN_POINT('',(135.061691659759,-110.035273224734,-2.79999999999999));
#14554=CARTESIAN_POINT('',(135.061691659759,-110.035273224734,0.200000000000013));
#14555=CARTESIAN_POINT('Ctrl Pts',(135.061691659759,-110.035273224734,-2.79999999999999));
#14556=CARTESIAN_POINT('Ctrl Pts',(135.14668217892,-110.041284746979,-2.79999999999999));
#14557=CARTESIAN_POINT('Ctrl Pts',(135.316970120105,-110.053329499227,-2.79999999999999));
#14558=CARTESIAN_POINT('Ctrl Pts',(135.465930316481,-110.136739641153,-2.79999999999999));
#14559=CARTESIAN_POINT('Ctrl Pts',(135.540544647049,-110.178519875429,-2.79999999999999));
#14560=CARTESIAN_POINT('Ctrl Pts',(134.453915017914,-110.35860160055,0.200000000000013));
#14561=CARTESIAN_POINT('Ctrl Pts',(134.453915017914,-110.35860160055,-2.79999999999999));
#14562=CARTESIAN_POINT('Ctrl Pts',(134.531782889269,-110.264302312564,0.200000000000013));
#14563=CARTESIAN_POINT('Ctrl Pts',(134.531782889269,-110.264302312564,-2.79999999999999));
#14564=CARTESIAN_POINT('Ctrl Pts',(134.689627877284,-110.07314940543,0.200000000000013));
#14565=CARTESIAN_POINT('Ctrl Pts',(134.689627877284,-110.07314940543,-2.79999999999999));
#14566=CARTESIAN_POINT('Ctrl Pts',(134.936570453821,-110.048010592971,0.200000000000013));
#14567=CARTESIAN_POINT('Ctrl Pts',(134.936570453821,-110.048010592971,-2.79999999999999));
#14568=CARTESIAN_POINT('Ctrl Pts',(135.061691659759,-110.035273224734,0.200000000000013));
#14569=CARTESIAN_POINT('Ctrl Pts',(135.061691659759,-110.035273224734,-2.79999999999999));
#14570=CARTESIAN_POINT('',(134.453915017914,-110.35860160055,1.34381094657889E-14));
#14571=CARTESIAN_POINT('Ctrl Pts',(134.453915017914,-110.35860160055,1.34381094657889E-14));
#14572=CARTESIAN_POINT('Ctrl Pts',(134.531782889269,-110.264302312564,1.33394946102985E-14));
#14573=CARTESIAN_POINT('Ctrl Pts',(134.689627877284,-110.07314940543,1.31395936808295E-14));
#14574=CARTESIAN_POINT('Ctrl Pts',(134.936570453821,-110.048010592971,1.29592173405595E-14));
#14575=CARTESIAN_POINT('Ctrl Pts',(135.061691659759,-110.035273224734,1.2867824011699E-14));
#14576=CARTESIAN_POINT('',(134.453915017914,-110.35860160055,-2.79999999999999));
#14577=CARTESIAN_POINT('',(134.453915017914,-110.35860160055,0.200000000000013));
#14578=CARTESIAN_POINT('Ctrl Pts',(134.453915017914,-110.35860160055,-2.79999999999999));
#14579=CARTESIAN_POINT('Ctrl Pts',(134.531782889269,-110.264302312564,-2.79999999999999));
#14580=CARTESIAN_POINT('Ctrl Pts',(134.689627877284,-110.07314940543,-2.79999999999999));
#14581=CARTESIAN_POINT('Ctrl Pts',(134.936570453821,-110.048010592971,-2.79999999999999));
#14582=CARTESIAN_POINT('Ctrl Pts',(135.061691659759,-110.035273224734,-2.79999999999999));
#14583=CARTESIAN_POINT('Origin',(134.453915017914,-110.084386259936,0.200000000000013));
#14584=CARTESIAN_POINT('',(134.453915017914,-93.279300800275,0.));
#14585=CARTESIAN_POINT('',(134.453915017914,-110.084386259936,-2.79999999999999));
#14586=CARTESIAN_POINT('Origin',(142.440954479646,-113.509011358641,-2.79999999999999));
#14587=CARTESIAN_POINT('Origin',(130.96875,-76.2,0.));
#14588=CARTESIAN_POINT('',(171.925,-124.0625,0.));
#14589=CARTESIAN_POINT('',(166.925,-129.0625,0.));
#14590=CARTESIAN_POINT('Origin',(166.925,-124.0625,0.));
#14591=CARTESIAN_POINT('',(171.925,-28.3375,0.));
#14592=CARTESIAN_POINT('',(171.925,-23.3375,0.));
#14593=CARTESIAN_POINT('',(166.925,-23.3375,0.));
#14594=CARTESIAN_POINT('Origin',(166.925,-28.3375,0.));
#14595=CARTESIAN_POINT('',(95.0125,-23.3375,0.));
#14596=CARTESIAN_POINT('',(90.0125,-23.3375,0.));
#14597=CARTESIAN_POINT('',(90.0125,-28.3375,0.));
#14598=CARTESIAN_POINT('Origin',(95.0125,-28.3375,0.));
#14599=CARTESIAN_POINT('',(90.0125,-124.0625,0.));
#14600=CARTESIAN_POINT('',(90.0125,-129.0625,0.));
#14601=CARTESIAN_POINT('',(95.0125,-129.0625,0.));
#14602=CARTESIAN_POINT('Origin',(95.0125,-124.0625,0.));
#14603=CARTESIAN_POINT('',(171.925,-129.0625,0.));
#14604=CARTESIAN_POINT('',(92.0125,-28.3375,0.));
#14605=CARTESIAN_POINT('Origin',(95.0125,-28.3375,0.));
#14606=CARTESIAN_POINT('',(163.925,-124.0625,0.));
#14607=CARTESIAN_POINT('Origin',(166.925,-124.0625,0.));
#14608=CARTESIAN_POINT('',(163.925,-28.3375,0.));
#14609=CARTESIAN_POINT('Origin',(166.925,-28.3375,0.));
#14610=CARTESIAN_POINT('',(162.425,-119.5625,0.));
#14611=CARTESIAN_POINT('',(162.425,-32.8375,0.));
#14612=CARTESIAN_POINT('',(162.425,-32.8375,0.));
#14613=CARTESIAN_POINT('',(162.424836582075,-119.562505678914,0.));
#14614=CARTESIAN_POINT('',(162.425,-119.5625,0.));
#14615=CARTESIAN_POINT('',(162.424836582075,-32.8376477969035,0.));
#14616=CARTESIAN_POINT('',(162.424836582075,-119.562505678914,0.));
#14617=CARTESIAN_POINT('',(99.5125047265901,-32.8376477969035,0.));
#14618=CARTESIAN_POINT('',(162.424836582075,-32.8376477969035,0.));
#14619=CARTESIAN_POINT('',(99.5125,-32.8375,0.));
#14620=CARTESIAN_POINT('',(99.5125,-119.5625,0.));
#14621=CARTESIAN_POINT('',(99.5125,-32.8375,0.));
#14622=CARTESIAN_POINT('',(92.0125,-124.0625,0.));
#14623=CARTESIAN_POINT('Origin',(95.0125,-124.0625,0.));
#14624=CARTESIAN_POINT('Origin',(130.96875,-76.2,0.));
#14625=CARTESIAN_POINT('Origin',(130.96875,-76.2,0.));
#14626=CARTESIAN_POINT('Origin',(130.96875,-76.2,0.));
#14627=CARTESIAN_POINT('Origin',(166.925,-124.0625,0.));
#14628=CARTESIAN_POINT('',(166.925,-129.0625,-13.));
#14629=CARTESIAN_POINT('',(171.925,-124.0625,-13.));
#14630=CARTESIAN_POINT('Origin',(166.925,-124.0625,-13.));
#14631=CARTESIAN_POINT('',(171.925,-124.0625,0.));
#14632=CARTESIAN_POINT('',(166.925,-129.0625,0.));
#14633=CARTESIAN_POINT('Origin',(171.925,-23.3375,0.));
#14634=CARTESIAN_POINT('',(171.925,-28.3375,-13.));
#14635=CARTESIAN_POINT('',(171.925,-23.3375,-13.));
#14636=CARTESIAN_POINT('',(171.925,-28.3375,0.));
#14637=CARTESIAN_POINT('Origin',(95.0125,-28.3375,-13.));
#14638=CARTESIAN_POINT('',(95.0125,-129.0625,-13.));
#14639=CARTESIAN_POINT('',(171.925,-129.0625,-13.));
#14640=CARTESIAN_POINT('',(90.0125,-124.0625,-13.));
#14641=CARTESIAN_POINT('Origin',(95.0125,-124.0625,-13.));
#14642=CARTESIAN_POINT('',(90.0125,-28.3375,-13.));
#14643=CARTESIAN_POINT('',(90.0125,-129.0625,-13.));
#14644=CARTESIAN_POINT('',(95.0125,-23.3375,-13.));
#14645=CARTESIAN_POINT('Origin',(95.0125,-28.3375,-13.));
#14646=CARTESIAN_POINT('',(121.215,-23.3375,-13.));
#14647=CARTESIAN_POINT('',(90.0125,-23.3375,-13.));
#14648=CARTESIAN_POINT('',(121.215,-32.8375,-13.));
#14649=CARTESIAN_POINT('',(121.215,-25.8375,-13.));
#14650=CARTESIAN_POINT('',(99.5125,-32.8375,-13.));
#14651=CARTESIAN_POINT('',(99.5125,-32.8375,-13.));
#14652=CARTESIAN_POINT('',(99.5125,-119.5625,-13.));
#14653=CARTESIAN_POINT('',(99.5125,-119.5625,-13.));
#14654=CARTESIAN_POINT('',(162.425,-119.5625,-13.));
#14655=CARTESIAN_POINT('',(162.425,-119.5625,-13.));
#14656=CARTESIAN_POINT('',(162.425,-32.8375,-13.));
#14657=CARTESIAN_POINT('',(162.425,-32.8375,-13.));
#14658=CARTESIAN_POINT('',(139.715,-32.8375,-13.));
#14659=CARTESIAN_POINT('',(99.5125,-32.8375,-13.));
#14660=CARTESIAN_POINT('',(139.715,-23.3375,-13.));
#14661=CARTESIAN_POINT('',(139.715,-30.5875,-13.));
#14662=CARTESIAN_POINT('',(166.925,-23.3375,-13.));
#14663=CARTESIAN_POINT('',(90.0125,-23.3375,-13.));
#14664=CARTESIAN_POINT('Origin',(166.925,-28.3375,-13.));
#14665=CARTESIAN_POINT('',(93.3125,-28.3375,-13.));
#14666=CARTESIAN_POINT('Origin',(95.0125,-28.3375,-13.));
#14667=CARTESIAN_POINT('',(165.225,-124.0625,-13.));
#14668=CARTESIAN_POINT('Origin',(166.925,-124.0625,-13.));
#14669=CARTESIAN_POINT('',(93.3125,-124.0625,-13.));
#14670=CARTESIAN_POINT('Origin',(95.0125,-124.0625,-13.));
#14671=CARTESIAN_POINT('',(165.225,-28.3375,-13.));
#14672=CARTESIAN_POINT('Origin',(166.925,-28.3375,-13.));
#14673=CARTESIAN_POINT('Origin',(166.925,-28.3375,0.));
#14674=CARTESIAN_POINT('',(166.925,-23.3375,0.));
#14675=CARTESIAN_POINT('Origin',(90.0125,-23.3375,0.));
#14676=CARTESIAN_POINT('',(139.715,-23.3375,-5.5));
#14677=CARTESIAN_POINT('',(139.715,-23.3375,-6.5));
#14678=CARTESIAN_POINT('',(121.215,-23.3375,-5.5));
#14679=CARTESIAN_POINT('',(110.23875,-23.3375,-5.5));
#14680=CARTESIAN_POINT('',(121.215,-23.3375,-6.5));
#14681=CARTESIAN_POINT('',(95.0125,-23.3375,0.));
#14682=CARTESIAN_POINT('Origin',(95.0125,-28.3375,0.));
#14683=CARTESIAN_POINT('',(90.0125,-28.3375,0.));
#14684=CARTESIAN_POINT('Origin',(90.0125,-129.0625,0.));
#14685=CARTESIAN_POINT('',(90.0125,-124.0625,0.));
#14686=CARTESIAN_POINT('Origin',(95.0125,-124.0625,0.));
#14687=CARTESIAN_POINT('',(95.0125,-129.0625,0.));
#14688=CARTESIAN_POINT('Origin',(171.925,-129.0625,0.));
#14689=CARTESIAN_POINT('Origin',(121.215,-23.3375,-13.));
#14690=CARTESIAN_POINT('',(121.215,-32.8375,-5.5));
#14691=CARTESIAN_POINT('',(121.215,-23.3375,-5.5));
#14692=CARTESIAN_POINT('',(121.215,-32.8375,-6.5));
#14693=CARTESIAN_POINT('Origin',(139.715,-32.8375,-13.));
#14694=CARTESIAN_POINT('',(139.715,-32.8375,-5.5));
#14695=CARTESIAN_POINT('',(139.715,-32.8375,-6.5));
#14696=CARTESIAN_POINT('',(139.715,-32.8376394942279,-5.5));
#14697=CARTESIAN_POINT('Origin',(130.465,-28.0875,-5.5));
#14698=CARTESIAN_POINT('',(146.445,-32.8375,-5.5));
#14699=CARTESIAN_POINT('Origin',(162.424836582075,-32.8376477969035,0.));
#14700=CARTESIAN_POINT('',(162.424836582075,-119.5625,-3.));
#14701=CARTESIAN_POINT('',(162.424836582075,-119.5625,0.));
#14702=CARTESIAN_POINT('',(162.424836582075,-32.8376477969035,-3.));
#14703=CARTESIAN_POINT('',(162.424836582075,-119.562505678914,-3.));
#14704=CARTESIAN_POINT('',(162.424836582075,-32.8376477969035,0.));
#14705=CARTESIAN_POINT('Origin',(99.5125047265901,-32.8376477969035,0.));
#14706=CARTESIAN_POINT('',(99.5125,-32.8376477969035,-3.));
#14707=CARTESIAN_POINT('',(162.424836582075,-32.8376477969035,-3.));
#14708=CARTESIAN_POINT('',(99.5125,-32.8376477969035,0.));
#14709=CARTESIAN_POINT('Origin',(130.968670654333,-76.2000767379088,-3.));
#14710=CARTESIAN_POINT('',(99.5125047265901,-119.562505678914,-3.));
#14711=CARTESIAN_POINT('',(115.240585327166,-119.5625,-3.));
#14712=CARTESIAN_POINT('',(99.5125,-54.5187883689544,-3.));
#14713=CARTESIAN_POINT('Origin',(99.5125,-32.8375,0.));
#14714=CARTESIAN_POINT('',(99.5125,-119.5625,0.));
#14715=CARTESIAN_POINT('',(99.5125,-32.8375,0.));
#14716=CARTESIAN_POINT('Origin',(95.0125,-28.3375,0.));
#14717=CARTESIAN_POINT('',(92.0125,-28.3375,-3.1));
#14718=CARTESIAN_POINT('Origin',(95.0125,-28.3375,-3.1));
#14719=CARTESIAN_POINT('',(92.0125,-28.3375,0.));
#14720=CARTESIAN_POINT('Origin',(166.925,-28.3375,0.));
#14721=CARTESIAN_POINT('',(163.925,-28.3375,-3.1));
#14722=CARTESIAN_POINT('Origin',(166.925,-28.3375,-3.1));
#14723=CARTESIAN_POINT('',(163.925,-28.3375,0.));
#14724=CARTESIAN_POINT('Origin',(166.925,-124.0625,0.));
#14725=CARTESIAN_POINT('',(163.925,-124.0625,-3.1));
#14726=CARTESIAN_POINT('Origin',(166.925,-124.0625,-3.1));
#14727=CARTESIAN_POINT('',(163.925,-124.0625,0.));
#14728=CARTESIAN_POINT('Origin',(95.0125,-124.0625,0.));
#14729=CARTESIAN_POINT('',(92.0125,-124.0625,-3.1));
#14730=CARTESIAN_POINT('Origin',(95.0125,-124.0625,-3.1));
#14731=CARTESIAN_POINT('',(92.0125,-124.0625,0.));
#14732=CARTESIAN_POINT('Origin',(99.5125,-119.5625,0.));
#14733=CARTESIAN_POINT('',(162.425,-119.5625,0.));
#14734=CARTESIAN_POINT('Origin',(162.425,-32.8375,0.));
#14735=CARTESIAN_POINT('',(162.425,-32.8375,0.));
#14736=CARTESIAN_POINT('Origin',(162.425,-119.5625,0.));
#14737=CARTESIAN_POINT('Origin',(130.96875,-76.2,0.));
#14738=CARTESIAN_POINT('Origin',(95.0125,-124.0625,-3.1));
#14739=CARTESIAN_POINT('',(93.3125,-124.0625,-3.1));
#14740=CARTESIAN_POINT('',(93.3125,-124.0625,-3.1));
#14741=CARTESIAN_POINT('Origin',(95.0125,-124.0625,-3.1));
#14742=CARTESIAN_POINT('Origin',(95.0125,-124.0625,-3.1));
#14743=CARTESIAN_POINT('Origin',(166.925,-124.0625,-3.1));
#14744=CARTESIAN_POINT('',(165.225,-124.0625,-3.1));
#14745=CARTESIAN_POINT('',(165.225,-124.0625,-3.1));
#14746=CARTESIAN_POINT('Origin',(166.925,-124.0625,-3.1));
#14747=CARTESIAN_POINT('Origin',(166.925,-124.0625,-3.1));
#14748=CARTESIAN_POINT('Origin',(166.925,-28.3375,-3.1));
#14749=CARTESIAN_POINT('',(165.225,-28.3375,-3.1));
#14750=CARTESIAN_POINT('',(165.225,-28.3375,-3.1));
#14751=CARTESIAN_POINT('Origin',(166.925,-28.3375,-3.1));
#14752=CARTESIAN_POINT('Origin',(166.925,-28.3375,-3.1));
#14753=CARTESIAN_POINT('Origin',(95.0125,-28.3375,-3.1));
#14754=CARTESIAN_POINT('',(93.3125,-28.3375,-3.1));
#14755=CARTESIAN_POINT('',(93.3125,-28.3375,-3.1));
#14756=CARTESIAN_POINT('Origin',(95.0125,-28.3375,-3.1));
#14757=CARTESIAN_POINT('Origin',(95.0125,-28.3375,-3.1));
#14758=CARTESIAN_POINT('',(0.,0.,0.));
#14759=CARTESIAN_POINT('Origin',(-20.,20.,0.));
#14760=CARTESIAN_POINT('',(-25.,20.,1.5));
#14761=CARTESIAN_POINT('',(-20.,25.,1.5));
#14762=CARTESIAN_POINT('Origin',(-20.,20.,1.5));
#14763=CARTESIAN_POINT('',(-20.,25.,0.));
#14764=CARTESIAN_POINT('',(-20.,25.,0.));
#14765=CARTESIAN_POINT('',(-25.,20.,0.));
#14766=CARTESIAN_POINT('Origin',(-20.,20.,0.));
#14767=CARTESIAN_POINT('',(-25.,20.,0.));
#14768=CARTESIAN_POINT('Origin',(56.9,25.,0.));
#14769=CARTESIAN_POINT('',(51.9,25.,1.5));
#14770=CARTESIAN_POINT('',(-25.,25.,1.5));
#14771=CARTESIAN_POINT('',(51.9,25.,0.));
#14772=CARTESIAN_POINT('',(51.9,25.,0.));
#14773=CARTESIAN_POINT('',(-25.,25.,0.));
#14774=CARTESIAN_POINT('Origin',(15.95,-27.85,1.5));
#14775=CARTESIAN_POINT('',(-25.,-75.7,1.5));
#14776=CARTESIAN_POINT('',(-25.,-80.7,1.5));
#14777=CARTESIAN_POINT('',(-20.,-80.7,1.5));
#14778=CARTESIAN_POINT('Origin',(-20.,-75.7,1.5));
#14779=CARTESIAN_POINT('',(51.9,-80.7,1.5));
#14780=CARTESIAN_POINT('',(56.9,-80.7,1.5));
#14781=CARTESIAN_POINT('',(56.9,-75.7,1.5));
#14782=CARTESIAN_POINT('Origin',(51.9,-75.7,1.5));
#14783=CARTESIAN_POINT('',(56.9,20.,1.5));
#14784=CARTESIAN_POINT('',(56.9,25.,1.5));
#14785=CARTESIAN_POINT('Origin',(51.9,20.,1.5));
#14786=CARTESIAN_POINT('',(42.,-15.8,1.5));
#14787=CARTESIAN_POINT('',(28.,-15.8,1.5));
#14788=CARTESIAN_POINT('',(28.975,-15.8,1.5));
#14789=CARTESIAN_POINT('',(28.,-1.8,1.5));
#14790=CARTESIAN_POINT('',(28.,-21.825,1.5));
#14791=CARTESIAN_POINT('',(42.,-1.8,1.5));
#14792=CARTESIAN_POINT('',(21.975,-1.8,1.5));
#14793=CARTESIAN_POINT('',(42.,-14.825,1.5));
#14794=CARTESIAN_POINT('',(0.400000000000005,-46.9,1.5));
#14795=CARTESIAN_POINT('Origin',(-3.1,-46.9,1.5));
#14796=CARTESIAN_POINT('',(38.5,-46.9,1.5));
#14797=CARTESIAN_POINT('Origin',(35.,-46.9,1.5));
#14798=CARTESIAN_POINT('',(42.,-34.85,1.5));
#14799=CARTESIAN_POINT('',(28.,-34.85,1.5));
#14800=CARTESIAN_POINT('',(28.975,-34.85,1.5));
#14801=CARTESIAN_POINT('',(28.,-20.85,1.5));
#14802=CARTESIAN_POINT('',(28.,-31.35,1.5));
#14803=CARTESIAN_POINT('',(42.,-20.85,1.5));
#14804=CARTESIAN_POINT('',(21.975,-20.85,1.5));
#14805=CARTESIAN_POINT('',(42.,-24.35,1.5));
#14806=CARTESIAN_POINT('',(22.95,-15.8,1.5));
#14807=CARTESIAN_POINT('',(8.95000000000001,-15.8,1.5));
#14808=CARTESIAN_POINT('',(19.45,-15.8,1.5));
#14809=CARTESIAN_POINT('',(8.95000000000001,-1.8,1.5));
#14810=CARTESIAN_POINT('',(8.95,-21.825,1.5));
#14811=CARTESIAN_POINT('',(22.95,-1.8,1.5));
#14812=CARTESIAN_POINT('',(12.45,-1.8,1.5));
#14813=CARTESIAN_POINT('',(22.95,-14.825,1.5));
#14814=CARTESIAN_POINT('',(3.9,-34.85,1.5));
#14815=CARTESIAN_POINT('',(-10.1,-34.85,1.5));
#14816=CARTESIAN_POINT('',(9.92500000000001,-34.85,1.5));
#14817=CARTESIAN_POINT('',(-10.1,-20.85,1.5));
#14818=CARTESIAN_POINT('',(-10.1,-31.35,1.5));
#14819=CARTESIAN_POINT('',(3.9,-20.85,1.5));
#14820=CARTESIAN_POINT('',(2.925,-20.85,1.5));
#14821=CARTESIAN_POINT('',(3.90000000000001,-24.35,1.5));
#14822=CARTESIAN_POINT('',(27.95,-53.4,1.5));
#14823=CARTESIAN_POINT('',(3.95,-53.4,1.5));
#14824=CARTESIAN_POINT('',(21.95,-53.4,1.5));
#14825=CARTESIAN_POINT('',(3.95,-40.4,1.5));
#14826=CARTESIAN_POINT('',(3.95,-40.625,1.5));
#14827=CARTESIAN_POINT('',(27.95,-40.4,1.5));
#14828=CARTESIAN_POINT('',(9.95,-40.4,1.5));
#14829=CARTESIAN_POINT('',(27.95,-34.125,1.5));
#14830=CARTESIAN_POINT('',(22.95,-34.85,1.5));
#14831=CARTESIAN_POINT('',(8.95000000000001,-34.85,1.5));
#14832=CARTESIAN_POINT('',(19.45,-34.85,1.5));
#14833=CARTESIAN_POINT('',(8.95000000000001,-20.85,1.5));
#14834=CARTESIAN_POINT('',(8.95,-31.35,1.5));
#14835=CARTESIAN_POINT('',(22.95,-20.85,1.5));
#14836=CARTESIAN_POINT('',(12.45,-20.85,1.5));
#14837=CARTESIAN_POINT('',(22.95,-24.35,1.5));
#14838=CARTESIAN_POINT('',(3.90000000000001,-15.8,1.5));
#14839=CARTESIAN_POINT('',(-10.1,-15.8,1.5));
#14840=CARTESIAN_POINT('',(9.92500000000001,-15.8,1.5));
#14841=CARTESIAN_POINT('',(-10.1,-1.8,1.5));
#14842=CARTESIAN_POINT('',(-10.1,-21.825,1.5));
#14843=CARTESIAN_POINT('',(3.9,-1.8,1.5));
#14844=CARTESIAN_POINT('',(2.925,-1.8,1.5));
#14845=CARTESIAN_POINT('',(3.90000000000001,-14.825,1.5));
#14846=CARTESIAN_POINT('',(-18.3,-75.7,1.5));
#14847=CARTESIAN_POINT('Origin',(-20.,-75.7,1.5));
#14848=CARTESIAN_POINT('',(-18.3,20.,1.5));
#14849=CARTESIAN_POINT('Origin',(-20.,20.,1.5));
#14850=CARTESIAN_POINT('',(53.6,-75.7,1.5));
#14851=CARTESIAN_POINT('Origin',(51.9,-75.7,1.5));
#14852=CARTESIAN_POINT('',(53.6,20.,1.5));
#14853=CARTESIAN_POINT('Origin',(51.9,20.,1.5));
#14854=CARTESIAN_POINT('Origin',(51.9,-75.7,0.));
#14855=CARTESIAN_POINT('',(51.9,-80.7,0.));
#14856=CARTESIAN_POINT('',(51.9,-80.7,0.));
#14857=CARTESIAN_POINT('',(56.9,-75.7,0.));
#14858=CARTESIAN_POINT('Origin',(51.9,-75.7,0.));
#14859=CARTESIAN_POINT('',(56.9,-75.7,0.));
#14860=CARTESIAN_POINT('Origin',(56.9,-80.7,0.));
#14861=CARTESIAN_POINT('',(56.9,20.,0.));
#14862=CARTESIAN_POINT('',(56.9,25.,0.));
#14863=CARTESIAN_POINT('',(56.9,20.,0.));
#14864=CARTESIAN_POINT('Origin',(51.9,20.,0.));
#14865=CARTESIAN_POINT('Origin',(51.9,20.,0.));
#14866=CARTESIAN_POINT('Origin',(-20.,-75.7,0.));
#14867=CARTESIAN_POINT('',(-25.,-75.7,0.));
#14868=CARTESIAN_POINT('',(-25.,-75.7,0.));
#14869=CARTESIAN_POINT('',(-20.,-80.7,0.));
#14870=CARTESIAN_POINT('Origin',(-20.,-75.7,0.));
#14871=CARTESIAN_POINT('',(-20.,-80.7,0.));
#14872=CARTESIAN_POINT('Origin',(-25.,-80.7,0.));
#14873=CARTESIAN_POINT('',(56.9,-80.7,0.));
#14874=CARTESIAN_POINT('Origin',(28.,-1.8,1.5));
#14875=CARTESIAN_POINT('',(42.,-1.8,0.));
#14876=CARTESIAN_POINT('',(28.,-1.8,0.));
#14877=CARTESIAN_POINT('',(21.975,-1.8,0.));
#14878=CARTESIAN_POINT('',(42.,-1.8,1.5));
#14879=CARTESIAN_POINT('',(28.,-1.8,1.5));
#14880=CARTESIAN_POINT('Origin',(28.,-15.8,1.5));
#14881=CARTESIAN_POINT('',(28.,-15.8,0.));
#14882=CARTESIAN_POINT('',(28.,-21.825,0.));
#14883=CARTESIAN_POINT('',(28.,-15.8,1.5));
#14884=CARTESIAN_POINT('Origin',(42.,-15.8,1.5));
#14885=CARTESIAN_POINT('',(42.,-15.8,0.));
#14886=CARTESIAN_POINT('',(28.975,-15.8,0.));
#14887=CARTESIAN_POINT('',(42.,-15.8,1.5));
#14888=CARTESIAN_POINT('Origin',(42.,-1.8,1.5));
#14889=CARTESIAN_POINT('',(42.,-14.825,0.));
#14890=CARTESIAN_POINT('Origin',(-3.1,-46.9,1.5));
#14891=CARTESIAN_POINT('',(0.400000000000005,-46.9,0.));
#14892=CARTESIAN_POINT('',(0.4,-46.9,1.5));
#14893=CARTESIAN_POINT('Origin',(-3.1,-46.9,0.));
#14894=CARTESIAN_POINT('Origin',(35.,-46.9,1.5));
#14895=CARTESIAN_POINT('',(38.5,-46.9,0.));
#14896=CARTESIAN_POINT('',(38.5,-46.9,1.5));
#14897=CARTESIAN_POINT('Origin',(35.,-46.9,0.));
#14898=CARTESIAN_POINT('Origin',(28.,-20.85,1.5));
#14899=CARTESIAN_POINT('',(42.,-20.85,0.));
#14900=CARTESIAN_POINT('',(28.,-20.85,0.));
#14901=CARTESIAN_POINT('',(21.975,-20.85,0.));
#14902=CARTESIAN_POINT('',(42.,-20.85,1.5));
#14903=CARTESIAN_POINT('',(28.,-20.85,1.5));
#14904=CARTESIAN_POINT('Origin',(28.,-34.85,1.5));
#14905=CARTESIAN_POINT('',(28.,-34.85,0.));
#14906=CARTESIAN_POINT('',(28.,-31.35,0.));
#14907=CARTESIAN_POINT('',(28.,-34.85,1.5));
#14908=CARTESIAN_POINT('Origin',(42.,-34.85,1.5));
#14909=CARTESIAN_POINT('',(42.,-34.85,0.));
#14910=CARTESIAN_POINT('',(28.975,-34.85,0.));
#14911=CARTESIAN_POINT('',(42.,-34.85,1.5));
#14912=CARTESIAN_POINT('Origin',(42.,-20.85,1.5));
#14913=CARTESIAN_POINT('',(42.,-24.35,0.));
#14914=CARTESIAN_POINT('Origin',(8.95,-1.8,1.5));
#14915=CARTESIAN_POINT('',(22.95,-1.8,0.));
#14916=CARTESIAN_POINT('',(8.95000000000001,-1.8,0.));
#14917=CARTESIAN_POINT('',(12.45,-1.8,0.));
#14918=CARTESIAN_POINT('',(22.95,-1.8,1.5));
#14919=CARTESIAN_POINT('',(8.95000000000001,-1.8,1.5));
#14920=CARTESIAN_POINT('Origin',(8.95000000000001,-15.8,1.5));
#14921=CARTESIAN_POINT('',(8.95000000000001,-15.8,0.));
#14922=CARTESIAN_POINT('',(8.95,-21.825,0.));
#14923=CARTESIAN_POINT('',(8.95000000000001,-15.8,1.5));
#14924=CARTESIAN_POINT('Origin',(22.95,-15.8,1.5));
#14925=CARTESIAN_POINT('',(22.95,-15.8,0.));
#14926=CARTESIAN_POINT('',(19.45,-15.8,0.));
#14927=CARTESIAN_POINT('',(22.95,-15.8,1.5));
#14928=CARTESIAN_POINT('Origin',(22.95,-1.8,1.5));
#14929=CARTESIAN_POINT('',(22.95,-14.825,0.));
#14930=CARTESIAN_POINT('Origin',(-10.1,-20.85,1.5));
#14931=CARTESIAN_POINT('',(3.9,-20.85,0.));
#14932=CARTESIAN_POINT('',(-10.1,-20.85,0.));
#14933=CARTESIAN_POINT('',(2.925,-20.85,0.));
#14934=CARTESIAN_POINT('',(3.9,-20.85,1.5));
#14935=CARTESIAN_POINT('',(-10.1,-20.85,1.5));
#14936=CARTESIAN_POINT('Origin',(-10.1,-34.85,1.5));
#14937=CARTESIAN_POINT('',(-10.1,-34.85,0.));
#14938=CARTESIAN_POINT('',(-10.1,-31.35,0.));
#14939=CARTESIAN_POINT('',(-10.1,-34.85,1.5));
#14940=CARTESIAN_POINT('Origin',(3.90000000000001,-34.85,1.5));
#14941=CARTESIAN_POINT('',(3.9,-34.85,0.));
#14942=CARTESIAN_POINT('',(9.92500000000001,-34.85,0.));
#14943=CARTESIAN_POINT('',(3.9,-34.85,1.5));
#14944=CARTESIAN_POINT('Origin',(3.9,-20.85,1.5));
#14945=CARTESIAN_POINT('',(3.90000000000001,-24.35,0.));
#14946=CARTESIAN_POINT('Origin',(3.95,-40.4,1.5));
#14947=CARTESIAN_POINT('',(27.95,-40.4,0.));
#14948=CARTESIAN_POINT('',(3.95,-40.4,0.));
#14949=CARTESIAN_POINT('',(9.95,-40.4,0.));
#14950=CARTESIAN_POINT('',(27.95,-40.4,1.5));
#14951=CARTESIAN_POINT('',(3.95,-40.4,1.5));
#14952=CARTESIAN_POINT('Origin',(3.95,-53.4,1.5));
#14953=CARTESIAN_POINT('',(3.95,-53.4,0.));
#14954=CARTESIAN_POINT('',(3.95,-40.625,0.));
#14955=CARTESIAN_POINT('',(3.95,-53.4,1.5));
#14956=CARTESIAN_POINT('Origin',(27.95,-53.4,1.5));
#14957=CARTESIAN_POINT('',(27.95,-53.4,0.));
#14958=CARTESIAN_POINT('',(21.95,-53.4,0.));
#14959=CARTESIAN_POINT('',(27.95,-53.4,1.5));
#14960=CARTESIAN_POINT('Origin',(27.95,-40.4,1.5));
#14961=CARTESIAN_POINT('',(27.95,-34.125,0.));
#14962=CARTESIAN_POINT('Origin',(8.95,-20.85,1.5));
#14963=CARTESIAN_POINT('',(22.95,-20.85,0.));
#14964=CARTESIAN_POINT('',(8.95000000000001,-20.85,0.));
#14965=CARTESIAN_POINT('',(12.45,-20.85,0.));
#14966=CARTESIAN_POINT('',(22.95,-20.85,1.5));
#14967=CARTESIAN_POINT('',(8.95000000000001,-20.85,1.5));
#14968=CARTESIAN_POINT('Origin',(8.95000000000001,-34.85,1.5));
#14969=CARTESIAN_POINT('',(8.95000000000001,-34.85,0.));
#14970=CARTESIAN_POINT('',(8.95,-31.35,0.));
#14971=CARTESIAN_POINT('',(8.95000000000001,-34.85,1.5));
#14972=CARTESIAN_POINT('Origin',(22.95,-34.85,1.5));
#14973=CARTESIAN_POINT('',(22.95,-34.85,0.));
#14974=CARTESIAN_POINT('',(19.45,-34.85,0.));
#14975=CARTESIAN_POINT('',(22.95,-34.85,1.5));
#14976=CARTESIAN_POINT('Origin',(22.95,-20.85,1.5));
#14977=CARTESIAN_POINT('',(22.95,-24.35,0.));
#14978=CARTESIAN_POINT('Origin',(-10.1,-1.8,1.5));
#14979=CARTESIAN_POINT('',(3.9,-1.8,0.));
#14980=CARTESIAN_POINT('',(-10.1,-1.8,0.));
#14981=CARTESIAN_POINT('',(2.925,-1.8,0.));
#14982=CARTESIAN_POINT('',(3.9,-1.8,1.5));
#14983=CARTESIAN_POINT('',(-10.1,-1.8,1.5));
#14984=CARTESIAN_POINT('Origin',(-10.1,-15.8,1.5));
#14985=CARTESIAN_POINT('',(-10.1,-15.8,0.));
#14986=CARTESIAN_POINT('',(-10.1,-21.825,0.));
#14987=CARTESIAN_POINT('',(-10.1,-15.8,1.5));
#14988=CARTESIAN_POINT('Origin',(3.90000000000001,-15.8,1.5));
#14989=CARTESIAN_POINT('',(3.90000000000001,-15.8,0.));
#14990=CARTESIAN_POINT('',(9.92500000000001,-15.8,0.));
#14991=CARTESIAN_POINT('',(3.90000000000001,-15.8,1.5));
#14992=CARTESIAN_POINT('Origin',(3.9,-1.8,1.5));
#14993=CARTESIAN_POINT('',(3.90000000000001,-14.825,0.));
#14994=CARTESIAN_POINT('Origin',(-20.,-75.7,1.5));
#14995=CARTESIAN_POINT('',(-18.3,-75.7,0.));
#14996=CARTESIAN_POINT('',(-18.3,-75.7,1.5));
#14997=CARTESIAN_POINT('Origin',(-20.,-75.7,0.));
#14998=CARTESIAN_POINT('Origin',(-20.,20.,1.5));
#14999=CARTESIAN_POINT('',(-18.3,20.,0.));
#15000=CARTESIAN_POINT('',(-18.3,20.,1.5));
#15001=CARTESIAN_POINT('Origin',(-20.,20.,0.));
#15002=CARTESIAN_POINT('Origin',(51.9,-75.7,1.5));
#15003=CARTESIAN_POINT('',(53.6,-75.7,0.));
#15004=CARTESIAN_POINT('',(53.6,-75.7,1.5));
#15005=CARTESIAN_POINT('Origin',(51.9,-75.7,0.));
#15006=CARTESIAN_POINT('Origin',(51.9,20.,1.5));
#15007=CARTESIAN_POINT('',(53.6,20.,0.));
#15008=CARTESIAN_POINT('',(53.6,20.,1.5));
#15009=CARTESIAN_POINT('Origin',(51.9,20.,0.));
#15010=CARTESIAN_POINT('Origin',(-25.,25.,0.));
#15011=CARTESIAN_POINT('',(-25.,-80.7,0.));
#15012=CARTESIAN_POINT('Origin',(15.95,-27.85,0.));
#15013=CARTESIAN_POINT('',(-14.3167247573595,3.48697834515469,9.56634109542985));
#15014=CARTESIAN_POINT('',(231.978262703109,-143.067800661137,-22.6290244615439));
#15015=UNCERTAINTY_MEASURE_WITH_UNIT(LENGTH_MEASURE(0.01),#15023,
'DISTANCE_ACCURACY_VALUE',
'Maximum model space distance between geometric entities at asserted c
onnectivities');
#15016=UNCERTAINTY_MEASURE_WITH_UNIT(LENGTH_MEASURE(0.01),#15023,
'DISTANCE_ACCURACY_VALUE',
'Maximum model space distance between geometric entities at asserted c
onnectivities');
#15017=UNCERTAINTY_MEASURE_WITH_UNIT(LENGTH_MEASURE(0.01),#15023,
'DISTANCE_ACCURACY_VALUE',
'Maximum model space distance between geometric entities at asserted c
onnectivities');
#15018=UNCERTAINTY_MEASURE_WITH_UNIT(LENGTH_MEASURE(0.01),#15023,
'DISTANCE_ACCURACY_VALUE',
'Maximum model space distance between geometric entities at asserted c
onnectivities');
#15019=(
GEOMETRIC_REPRESENTATION_CONTEXT(3)
GLOBAL_UNCERTAINTY_ASSIGNED_CONTEXT((#15015))
GLOBAL_UNIT_ASSIGNED_CONTEXT((#15023,#15025,#15026))
REPRESENTATION_CONTEXT('','3D')
);
#15020=(
GEOMETRIC_REPRESENTATION_CONTEXT(3)
GLOBAL_UNCERTAINTY_ASSIGNED_CONTEXT((#15016))
GLOBAL_UNIT_ASSIGNED_CONTEXT((#15023,#15025,#15026))
REPRESENTATION_CONTEXT('','3D')
);
#15021=(
GEOMETRIC_REPRESENTATION_CONTEXT(3)
GLOBAL_UNCERTAINTY_ASSIGNED_CONTEXT((#15017))
GLOBAL_UNIT_ASSIGNED_CONTEXT((#15023,#15025,#15026))
REPRESENTATION_CONTEXT('','3D')
);
#15022=(
GEOMETRIC_REPRESENTATION_CONTEXT(3)
GLOBAL_UNCERTAINTY_ASSIGNED_CONTEXT((#15018))
GLOBAL_UNIT_ASSIGNED_CONTEXT((#15023,#15025,#15026))
REPRESENTATION_CONTEXT('','3D')
);
#15023=(
LENGTH_UNIT()
NAMED_UNIT(*)
SI_UNIT(.MILLI.,.METRE.)
);
#15024=(
LENGTH_UNIT()
NAMED_UNIT(*)
SI_UNIT($,.METRE.)
);
#15025=(
NAMED_UNIT(*)
PLANE_ANGLE_UNIT()
SI_UNIT($,.RADIAN.)
);
#15026=(
NAMED_UNIT(*)
SI_UNIT($,.STERADIAN.)
SOLID_ANGLE_UNIT()
);
#15027=SHAPE_DEFINITION_REPRESENTATION(#15030,#15035);
#15028=SHAPE_DEFINITION_REPRESENTATION(#15031,#15036);
#15029=SHAPE_DEFINITION_REPRESENTATION(#15032,#15037);
#15030=PRODUCT_DEFINITION_SHAPE('',$,#15039);
#15031=PRODUCT_DEFINITION_SHAPE('',$,#15040);
#15032=PRODUCT_DEFINITION_SHAPE('',$,#15041);
#15033=PRODUCT_DEFINITION_SHAPE($,$,#17);
#15034=PRODUCT_DEFINITION_SHAPE($,$,#18);
#15035=SHAPE_REPRESENTATION('',(#7671,#7901,#7902),#15019);
#15036=SHAPE_REPRESENTATION('',(#7672),#15020);
#15037=SHAPE_REPRESENTATION('',(#7836),#15021);
#15038=PRODUCT_DEFINITION_CONTEXT('part definition',#15049,'design');
#15039=PRODUCT_DEFINITION('2025-12-26-13-35-12-987','bottom part final',
#15042,#15038);
#15040=PRODUCT_DEFINITION('2025-12-26-19-11-53-612','case',#15043,#15038);
#15041=PRODUCT_DEFINITION('2025-12-27-11-58-08-531',
'top plate of ma shi',#15044,#15038);
#15042=PRODUCT_DEFINITION_FORMATION('',$,#15051);
#15043=PRODUCT_DEFINITION_FORMATION('',$,#15052);
#15044=PRODUCT_DEFINITION_FORMATION('',$,#15053);
#15045=PRODUCT_RELATED_PRODUCT_CATEGORY('bottom part final',
'bottom part final',(#15051));
#15046=PRODUCT_RELATED_PRODUCT_CATEGORY('case','case',(#15052));
#15047=PRODUCT_RELATED_PRODUCT_CATEGORY('top plate of ma shi',
'top plate of ma shi',(#15053));
#15048=APPLICATION_PROTOCOL_DEFINITION('international standard',
'automotive_design',2009,#15049);
#15049=APPLICATION_CONTEXT(
'Core Data for Automotive Mechanical Design Process');
#15050=PRODUCT_CONTEXT('part definition',#15049,'mechanical');
#15051=PRODUCT('2025-12-26-13-35-12-987','bottom part final',
'KiCad electronic assembly',(#15050));
#15052=PRODUCT('2025-12-26-19-11-53-612','case',$,(#15050));
#15053=PRODUCT('2025-12-27-11-58-08-531','top plate of ma shi',$,(#15050));
#15054=PRESENTATION_STYLE_ASSIGNMENT((#15056));
#15055=PRESENTATION_STYLE_ASSIGNMENT((#15057));
#15056=SURFACE_STYLE_USAGE(.BOTH.,#15058);
#15057=SURFACE_STYLE_USAGE(.BOTH.,#15059);
#15058=SURFACE_SIDE_STYLE('',(#15060));
#15059=SURFACE_SIDE_STYLE('',(#15061));
#15060=SURFACE_STYLE_FILL_AREA(#15062);
#15061=SURFACE_STYLE_FILL_AREA(#15063);
#15062=FILL_AREA_STYLE('Steel - Satin',(#15064));
#15063=FILL_AREA_STYLE('Opaque(160,160,160)',(#15065));
#15064=FILL_AREA_STYLE_COLOUR('Steel - Satin',#15066);
#15065=FILL_AREA_STYLE_COLOUR('Opaque(160,160,160)',#15067);
#15066=COLOUR_RGB('Steel - Satin',0.627450980392157,0.627450980392157,0.627450980392157);
#15067=COLOUR_RGB('Opaque(160,160,160)',0.627450980392157,0.627450980392157,
0.627450980392157);
ENDSEC;
END-ISO-10303-21;
